[2026-08-25T16:10:30.688Z] [ERROR] [HTTP-EXCEPTION] HTTP Exception [500] on PUT /workflow/state - "Internal server error"
Trace: PayloadTooLargeError: request entity too large
    at readStream (C:\Users\N BHARATH\Downloads\9_Travel-main\9_Travel-main\back-end\node_modules\raw-body\index.js:163:17)
    at getRawBody (C:\Users\N BHARATH\Downloads\9_Travel-main\9_Travel-main\back-end\node_modules\raw-body\index.js:116:12)
    at read (C:\Users\N BHARATH\Downloads\9_Travel-main\9_Travel-main\back-end\node_modules\body-parser\lib\read.js:113:3)
    at jsonParser (C:\Users\N BHARATH\Downloads\9_Travel-main\9_Travel-main\back-end\node_modules\body-parser\lib\types\json.js:88:5)
    at Layer.handleRequest (C:\Users\N BHARATH\Downloads\9_Travel-main\9_Travel-main\back-end\node_modules\router\lib\layer.js:152:17)
    at trimPrefix (C:\Users\N BHARATH\Downloads\9_Travel-main\9_Travel-main\back-end\node_modules\router\index.js:342:13)
    at C:\Users\N BHARATH\Downloads\9_Travel-main\9_Travel-main\back-end\node_modules\router\index.js:297:9
    at processParams (C:\Users\N BHARATH\Downloads\9_Travel-main\9_Travel-main\back-end\node_modules\router\index.js:582:12)
    at next (C:\Users\N BHARATH\Downloads\9_Travel-main\9_Travel-main\back-end\node_modules\router\index.js:291:5)
    at cors (C:\Users\N BHARATH\Downloads\9_Travel-main\9_Travel-main\back-end\node_modules\cors\lib\index.js:188:7)
[2026-08-25T16:51:10.031Z] [ERROR] [HTTP-EXCEPTION] HTTP Exception [404] on GET / - "Cannot GET /"
Trace: NotFoundException: Cannot GET /
    at callback (C:\Users\N BHARATH\Downloads\9_Travel-main\9_Travel-main\back-end\node_modules\@nestjs\core\router\routes-resolver.js:77:19)
    at C:\Users\N BHARATH\Downloads\9_Travel-main\9_Travel-main\back-end\node_modules\@nestjs\core\router\router-proxy.js:9:23
    at Layer.handleRequest (C:\Users\N BHARATH\Downloads\9_Travel-main\9_Travel-main\back-end\node_modules\router\lib\layer.js:152:17)
    at trimPrefix (C:\Users\N BHARATH\Downloads\9_Travel-main\9_Travel-main\back-end\node_modules\router\index.js:342:13)
    at C:\Users\N BHARATH\Downloads\9_Travel-main\9_Travel-main\back-end\node_modules\router\index.js:297:9
    at processParams (C:\Users\N BHARATH\Downloads\9_Travel-main\9_Travel-main\back-end\node_modules\router\index.js:582:12)
    at next (C:\Users\N BHARATH\Downloads\9_Travel-main\9_Travel-main\back-end\node_modules\router\index.js:291:5)
    at next (C:\Users\N BHARATH\Downloads\9_Travel-main\9_Travel-main\back-end\node_modules\router\lib\route.js:151:14)
    at LoggingMiddleware.use (C:\Users\N BHARATH\Downloads\9_Travel-main\9_Travel-main\back-end\src\common\middleware\logging.middleware.ts:27:5)
    at C:\Users\N BHARATH\Downloads\9_Travel-main\9_Travel-main\back-end\node_modules\@nestjs\core\router\router-proxy.js:9:23
[2026-08-25T16:51:10.094Z] [ERROR] [HTTP-EXCEPTION] HTTP Exception [404] on GET /favicon.ico - "Cannot GET /favicon.ico"
Trace: NotFoundException: Cannot GET /favicon.ico
    at callback (C:\Users\N BHARATH\Downloads\9_Travel-main\9_Travel-main\back-end\node_modules\@nestjs\core\router\routes-resolver.js:77:19)
    at C:\Users\N BHARATH\Downloads\9_Travel-main\9_Travel-main\back-end\node_modules\@nestjs\core\router\router-proxy.js:9:23
    at Layer.handleRequest (C:\Users\N BHARATH\Downloads\9_Travel-main\9_Travel-main\back-end\node_modules\router\lib\layer.js:152:17)
    at trimPrefix (C:\Users\N BHARATH\Downloads\9_Travel-main\9_Travel-main\back-end\node_modules\router\index.js:342:13)
    at C:\Users\N BHARATH\Downloads\9_Travel-main\9_Travel-main\back-end\node_modules\router\index.js:297:9
    at processParams (C:\Users\N BHARATH\Downloads\9_Travel-main\9_Travel-main\back-end\node_modules\router\index.js:582:12)
    at next (C:\Users\N BHARATH\Downloads\9_Travel-main\9_Travel-main\back-end\node_modules\router\index.js:291:5)
    at next (C:\Users\N BHARATH\Downloads\9_Travel-main\9_Travel-main\back-end\node_modules\router\lib\route.js:151:14)
    at LoggingMiddleware.use (C:\Users\N BHARATH\Downloads\9_Travel-main\9_Travel-main\back-end\src\common\middleware\logging.middleware.ts:27:5)
    at C:\Users\N BHARATH\Downloads\9_Travel-main\9_Travel-main\back-end\node_modules\@nestjs\core\router\router-proxy.js:9:23
[2026-08-25T17:06:34.607Z] [ERROR] [HTTP-EXCEPTION] HTTP Exception [404] on GET /index.html - "Cannot GET /index.html"
Trace: NotFoundException: Cannot GET /index.html
    at callback (C:\Users\N BHARATH\Downloads\9_Travel-main\9_Travel-main\back-end\node_modules\@nestjs\core\router\routes-resolver.js:77:19)
    at C:\Users\N BHARATH\Downloads\9_Travel-main\9_Travel-main\back-end\node_modules\@nestjs\core\router\router-proxy.js:9:23
    at Layer.handleRequest (C:\Users\N BHARATH\Downloads\9_Travel-main\9_Travel-main\back-end\node_modules\router\lib\layer.js:152:17)
    at trimPrefix (C:\Users\N BHARATH\Downloads\9_Travel-main\9_Travel-main\back-end\node_modules\router\index.js:342:13)
    at C:\Users\N BHARATH\Downloads\9_Travel-main\9_Travel-main\back-end\node_modules\router\index.js:297:9
    at processParams (C:\Users\N BHARATH\Downloads\9_Travel-main\9_Travel-main\back-end\node_modules\router\index.js:582:12)
    at next (C:\Users\N BHARATH\Downloads\9_Travel-main\9_Travel-main\back-end\node_modules\router\index.js:291:5)
    at next (C:\Users\N BHARATH\Downloads\9_Travel-main\9_Travel-main\back-end\node_modules\router\lib\route.js:151:14)
    at LoggingMiddleware.use (C:\Users\N BHARATH\Downloads\9_Travel-main\9_Travel-main\back-end\src\common\middleware\logging.middleware.ts:27:5)
    at C:\Users\N BHARATH\Downloads\9_Travel-main\9_Travel-main\back-end\node_modules\@nestjs\core\router\router-proxy.js:9:23
[2026-08-25T17:51:13.325Z] [ERROR] [HTTP-EXCEPTION] HTTP Exception [404] on GET /favicon.ico - "Cannot GET /favicon.ico"
Trace: NotFoundException: Cannot GET /favicon.ico
    at callback (C:\Users\N BHARATH\Downloads\9_Travel-main\9_Travel-main\back-end\node_modules\@nestjs\core\router\routes-resolver.js:77:19)
    at C:\Users\N BHARATH\Downloads\9_Travel-main\9_Travel-main\back-end\node_modules\@nestjs\core\router\router-proxy.js:9:23
    at Layer.handleRequest (C:\Users\N BHARATH\Downloads\9_Travel-main\9_Travel-main\back-end\node_modules\router\lib\layer.js:152:17)
    at trimPrefix (C:\Users\N BHARATH\Downloads\9_Travel-main\9_Travel-main\back-end\node_modules\router\index.js:342:13)
    at C:\Users\N BHARATH\Downloads\9_Travel-main\9_Travel-main\back-end\node_modules\router\index.js:297:9
    at processParams (C:\Users\N BHARATH\Downloads\9_Travel-main\9_Travel-main\back-end\node_modules\router\index.js:582:12)
    at next (C:\Users\N BHARATH\Downloads\9_Travel-main\9_Travel-main\back-end\node_modules\router\index.js:291:5)
    at next (C:\Users\N BHARATH\Downloads\9_Travel-main\9_Travel-main\back-end\node_modules\router\lib\route.js:151:14)
    at LoggingMiddleware.use (C:\Users\N BHARATH\Downloads\9_Travel-main\9_Travel-main\back-end\src\common\middleware\logging.middleware.ts:27:5)
    at C:\Users\N BHARATH\Downloads\9_Travel-main\9_Travel-main\back-end\node_modules\@nestjs\core\router\router-proxy.js:9:23
[2026-08-25T18:05:14.863Z] [ERROR] [HTTP-EXCEPTION] HTTP Exception [404] on GET /favicon.ico - "Cannot GET /favicon.ico"
Trace: NotFoundException: Cannot GET /favicon.ico
    at callback (C:\Users\N BHARATH\Downloads\9_Travel-main\9_Travel-main\back-end\node_modules\@nestjs\core\router\routes-resolver.js:77:19)
    at C:\Users\N BHARATH\Downloads\9_Travel-main\9_Travel-main\back-end\node_modules\@nestjs\core\router\router-proxy.js:9:23
    at Layer.handleRequest (C:\Users\N BHARATH\Downloads\9_Travel-main\9_Travel-main\back-end\node_modules\router\lib\layer.js:152:17)
    at trimPrefix (C:\Users\N BHARATH\Downloads\9_Travel-main\9_Travel-main\back-end\node_modules\router\index.js:342:13)
    at C:\Users\N BHARATH\Downloads\9_Travel-main\9_Travel-main\back-end\node_modules\router\index.js:297:9
    at processParams (C:\Users\N BHARATH\Downloads\9_Travel-main\9_Travel-main\back-end\node_modules\router\index.js:582:12)
    at next (C:\Users\N BHARATH\Downloads\9_Travel-main\9_Travel-main\back-end\node_modules\router\index.js:291:5)
    at next (C:\Users\N BHARATH\Downloads\9_Travel-main\9_Travel-main\back-end\node_modules\router\lib\route.js:151:14)
    at LoggingMiddleware.use (C:\Users\N BHARATH\Downloads\9_Travel-main\9_Travel-main\back-end\src\common\middleware\logging.middleware.ts:27:5)
    at C:\Users\N BHARATH\Downloads\9_Travel-main\9_Travel-main\back-end\node_modules\@nestjs\core\router\router-proxy.js:9:23
[2026-08-26T10:59:18.846Z] [ERROR] [HTTP-EXCEPTION] HTTP Exception [404] on GET /favicon.ico - "Cannot GET /favicon.ico"
Trace: NotFoundException: Cannot GET /favicon.ico
    at callback (C:\Users\N BHARATH\Downloads\9_Travel-main\9_Travel-main\back-end\node_modules\@nestjs\core\router\routes-resolver.js:77:19)
    at C:\Users\N BHARATH\Downloads\9_Travel-main\9_Travel-main\back-end\node_modules\@nestjs\core\router\router-proxy.js:9:23
    at Layer.handleRequest (C:\Users\N BHARATH\Downloads\9_Travel-main\9_Travel-main\back-end\node_modules\router\lib\layer.js:152:17)
    at trimPrefix (C:\Users\N BHARATH\Downloads\9_Travel-main\9_Travel-main\back-end\node_modules\router\index.js:342:13)
    at C:\Users\N BHARATH\Downloads\9_Travel-main\9_Travel-main\back-end\node_modules\router\index.js:297:9
    at processParams (C:\Users\N BHARATH\Downloads\9_Travel-main\9_Travel-main\back-end\node_modules\router\index.js:582:12)
    at next (C:\Users\N BHARATH\Downloads\9_Travel-main\9_Travel-main\back-end\node_modules\router\index.js:291:5)
    at next (C:\Users\N BHARATH\Downloads\9_Travel-main\9_Travel-main\back-end\node_modules\router\lib\route.js:151:14)
    at LoggingMiddleware.use (C:\Users\N BHARATH\Downloads\9_Travel-main\9_Travel-main\back-end\src\common\middleware\logging.middleware.ts:27:5)
    at C:\Users\N BHARATH\Downloads\9_Travel-main\9_Travel-main\back-end\node_modules\@nestjs\core\router\router-proxy.js:9:23
[2026-08-26T11:13:16.269Z] [ERROR] [HTTP-EXCEPTION] HTTP Exception [404] on GET /pages/superuser/superuser_profile.html - "Cannot GET /pages/superuser/superuser_profile.html"
Trace: NotFoundException: Cannot GET /pages/superuser/superuser_profile.html
    at callback (C:\Users\N BHARATH\Downloads\9_Travel-main\9_Travel-main\back-end\node_modules\@nestjs\core\router\routes-resolver.js:77:19)
    at C:\Users\N BHARATH\Downloads\9_Travel-main\9_Travel-main\back-end\node_modules\@nestjs\core\router\router-proxy.js:9:23
    at Layer.handleRequest (C:\Users\N BHARATH\Downloads\9_Travel-main\9_Travel-main\back-end\node_modules\router\lib\layer.js:152:17)
    at trimPrefix (C:\Users\N BHARATH\Downloads\9_Travel-main\9_Travel-main\back-end\node_modules\router\index.js:342:13)
    at C:\Users\N BHARATH\Downloads\9_Travel-main\9_Travel-main\back-end\node_modules\router\index.js:297:9
    at processParams (C:\Users\N BHARATH\Downloads\9_Travel-main\9_Travel-main\back-end\node_modules\router\index.js:582:12)
    at next (C:\Users\N BHARATH\Downloads\9_Travel-main\9_Travel-main\back-end\node_modules\router\index.js:291:5)
    at next (C:\Users\N BHARATH\Downloads\9_Travel-main\9_Travel-main\back-end\node_modules\router\lib\route.js:151:14)
    at LoggingMiddleware.use (C:\Users\N BHARATH\Downloads\9_Travel-main\9_Travel-main\back-end\src\common\middleware\logging.middleware.ts:27:5)
    at C:\Users\N BHARATH\Downloads\9_Travel-main\9_Travel-main\back-end\node_modules\@nestjs\core\router\router-proxy.js:9:23
[2026-08-26T11:13:19.844Z] [ERROR] [HTTP-EXCEPTION] HTTP Exception [404] on GET /pages/superuser/superuser_profile.html - "Cannot GET /pages/superuser/superuser_profile.html"
Trace: NotFoundException: Cannot GET /pages/superuser/superuser_profile.html
    at callback (C:\Users\N BHARATH\Downloads\9_Travel-main\9_Travel-main\back-end\node_modules\@nestjs\core\router\routes-resolver.js:77:19)
    at C:\Users\N BHARATH\Downloads\9_Travel-main\9_Travel-main\back-end\node_modules\@nestjs\core\router\router-proxy.js:9:23
    at Layer.handleRequest (C:\Users\N BHARATH\Downloads\9_Travel-main\9_Travel-main\back-end\node_modules\router\lib\layer.js:152:17)
    at trimPrefix (C:\Users\N BHARATH\Downloads\9_Travel-main\9_Travel-main\back-end\node_modules\router\index.js:342:13)
    at C:\Users\N BHARATH\Downloads\9_Travel-main\9_Travel-main\back-end\node_modules\router\index.js:297:9
    at processParams (C:\Users\N BHARATH\Downloads\9_Travel-main\9_Travel-main\back-end\node_modules\router\index.js:582:12)
    at next (C:\Users\N BHARATH\Downloads\9_Travel-main\9_Travel-main\back-end\node_modules\router\index.js:291:5)
    at next (C:\Users\N BHARATH\Downloads\9_Travel-main\9_Travel-main\back-end\node_modules\router\lib\route.js:151:14)
    at LoggingMiddleware.use (C:\Users\N BHARATH\Downloads\9_Travel-main\9_Travel-main\back-end\src\common\middleware\logging.middleware.ts:27:5)
    at C:\Users\N BHARATH\Downloads\9_Travel-main\9_Travel-main\back-end\node_modules\@nestjs\core\router\router-proxy.js:9:23
[2026-08-26T11:13:21.967Z] [ERROR] [HTTP-EXCEPTION] HTTP Exception [404] on GET /pages/superuser/superuser_profile.html - "Cannot GET /pages/superuser/superuser_profile.html"
Trace: NotFoundException: Cannot GET /pages/superuser/superuser_profile.html
    at callback (C:\Users\N BHARATH\Downloads\9_Travel-main\9_Travel-main\back-end\node_modules\@nestjs\core\router\routes-resolver.js:77:19)
    at C:\Users\N BHARATH\Downloads\9_Travel-main\9_Travel-main\back-end\node_modules\@nestjs\core\router\router-proxy.js:9:23
    at Layer.handleRequest (C:\Users\N BHARATH\Downloads\9_Travel-main\9_Travel-main\back-end\node_modules\router\lib\layer.js:152:17)
    at trimPrefix (C:\Users\N BHARATH\Downloads\9_Travel-main\9_Travel-main\back-end\node_modules\router\index.js:342:13)
    at C:\Users\N BHARATH\Downloads\9_Travel-main\9_Travel-main\back-end\node_modules\router\index.js:297:9
    at processParams (C:\Users\N BHARATH\Downloads\9_Travel-main\9_Travel-main\back-end\node_modules\router\index.js:582:12)
    at next (C:\Users\N BHARATH\Downloads\9_Travel-main\9_Travel-main\back-end\node_modules\router\index.js:291:5)
    at next (C:\Users\N BHARATH\Downloads\9_Travel-main\9_Travel-main\back-end\node_modules\router\lib\route.js:151:14)
    at LoggingMiddleware.use (C:\Users\N BHARATH\Downloads\9_Travel-main\9_Travel-main\back-end\src\common\middleware\logging.middleware.ts:27:5)
    at C:\Users\N BHARATH\Downloads\9_Travel-main\9_Travel-main\back-end\node_modules\@nestjs\core\router\router-proxy.js:9:23
[2026-08-26T11:13:26.940Z] [ERROR] [HTTP-EXCEPTION] HTTP Exception [404] on GET /pages/superuser/superuser_profile.html - "Cannot GET /pages/superuser/superuser_profile.html"
Trace: NotFoundException: Cannot GET /pages/superuser/superuser_profile.html
    at callback (C:\Users\N BHARATH\Downloads\9_Travel-main\9_Travel-main\back-end\node_modules\@nestjs\core\router\routes-resolver.js:77:19)
    at C:\Users\N BHARATH\Downloads\9_Travel-main\9_Travel-main\back-end\node_modules\@nestjs\core\router\router-proxy.js:9:23
    at Layer.handleRequest (C:\Users\N BHARATH\Downloads\9_Travel-main\9_Travel-main\back-end\node_modules\router\lib\layer.js:152:17)
    at trimPrefix (C:\Users\N BHARATH\Downloads\9_Travel-main\9_Travel-main\back-end\node_modules\router\index.js:342:13)
    at C:\Users\N BHARATH\Downloads\9_Travel-main\9_Travel-main\back-end\node_modules\router\index.js:297:9
    at processParams (C:\Users\N BHARATH\Downloads\9_Travel-main\9_Travel-main\back-end\node_modules\router\index.js:582:12)
    at next (C:\Users\N BHARATH\Downloads\9_Travel-main\9_Travel-main\back-end\node_modules\router\index.js:291:5)
    at next (C:\Users\N BHARATH\Downloads\9_Travel-main\9_Travel-main\back-end\node_modules\router\lib\route.js:151:14)
    at LoggingMiddleware.use (C:\Users\N BHARATH\Downloads\9_Travel-main\9_Travel-main\back-end\src\common\middleware\logging.middleware.ts:27:5)
    at C:\Users\N BHARATH\Downloads\9_Travel-main\9_Travel-main\back-end\node_modules\@nestjs\core\router\router-proxy.js:9:23
[2026-08-26T11:13:48.682Z] [ERROR] [HTTP-EXCEPTION] HTTP Exception [404] on GET /pages/superuser/superuser_profile.html - "Cannot GET /pages/superuser/superuser_profile.html"
Trace: NotFoundException: Cannot GET /pages/superuser/superuser_profile.html
    at callback (C:\Users\N BHARATH\Downloads\9_Travel-main\9_Travel-main\back-end\node_modules\@nestjs\core\router\routes-resolver.js:77:19)
    at C:\Users\N BHARATH\Downloads\9_Travel-main\9_Travel-main\back-end\node_modules\@nestjs\core\router\router-proxy.js:9:23
    at Layer.handleRequest (C:\Users\N BHARATH\Downloads\9_Travel-main\9_Travel-main\back-end\node_modules\router\lib\layer.js:152:17)
    at trimPrefix (C:\Users\N BHARATH\Downloads\9_Travel-main\9_Travel-main\back-end\node_modules\router\index.js:342:13)
    at C:\Users\N BHARATH\Downloads\9_Travel-main\9_Travel-main\back-end\node_modules\router\index.js:297:9
    at processParams (C:\Users\N BHARATH\Downloads\9_Travel-main\9_Travel-main\back-end\node_modules\router\index.js:582:12)
    at next (C:\Users\N BHARATH\Downloads\9_Travel-main\9_Travel-main\back-end\node_modules\router\index.js:291:5)
    at next (C:\Users\N BHARATH\Downloads\9_Travel-main\9_Travel-main\back-end\node_modules\router\lib\route.js:151:14)
    at LoggingMiddleware.use (C:\Users\N BHARATH\Downloads\9_Travel-main\9_Travel-main\back-end\src\common\middleware\logging.middleware.ts:27:5)
    at C:\Users\N BHARATH\Downloads\9_Travel-main\9_Travel-main\back-end\node_modules\@nestjs\core\router\router-proxy.js:9:23
[2026-08-26T11:35:45.409Z] [ERROR] [HTTP-EXCEPTION] HTTP Exception [404] on GET /pages/superuser/superuser_profile.html - "Cannot GET /pages/superuser/superuser_profile.html"
Trace: NotFoundException: Cannot GET /pages/superuser/superuser_profile.html
    at callback (C:\Users\N BHARATH\Downloads\9_Travel-main\9_Travel-main\back-end\node_modules\@nestjs\core\router\routes-resolver.js:77:19)
    at C:\Users\N BHARATH\Downloads\9_Travel-main\9_Travel-main\back-end\node_modules\@nestjs\core\router\router-proxy.js:9:23
    at Layer.handleRequest (C:\Users\N BHARATH\Downloads\9_Travel-main\9_Travel-main\back-end\node_modules\router\lib\layer.js:152:17)
    at trimPrefix (C:\Users\N BHARATH\Downloads\9_Travel-main\9_Travel-main\back-end\node_modules\router\index.js:342:13)
    at C:\Users\N BHARATH\Downloads\9_Travel-main\9_Travel-main\back-end\node_modules\router\index.js:297:9
    at processParams (C:\Users\N BHARATH\Downloads\9_Travel-main\9_Travel-main\back-end\node_modules\router\index.js:582:12)
    at next (C:\Users\N BHARATH\Downloads\9_Travel-main\9_Travel-main\back-end\node_modules\router\index.js:291:5)
    at next (C:\Users\N BHARATH\Downloads\9_Travel-main\9_Travel-main\back-end\node_modules\router\lib\route.js:151:14)
    at LoggingMiddleware.use (C:\Users\N BHARATH\Downloads\9_Travel-main\9_Travel-main\back-end\src\common\middleware\logging.middleware.ts:27:5)
    at C:\Users\N BHARATH\Downloads\9_Travel-main\9_Travel-main\back-end\node_modules\@nestjs\core\router\router-proxy.js:9:23
[2026-08-26T17:51:52.323Z] [ERROR] [HTTP-EXCEPTION] HTTP Exception [401] on POST /auth/login - "Invalid email or password."
Trace: UnauthorizedException: Invalid email or password.
    at AuthService.login (C:\Users\N BHARATH\Downloads\9_Travel-main\9_Travel-main\back-end\src\auth\auth.service.ts:41:13)
    at AuthController.login (C:\Users\N BHARATH\Downloads\9_Travel-main\9_Travel-main\back-end\src\auth\auth.controller.ts:28:45)
    at C:\Users\N BHARATH\Downloads\9_Travel-main\9_Travel-main\back-end\node_modules\@nestjs\core\router\router-execution-context.js:38:29
    at process.processTicksAndRejections (node:internal/process/task_queues:104:5)
    at async C:\Users\N BHARATH\Downloads\9_Travel-main\9_Travel-main\back-end\node_modules\@nestjs\core\router\router-execution-context.js:46:28
    at async C:\Users\N BHARATH\Downloads\9_Travel-main\9_Travel-main\back-end\node_modules\@nestjs\core\router\router-proxy.js:9:17
[2026-08-26T17:52:22.369Z] [ERROR] [HTTP-EXCEPTION] HTTP Exception [401] on POST /auth/login - "Invalid email or password."
Trace: UnauthorizedException: Invalid email or password.
    at AuthService.login (C:\Users\N BHARATH\Downloads\9_Travel-main\9_Travel-main\back-end\src\auth\auth.service.ts:41:13)
    at AuthController.login (C:\Users\N BHARATH\Downloads\9_Travel-main\9_Travel-main\back-end\src\auth\auth.controller.ts:28:45)
    at C:\Users\N BHARATH\Downloads\9_Travel-main\9_Travel-main\back-end\node_modules\@nestjs\core\router\router-execution-context.js:38:29
    at process.processTicksAndRejections (node:internal/process/task_queues:104:5)
    at async C:\Users\N BHARATH\Downloads\9_Travel-main\9_Travel-main\back-end\node_modules\@nestjs\core\router\router-execution-context.js:46:28
    at async C:\Users\N BHARATH\Downloads\9_Travel-main\9_Travel-main\back-end\node_modules\@nestjs\core\router\router-proxy.js:9:17
[2026-08-26T19:08:26.885Z] [ERROR] [HTTP-EXCEPTION] HTTP Exception [404] on GET /favicon.ico - "Cannot GET /favicon.ico"
Trace: NotFoundException: Cannot GET /favicon.ico
    at callback (C:\Users\N BHARATH\Downloads\9_Travel-main\9_Travel-main\back-end\node_modules\@nestjs\core\router\routes-resolver.js:77:19)
    at C:\Users\N BHARATH\Downloads\9_Travel-main\9_Travel-main\back-end\node_modules\@nestjs\core\router\router-proxy.js:9:23
    at Layer.handleRequest (C:\Users\N BHARATH\Downloads\9_Travel-main\9_Travel-main\back-end\node_modules\router\lib\layer.js:152:17)
    at trimPrefix (C:\Users\N BHARATH\Downloads\9_Travel-main\9_Travel-main\back-end\node_modules\router\index.js:342:13)
    at C:\Users\N BHARATH\Downloads\9_Travel-main\9_Travel-main\back-end\node_modules\router\index.js:297:9
    at processParams (C:\Users\N BHARATH\Downloads\9_Travel-main\9_Travel-main\back-end\node_modules\router\index.js:582:12)
    at next (C:\Users\N BHARATH\Downloads\9_Travel-main\9_Travel-main\back-end\node_modules\router\index.js:291:5)
    at next (C:\Users\N BHARATH\Downloads\9_Travel-main\9_Travel-main\back-end\node_modules\router\lib\route.js:151:14)
    at LoggingMiddleware.use (C:\Users\N BHARATH\Downloads\9_Travel-main\9_Travel-main\back-end\src\common\middleware\logging.middleware.ts:27:5)
    at C:\Users\N BHARATH\Downloads\9_Travel-main\9_Travel-main\back-end\node_modules\@nestjs\core\router\router-proxy.js:9:23
[2026-08-26T19:40:08.529Z] [ERROR] [HTTP-EXCEPTION] HTTP Exception [403] on GET /workflow/state - "The active session user was not found."
Trace: ForbiddenException: The active session user was not found.
    at RolesGuard.canActivate (C:\Users\N BHARATH\Downloads\9_Travel-main\9_Travel-main\back-end\src\common\roles.guard.ts:39:17)
    at GuardsConsumer.tryActivate (C:\Users\N BHARATH\Downloads\9_Travel-main\9_Travel-main\back-end\node_modules\@nestjs\core\guards\guards-consumer.js:15:34)
    at canActivateFn (C:\Users\N BHARATH\Downloads\9_Travel-main\9_Travel-main\back-end\node_modules\@nestjs\core\router\router-execution-context.js:135:59)
    at C:\Users\N BHARATH\Downloads\9_Travel-main\9_Travel-main\back-end\node_modules\@nestjs\core\router\router-execution-context.js:42:37
    at C:\Users\N BHARATH\Downloads\9_Travel-main\9_Travel-main\back-end\node_modules\@nestjs\core\router\router-proxy.js:9:23
    at Layer.handleRequest (C:\Users\N BHARATH\Downloads\9_Travel-main\9_Travel-main\back-end\node_modules\router\lib\layer.js:152:17)
    at next (C:\Users\N BHARATH\Downloads\9_Travel-main\9_Travel-main\back-end\node_modules\router\lib\route.js:157:13)
    at Route.dispatch (C:\Users\N BHARATH\Downloads\9_Travel-main\9_Travel-main\back-end\node_modules\router\lib\route.js:117:3)
    at handle (C:\Users\N BHARATH\Downloads\9_Travel-main\9_Travel-main\back-end\node_modules\router\index.js:435:11)
    at Layer.handleRequest (C:\Users\N BHARATH\Downloads\9_Travel-main\9_Travel-main\back-end\node_modules\router\lib\layer.js:152:17)
[2026-08-26T19:40:43.924Z] [ERROR] [HTTP-EXCEPTION] HTTP Exception [403] on GET /workflow/state - "The active session user was not found."
Trace: ForbiddenException: The active session user was not found.
    at RolesGuard.canActivate (C:\Users\N BHARATH\Downloads\9_Travel-main\9_Travel-main\back-end\src\common\roles.guard.ts:39:17)
    at GuardsConsumer.tryActivate (C:\Users\N BHARATH\Downloads\9_Travel-main\9_Travel-main\back-end\node_modules\@nestjs\core\guards\guards-consumer.js:15:34)
    at canActivateFn (C:\Users\N BHARATH\Downloads\9_Travel-main\9_Travel-main\back-end\node_modules\@nestjs\core\router\router-execution-context.js:135:59)
    at C:\Users\N BHARATH\Downloads\9_Travel-main\9_Travel-main\back-end\node_modules\@nestjs\core\router\router-execution-context.js:42:37
    at C:\Users\N BHARATH\Downloads\9_Travel-main\9_Travel-main\back-end\node_modules\@nestjs\core\router\router-proxy.js:9:23
    at Layer.handleRequest (C:\Users\N BHARATH\Downloads\9_Travel-main\9_Travel-main\back-end\node_modules\router\lib\layer.js:152:17)
    at next (C:\Users\N BHARATH\Downloads\9_Travel-main\9_Travel-main\back-end\node_modules\router\lib\route.js:157:13)
    at Route.dispatch (C:\Users\N BHARATH\Downloads\9_Travel-main\9_Travel-main\back-end\node_modules\router\lib\route.js:117:3)
    at handle (C:\Users\N BHARATH\Downloads\9_Travel-main\9_Travel-main\back-end\node_modules\router\index.js:435:11)
    at Layer.handleRequest (C:\Users\N BHARATH\Downloads\9_Travel-main\9_Travel-main\back-end\node_modules\router\lib\layer.js:152:17)
[2026-08-26T19:41:05.024Z] [ERROR] [HTTP-EXCEPTION] HTTP Exception [403] on GET /workflow/state - "The active session user was not found."
Trace: ForbiddenException: The active session user was not found.
    at RolesGuard.canActivate (C:\Users\N BHARATH\Downloads\9_Travel-main\9_Travel-main\back-end\src\common\roles.guard.ts:39:17)
    at GuardsConsumer.tryActivate (C:\Users\N BHARATH\Downloads\9_Travel-main\9_Travel-main\back-end\node_modules\@nestjs\core\guards\guards-consumer.js:15:34)
    at canActivateFn (C:\Users\N BHARATH\Downloads\9_Travel-main\9_Travel-main\back-end\node_modules\@nestjs\core\router\router-execution-context.js:135:59)
    at C:\Users\N BHARATH\Downloads\9_Travel-main\9_Travel-main\back-end\node_modules\@nestjs\core\router\router-execution-context.js:42:37
    at C:\Users\N BHARATH\Downloads\9_Travel-main\9_Travel-main\back-end\node_modules\@nestjs\core\router\router-proxy.js:9:23
    at Layer.handleRequest (C:\Users\N BHARATH\Downloads\9_Travel-main\9_Travel-main\back-end\node_modules\router\lib\layer.js:152:17)
    at next (C:\Users\N BHARATH\Downloads\9_Travel-main\9_Travel-main\back-end\node_modules\router\lib\route.js:157:13)
    at Route.dispatch (C:\Users\N BHARATH\Downloads\9_Travel-main\9_Travel-main\back-end\node_modules\router\lib\route.js:117:3)
    at handle (C:\Users\N BHARATH\Downloads\9_Travel-main\9_Travel-main\back-end\node_modules\router\index.js:435:11)
    at Layer.handleRequest (C:\Users\N BHARATH\Downloads\9_Travel-main\9_Travel-main\back-end\node_modules\router\lib\layer.js:152:17)
[2026-08-26T19:41:19.788Z] [ERROR] [HTTP-EXCEPTION] HTTP Exception [403] on GET /workflow/state - "The active session user was not found."
Trace: ForbiddenException: The active session user was not found.
    at RolesGuard.canActivate (C:\Users\N BHARATH\Downloads\9_Travel-main\9_Travel-main\back-end\src\common\roles.guard.ts:39:17)
    at GuardsConsumer.tryActivate (C:\Users\N BHARATH\Downloads\9_Travel-main\9_Travel-main\back-end\node_modules\@nestjs\core\guards\guards-consumer.js:15:34)
    at canActivateFn (C:\Users\N BHARATH\Downloads\9_Travel-main\9_Travel-main\back-end\node_modules\@nestjs\core\router\router-execution-context.js:135:59)
    at C:\Users\N BHARATH\Downloads\9_Travel-main\9_Travel-main\back-end\node_modules\@nestjs\core\router\router-execution-context.js:42:37
    at C:\Users\N BHARATH\Downloads\9_Travel-main\9_Travel-main\back-end\node_modules\@nestjs\core\router\router-proxy.js:9:23
    at Layer.handleRequest (C:\Users\N BHARATH\Downloads\9_Travel-main\9_Travel-main\back-end\node_modules\router\lib\layer.js:152:17)
    at next (C:\Users\N BHARATH\Downloads\9_Travel-main\9_Travel-main\back-end\node_modules\router\lib\route.js:157:13)
    at Route.dispatch (C:\Users\N BHARATH\Downloads\9_Travel-main\9_Travel-main\back-end\node_modules\router\lib\route.js:117:3)
    at handle (C:\Users\N BHARATH\Downloads\9_Travel-main\9_Travel-main\back-end\node_modules\router\index.js:435:11)
    at Layer.handleRequest (C:\Users\N BHARATH\Downloads\9_Travel-main\9_Travel-main\back-end\node_modules\router\lib\layer.js:152:17)
[2026-08-26T19:41:35.319Z] [ERROR] [HTTP-EXCEPTION] HTTP Exception [401] on POST /auth/login - "Invalid email or password."
Trace: UnauthorizedException: Invalid email or password.
    at AuthService.login (C:\Users\N BHARATH\Downloads\9_Travel-main\9_Travel-main\back-end\src\auth\auth.service.ts:41:13)
    at AuthController.login (C:\Users\N BHARATH\Downloads\9_Travel-main\9_Travel-main\back-end\src\auth\auth.controller.ts:28:45)
    at C:\Users\N BHARATH\Downloads\9_Travel-main\9_Travel-main\back-end\node_modules\@nestjs\core\router\router-execution-context.js:38:29
    at process.processTicksAndRejections (node:internal/process/task_queues:104:5)
    at async C:\Users\N BHARATH\Downloads\9_Travel-main\9_Travel-main\back-end\node_modules\@nestjs\core\router\router-execution-context.js:46:28
    at async C:\Users\N BHARATH\Downloads\9_Travel-main\9_Travel-main\back-end\node_modules\@nestjs\core\router\router-proxy.js:9:17
[2026-08-26T19:42:02.620Z] [ERROR] [HTTP-EXCEPTION] HTTP Exception [500] on PUT /workflow/state - "Internal server error"
Trace: PayloadTooLargeError: request entity too large
    at readStream (C:\Users\N BHARATH\Downloads\9_Travel-main\9_Travel-main\back-end\node_modules\raw-body\index.js:163:17)
    at getRawBody (C:\Users\N BHARATH\Downloads\9_Travel-main\9_Travel-main\back-end\node_modules\raw-body\index.js:116:12)
    at read (C:\Users\N BHARATH\Downloads\9_Travel-main\9_Travel-main\back-end\node_modules\body-parser\lib\read.js:113:3)
    at jsonParser (C:\Users\N BHARATH\Downloads\9_Travel-main\9_Travel-main\back-end\node_modules\body-parser\lib\types\json.js:88:5)
    at Layer.handleRequest (C:\Users\N BHARATH\Downloads\9_Travel-main\9_Travel-main\back-end\node_modules\router\lib\layer.js:152:17)
    at trimPrefix (C:\Users\N BHARATH\Downloads\9_Travel-main\9_Travel-main\back-end\node_modules\router\index.js:342:13)
    at C:\Users\N BHARATH\Downloads\9_Travel-main\9_Travel-main\back-end\node_modules\router\index.js:297:9
    at processParams (C:\Users\N BHARATH\Downloads\9_Travel-main\9_Travel-main\back-end\node_modules\router\index.js:582:12)
    at next (C:\Users\N BHARATH\Downloads\9_Travel-main\9_Travel-main\back-end\node_modules\router\index.js:291:5)
    at cors (C:\Users\N BHARATH\Downloads\9_Travel-main\9_Travel-main\back-end\node_modules\cors\lib\index.js:188:7)
[2026-08-27T05:20:43.443Z] [ERROR] [HTTP-EXCEPTION] HTTP Exception [401] on POST /auth/login - "Invalid email or password."
Trace: UnauthorizedException: Invalid email or password.
    at AuthService.login (C:\Users\N BHARATH\Downloads\9_Travel-main\9_Travel-main\back-end\src\auth\auth.service.ts:41:13)
    at AuthController.login (C:\Users\N BHARATH\Downloads\9_Travel-main\9_Travel-main\back-end\src\auth\auth.controller.ts:28:45)
    at C:\Users\N BHARATH\Downloads\9_Travel-main\9_Travel-main\back-end\node_modules\@nestjs\core\router\router-execution-context.js:38:29
    at process.processTicksAndRejections (node:internal/process/task_queues:104:5)
    at async C:\Users\N BHARATH\Downloads\9_Travel-main\9_Travel-main\back-end\node_modules\@nestjs\core\router\router-execution-context.js:46:28
    at async C:\Users\N BHARATH\Downloads\9_Travel-main\9_Travel-main\back-end\node_modules\@nestjs\core\router\router-proxy.js:9:17
[2026-08-27T05:20:46.988Z] [ERROR] [HTTP-EXCEPTION] HTTP Exception [401] on POST /auth/login - "Invalid email or password."
Trace: UnauthorizedException: Invalid email or password.
    at AuthService.login (C:\Users\N BHARATH\Downloads\9_Travel-main\9_Travel-main\back-end\src\auth\auth.service.ts:41:13)
    at AuthController.login (C:\Users\N BHARATH\Downloads\9_Travel-main\9_Travel-main\back-end\src\auth\auth.controller.ts:28:45)
    at C:\Users\N BHARATH\Downloads\9_Travel-main\9_Travel-main\back-end\node_modules\@nestjs\core\router\router-execution-context.js:38:29
    at process.processTicksAndRejections (node:internal/process/task_queues:104:5)
    at async C:\Users\N BHARATH\Downloads\9_Travel-main\9_Travel-main\back-end\node_modules\@nestjs\core\router\router-execution-context.js:46:28
    at async C:\Users\N BHARATH\Downloads\9_Travel-main\9_Travel-main\back-end\node_modules\@nestjs\core\router\router-proxy.js:9:17
[2026-08-27T05:41:51.679Z] [ERROR] [HTTP-EXCEPTION] HTTP Exception [403] on GET /workflow/state - "Missing or invalid x-role header."
Trace: ForbiddenException: Missing or invalid x-role header.
    at RolesGuard.canActivate (C:\Users\N BHARATH\Downloads\9_Travel-main\9_Travel-main\back-end\src\common\roles.guard.ts:29:13)
    at GuardsConsumer.tryActivate (C:\Users\N BHARATH\Downloads\9_Travel-main\9_Travel-main\back-end\node_modules\@nestjs\core\guards\guards-consumer.js:15:34)
    at canActivateFn (C:\Users\N BHARATH\Downloads\9_Travel-main\9_Travel-main\back-end\node_modules\@nestjs\core\router\router-execution-context.js:135:59)
    at C:\Users\N BHARATH\Downloads\9_Travel-main\9_Travel-main\back-end\node_modules\@nestjs\core\router\router-execution-context.js:42:37
    at C:\Users\N BHARATH\Downloads\9_Travel-main\9_Travel-main\back-end\node_modules\@nestjs\core\router\router-proxy.js:9:23
    at Layer.handleRequest (C:\Users\N BHARATH\Downloads\9_Travel-main\9_Travel-main\back-end\node_modules\router\lib\layer.js:152:17)
    at next (C:\Users\N BHARATH\Downloads\9_Travel-main\9_Travel-main\back-end\node_modules\router\lib\route.js:157:13)
    at Route.dispatch (C:\Users\N BHARATH\Downloads\9_Travel-main\9_Travel-main\back-end\node_modules\router\lib\route.js:117:3)
    at handle (C:\Users\N BHARATH\Downloads\9_Travel-main\9_Travel-main\back-end\node_modules\router\index.js:435:11)
    at Layer.handleRequest (C:\Users\N BHARATH\Downloads\9_Travel-main\9_Travel-main\back-end\node_modules\router\lib\layer.js:152:17)
[2026-08-27T06:27:30.345Z] [ERROR] [HTTP-EXCEPTION] HTTP Exception [404] on GET /favicon.ico - "Cannot GET /favicon.ico"
Trace: NotFoundException: Cannot GET /favicon.ico
    at callback (C:\Users\N BHARATH\Downloads\9_Travel-main\9_Travel-main\back-end\node_modules\@nestjs\core\router\routes-resolver.js:77:19)
    at C:\Users\N BHARATH\Downloads\9_Travel-main\9_Travel-main\back-end\node_modules\@nestjs\core\router\router-proxy.js:9:23
    at Layer.handleRequest (C:\Users\N BHARATH\Downloads\9_Travel-main\9_Travel-main\back-end\node_modules\router\lib\layer.js:152:17)
    at trimPrefix (C:\Users\N BHARATH\Downloads\9_Travel-main\9_Travel-main\back-end\node_modules\router\index.js:342:13)
    at C:\Users\N BHARATH\Downloads\9_Travel-main\9_Travel-main\back-end\node_modules\router\index.js:297:9
    at processParams (C:\Users\N BHARATH\Downloads\9_Travel-main\9_Travel-main\back-end\node_modules\router\index.js:582:12)
    at next (C:\Users\N BHARATH\Downloads\9_Travel-main\9_Travel-main\back-end\node_modules\router\index.js:291:5)
    at next (C:\Users\N BHARATH\Downloads\9_Travel-main\9_Travel-main\back-end\node_modules\router\lib\route.js:151:14)
    at LoggingMiddleware.use (C:\Users\N BHARATH\Downloads\9_Travel-main\9_Travel-main\back-end\src\common\middleware\logging.middleware.ts:27:5)
    at C:\Users\N BHARATH\Downloads\9_Travel-main\9_Travel-main\back-end\node_modules\@nestjs\core\router\router-proxy.js:9:23
[2026-08-27T16:49:38.427Z] [ERROR] [NestApplication] Error: listen EADDRINUSE: address already in use 0.0.0.0:3000
[2026-08-27T16:55:20.908Z] [ERROR] [NestApplication] Error: listen EADDRINUSE: address already in use 0.0.0.0:3000
[2026-08-27T16:55:40.793Z] [ERROR] [NestApplication] Error: listen EADDRINUSE: address already in use 0.0.0.0:3000
[2026-08-27T16:55:42.936Z] [ERROR] [NestApplication] Error: listen EADDRINUSE: address already in use 0.0.0.0:3000
[2026-08-27T16:57:00.563Z] [ERROR] [HTTP-EXCEPTION] HTTP Exception [401] on GET /trips - "Missing or invalid x-role header. Authentication required."
Trace: UnauthorizedException: Missing or invalid x-role header. Authentication required.
    at RolesGuard.canActivate (C:\Users\N BHARATH\Downloads\9_Travel-main\9_Travel-main\back-end\src\common\roles.guard.ts:30:13)
    at GuardsConsumer.tryActivate (C:\Users\N BHARATH\Downloads\9_Travel-main\9_Travel-main\back-end\node_modules\@nestjs\core\guards\guards-consumer.js:15:34)
    at canActivateFn (C:\Users\N BHARATH\Downloads\9_Travel-main\9_Travel-main\back-end\node_modules\@nestjs\core\router\router-execution-context.js:135:59)
    at C:\Users\N BHARATH\Downloads\9_Travel-main\9_Travel-main\back-end\node_modules\@nestjs\core\router\router-execution-context.js:42:37
    at C:\Users\N BHARATH\Downloads\9_Travel-main\9_Travel-main\back-end\node_modules\@nestjs\core\router\router-proxy.js:9:23
    at Layer.handleRequest (C:\Users\N BHARATH\Downloads\9_Travel-main\9_Travel-main\back-end\node_modules\router\lib\layer.js:152:17)
    at next (C:\Users\N BHARATH\Downloads\9_Travel-main\9_Travel-main\back-end\node_modules\router\lib\route.js:157:13)
    at Route.dispatch (C:\Users\N BHARATH\Downloads\9_Travel-main\9_Travel-main\back-end\node_modules\router\lib\route.js:117:3)
    at handle (C:\Users\N BHARATH\Downloads\9_Travel-main\9_Travel-main\back-end\node_modules\router\index.js:435:11)
    at Layer.handleRequest (C:\Users\N BHARATH\Downloads\9_Travel-main\9_Travel-main\back-end\node_modules\router\lib\layer.js:152:17)
[2026-08-27T16:57:23.752Z] [ERROR] [HTTP-EXCEPTION] HTTP Exception [403] on GET /users - "Role \"Traveler\" is not allowed for this API."
Trace: ForbiddenException: Role "Traveler" is not allowed for this API.
    at RolesGuard.canActivate (C:\Users\N BHARATH\Downloads\9_Travel-main\9_Travel-main\back-end\src\common\roles.guard.ts:67:11)
    at GuardsConsumer.tryActivate (C:\Users\N BHARATH\Downloads\9_Travel-main\9_Travel-main\back-end\node_modules\@nestjs\core\guards\guards-consumer.js:15:34)
    at canActivateFn (C:\Users\N BHARATH\Downloads\9_Travel-main\9_Travel-main\back-end\node_modules\@nestjs\core\router\router-execution-context.js:135:59)
    at C:\Users\N BHARATH\Downloads\9_Travel-main\9_Travel-main\back-end\node_modules\@nestjs\core\router\router-execution-context.js:42:37
    at C:\Users\N BHARATH\Downloads\9_Travel-main\9_Travel-main\back-end\node_modules\@nestjs\core\router\router-proxy.js:9:23
    at Layer.handleRequest (C:\Users\N BHARATH\Downloads\9_Travel-main\9_Travel-main\back-end\node_modules\router\lib\layer.js:152:17)
    at next (C:\Users\N BHARATH\Downloads\9_Travel-main\9_Travel-main\back-end\node_modules\router\lib\route.js:157:13)
    at Route.dispatch (C:\Users\N BHARATH\Downloads\9_Travel-main\9_Travel-main\back-end\node_modules\router\lib\route.js:117:3)
    at handle (C:\Users\N BHARATH\Downloads\9_Travel-main\9_Travel-main\back-end\node_modules\router\index.js:435:11)
    at Layer.handleRequest (C:\Users\N BHARATH\Downloads\9_Travel-main\9_Travel-main\back-end\node_modules\router\lib\layer.js:152:17)
[2026-08-27T16:57:40.132Z] [ERROR] [HTTP-EXCEPTION] HTTP Exception [404] on GET /trips/99999 - "Trip 99999 was not found."
Trace: NotFoundException: Trip 99999 was not found.
    at DataService.findTrip (C:\Users\N BHARATH\Downloads\9_Travel-main\9_Travel-main\back-end\src\data\data.service.ts:254:22)
    at TripsService.findOne (C:\Users\N BHARATH\Downloads\9_Travel-main\9_Travel-main\back-end\src\trips\trips.service.ts:59:22)
    at TripsController.findOne (C:\Users\N BHARATH\Downloads\9_Travel-main\9_Travel-main\back-end\src\trips\trips.controller.ts:43:46)
    at C:\Users\N BHARATH\Downloads\9_Travel-main\9_Travel-main\back-end\node_modules\@nestjs\core\router\router-execution-context.js:38:29
    at async C:\Users\N BHARATH\Downloads\9_Travel-main\9_Travel-main\back-end\node_modules\@nestjs\core\router\router-execution-context.js:46:28
    at async C:\Users\N BHARATH\Downloads\9_Travel-main\9_Travel-main\back-end\node_modules\@nestjs\core\router\router-proxy.js:9:17
[2026-08-27T16:58:45.483Z] [ERROR] [HTTP-EXCEPTION] HTTP Exception [400] on POST /upload - "Only image, PDF, and document files are allowed!"
Trace: BadRequestException: Only image, PDF, and document files are allowed!
    at fileFilter (C:\Users\N BHARATH\Downloads\9_Travel-main\9_Travel-main\back-end\src\upload\upload.controller.ts:56:21)
    at wrappedFileFilter (C:\Users\N BHARATH\Downloads\9_Travel-main\9_Travel-main\back-end\node_modules\multer\index.js:45:7)
    at Multipart.<anonymous> (C:\Users\N BHARATH\Downloads\9_Travel-main\9_Travel-main\back-end\node_modules\multer\lib\make-middleware.js:183:7)
    at Multipart.emit (node:events:509:28)
    at HeaderParser.cb (C:\Users\N BHARATH\Downloads\9_Travel-main\9_Travel-main\back-end\node_modules\busboy\lib\types\multipart.js:358:14)
    at HeaderParser.push (C:\Users\N BHARATH\Downloads\9_Travel-main\9_Travel-main\back-end\node_modules\busboy\lib\types\multipart.js:162:20)
    at SBMH.ssCb [as _cb] (C:\Users\N BHARATH\Downloads\9_Travel-main\9_Travel-main\back-end\node_modules\busboy\lib\types\multipart.js:394:37)
    at feed (C:\Users\N BHARATH\Downloads\9_Travel-main\9_Travel-main\back-end\node_modules\streamsearch\lib\sbmh.js:219:14)
    at SBMH.push (C:\Users\N BHARATH\Downloads\9_Travel-main\9_Travel-main\back-end\node_modules\streamsearch\lib\sbmh.js:104:16)
    at Multipart._write (C:\Users\N BHARATH\Downloads\9_Travel-main\9_Travel-main\back-end\node_modules\busboy\lib\types\multipart.js:567:19)
[2026-08-27T17:22:25.345Z] [ERROR] [HTTP-EXCEPTION] HTTP Exception [404] on GET /favicon.ico - "Cannot GET /favicon.ico"
Trace: NotFoundException: Cannot GET /favicon.ico
    at callback (C:\Users\N BHARATH\Downloads\9_Travel-main\9_Travel-main\back-end\node_modules\@nestjs\core\router\routes-resolver.js:77:19)
    at C:\Users\N BHARATH\Downloads\9_Travel-main\9_Travel-main\back-end\node_modules\@nestjs\core\router\router-proxy.js:9:23
    at Layer.handleRequest (C:\Users\N BHARATH\Downloads\9_Travel-main\9_Travel-main\back-end\node_modules\router\lib\layer.js:152:17)
    at trimPrefix (C:\Users\N BHARATH\Downloads\9_Travel-main\9_Travel-main\back-end\node_modules\router\index.js:342:13)
    at C:\Users\N BHARATH\Downloads\9_Travel-main\9_Travel-main\back-end\node_modules\router\index.js:297:9
    at processParams (C:\Users\N BHARATH\Downloads\9_Travel-main\9_Travel-main\back-end\node_modules\router\index.js:582:12)
    at next (C:\Users\N BHARATH\Downloads\9_Travel-main\9_Travel-main\back-end\node_modules\router\index.js:291:5)
    at next (C:\Users\N BHARATH\Downloads\9_Travel-main\9_Travel-main\back-end\node_modules\router\lib\route.js:151:14)
    at LoggingMiddleware.use (C:\Users\N BHARATH\Downloads\9_Travel-main\9_Travel-main\back-end\src\common\middleware\logging.middleware.ts:27:5)
    at C:\Users\N BHARATH\Downloads\9_Travel-main\9_Travel-main\back-end\node_modules\@nestjs\core\router\router-proxy.js:9:23
[2026-08-27T17:23:19.065Z] [ERROR] [HTTP-EXCEPTION] HTTP Exception [404] on GET /favicon.ico - "Cannot GET /favicon.ico"
Trace: NotFoundException: Cannot GET /favicon.ico
    at callback (C:\Users\N BHARATH\Downloads\9_Travel-main\9_Travel-main\back-end\node_modules\@nestjs\core\router\routes-resolver.js:77:19)
    at C:\Users\N BHARATH\Downloads\9_Travel-main\9_Travel-main\back-end\node_modules\@nestjs\core\router\router-proxy.js:9:23
    at Layer.handleRequest (C:\Users\N BHARATH\Downloads\9_Travel-main\9_Travel-main\back-end\node_modules\router\lib\layer.js:152:17)
    at trimPrefix (C:\Users\N BHARATH\Downloads\9_Travel-main\9_Travel-main\back-end\node_modules\router\index.js:342:13)
    at C:\Users\N BHARATH\Downloads\9_Travel-main\9_Travel-main\back-end\node_modules\router\index.js:297:9
    at processParams (C:\Users\N BHARATH\Downloads\9_Travel-main\9_Travel-main\back-end\node_modules\router\index.js:582:12)
    at next (C:\Users\N BHARATH\Downloads\9_Travel-main\9_Travel-main\back-end\node_modules\router\index.js:291:5)
    at next (C:\Users\N BHARATH\Downloads\9_Travel-main\9_Travel-main\back-end\node_modules\router\lib\route.js:151:14)
    at LoggingMiddleware.use (C:\Users\N BHARATH\Downloads\9_Travel-main\9_Travel-main\back-end\src\common\middleware\logging.middleware.ts:27:5)
    at C:\Users\N BHARATH\Downloads\9_Travel-main\9_Travel-main\back-end\node_modules\@nestjs\core\router\router-proxy.js:9:23
[2026-08-27T17:34:36.885Z] [ERROR] [HTTP-EXCEPTION] HTTP Exception [401] on POST /upload - "Missing or invalid x-role header. Authentication required."
Trace: UnauthorizedException: Missing or invalid x-role header. Authentication required.
    at RolesGuard.canActivate (C:\Users\N BHARATH\Downloads\9_Travel-main\9_Travel-main\back-end\src\common\roles.guard.ts:30:13)
    at GuardsConsumer.tryActivate (C:\Users\N BHARATH\Downloads\9_Travel-main\9_Travel-main\back-end\node_modules\@nestjs\core\guards\guards-consumer.js:15:34)
    at canActivateFn (C:\Users\N BHARATH\Downloads\9_Travel-main\9_Travel-main\back-end\node_modules\@nestjs\core\router\router-execution-context.js:135:59)
    at C:\Users\N BHARATH\Downloads\9_Travel-main\9_Travel-main\back-end\node_modules\@nestjs\core\router\router-execution-context.js:42:37
    at C:\Users\N BHARATH\Downloads\9_Travel-main\9_Travel-main\back-end\node_modules\@nestjs\core\router\router-proxy.js:9:23
    at Layer.handleRequest (C:\Users\N BHARATH\Downloads\9_Travel-main\9_Travel-main\back-end\node_modules\router\lib\layer.js:152:17)
    at next (C:\Users\N BHARATH\Downloads\9_Travel-main\9_Travel-main\back-end\node_modules\router\lib\route.js:157:13)
    at Route.dispatch (C:\Users\N BHARATH\Downloads\9_Travel-main\9_Travel-main\back-end\node_modules\router\lib\route.js:117:3)
    at handle (C:\Users\N BHARATH\Downloads\9_Travel-main\9_Travel-main\back-end\node_modules\router\index.js:435:11)
    at Layer.handleRequest (C:\Users\N BHARATH\Downloads\9_Travel-main\9_Travel-main\back-end\node_modules\router\lib\layer.js:152:17)
[2026-08-27T17:34:47.501Z] [ERROR] [HTTP-EXCEPTION] HTTP Exception [401] on POST /upload - "Missing or invalid x-role header. Authentication required."
Trace: UnauthorizedException: Missing or invalid x-role header. Authentication required.
    at RolesGuard.canActivate (C:\Users\N BHARATH\Downloads\9_Travel-main\9_Travel-main\back-end\src\common\roles.guard.ts:30:13)
    at GuardsConsumer.tryActivate (C:\Users\N BHARATH\Downloads\9_Travel-main\9_Travel-main\back-end\node_modules\@nestjs\core\guards\guards-consumer.js:15:34)
    at canActivateFn (C:\Users\N BHARATH\Downloads\9_Travel-main\9_Travel-main\back-end\node_modules\@nestjs\core\router\router-execution-context.js:135:59)
    at C:\Users\N BHARATH\Downloads\9_Travel-main\9_Travel-main\back-end\node_modules\@nestjs\core\router\router-execution-context.js:42:37
    at C:\Users\N BHARATH\Downloads\9_Travel-main\9_Travel-main\back-end\node_modules\@nestjs\core\router\router-proxy.js:9:23
    at Layer.handleRequest (C:\Users\N BHARATH\Downloads\9_Travel-main\9_Travel-main\back-end\node_modules\router\lib\layer.js:152:17)
    at next (C:\Users\N BHARATH\Downloads\9_Travel-main\9_Travel-main\back-end\node_modules\router\lib\route.js:157:13)
    at Route.dispatch (C:\Users\N BHARATH\Downloads\9_Travel-main\9_Travel-main\back-end\node_modules\router\lib\route.js:117:3)
    at handle (C:\Users\N BHARATH\Downloads\9_Travel-main\9_Travel-main\back-end\node_modules\router\index.js:435:11)
    at Layer.handleRequest (C:\Users\N BHARATH\Downloads\9_Travel-main\9_Travel-main\back-end\node_modules\router\lib\layer.js:152:17)
[2026-08-27T17:34:59.973Z] [ERROR] [HTTP-EXCEPTION] HTTP Exception [401] on POST /upload - "Missing or invalid x-role header. Authentication required."
Trace: UnauthorizedException: Missing or invalid x-role header. Authentication required.
    at RolesGuard.canActivate (C:\Users\N BHARATH\Downloads\9_Travel-main\9_Travel-main\back-end\src\common\roles.guard.ts:30:13)
    at GuardsConsumer.tryActivate (C:\Users\N BHARATH\Downloads\9_Travel-main\9_Travel-main\back-end\node_modules\@nestjs\core\guards\guards-consumer.js:15:34)
    at canActivateFn (C:\Users\N BHARATH\Downloads\9_Travel-main\9_Travel-main\back-end\node_modules\@nestjs\core\router\router-execution-context.js:135:59)
    at C:\Users\N BHARATH\Downloads\9_Travel-main\9_Travel-main\back-end\node_modules\@nestjs\core\router\router-execution-context.js:42:37
    at C:\Users\N BHARATH\Downloads\9_Travel-main\9_Travel-main\back-end\node_modules\@nestjs\core\router\router-proxy.js:9:23
    at Layer.handleRequest (C:\Users\N BHARATH\Downloads\9_Travel-main\9_Travel-main\back-end\node_modules\router\lib\layer.js:152:17)
    at next (C:\Users\N BHARATH\Downloads\9_Travel-main\9_Travel-main\back-end\node_modules\router\lib\route.js:157:13)
    at Route.dispatch (C:\Users\N BHARATH\Downloads\9_Travel-main\9_Travel-main\back-end\node_modules\router\lib\route.js:117:3)
    at handle (C:\Users\N BHARATH\Downloads\9_Travel-main\9_Travel-main\back-end\node_modules\router\index.js:435:11)
    at Layer.handleRequest (C:\Users\N BHARATH\Downloads\9_Travel-main\9_Travel-main\back-end\node_modules\router\lib\layer.js:152:17)
[2026-08-27T17:35:04.694Z] [ERROR] [HTTP-EXCEPTION] HTTP Exception [401] on POST /upload - "Missing or invalid x-role header. Authentication required."
Trace: UnauthorizedException: Missing or invalid x-role header. Authentication required.
    at RolesGuard.canActivate (C:\Users\N BHARATH\Downloads\9_Travel-main\9_Travel-main\back-end\src\common\roles.guard.ts:30:13)
    at GuardsConsumer.tryActivate (C:\Users\N BHARATH\Downloads\9_Travel-main\9_Travel-main\back-end\node_modules\@nestjs\core\guards\guards-consumer.js:15:34)
    at canActivateFn (C:\Users\N BHARATH\Downloads\9_Travel-main\9_Travel-main\back-end\node_modules\@nestjs\core\router\router-execution-context.js:135:59)
    at C:\Users\N BHARATH\Downloads\9_Travel-main\9_Travel-main\back-end\node_modules\@nestjs\core\router\router-execution-context.js:42:37
    at C:\Users\N BHARATH\Downloads\9_Travel-main\9_Travel-main\back-end\node_modules\@nestjs\core\router\router-proxy.js:9:23
    at Layer.handleRequest (C:\Users\N BHARATH\Downloads\9_Travel-main\9_Travel-main\back-end\node_modules\router\lib\layer.js:152:17)
    at next (C:\Users\N BHARATH\Downloads\9_Travel-main\9_Travel-main\back-end\node_modules\router\lib\route.js:157:13)
    at Route.dispatch (C:\Users\N BHARATH\Downloads\9_Travel-main\9_Travel-main\back-end\node_modules\router\lib\route.js:117:3)
    at handle (C:\Users\N BHARATH\Downloads\9_Travel-main\9_Travel-main\back-end\node_modules\router\index.js:435:11)
    at Layer.handleRequest (C:\Users\N BHARATH\Downloads\9_Travel-main\9_Travel-main\back-end\node_modules\router\lib\layer.js:152:17)
[2026-08-27T17:35:17.606Z] [ERROR] [HTTP-EXCEPTION] HTTP Exception [401] on POST /upload - "Missing or invalid x-role header. Authentication required."
Trace: UnauthorizedException: Missing or invalid x-role header. Authentication required.
    at RolesGuard.canActivate (C:\Users\N BHARATH\Downloads\9_Travel-main\9_Travel-main\back-end\src\common\roles.guard.ts:30:13)
    at GuardsConsumer.tryActivate (C:\Users\N BHARATH\Downloads\9_Travel-main\9_Travel-main\back-end\node_modules\@nestjs\core\guards\guards-consumer.js:15:34)
    at canActivateFn (C:\Users\N BHARATH\Downloads\9_Travel-main\9_Travel-main\back-end\node_modules\@nestjs\core\router\router-execution-context.js:135:59)
    at C:\Users\N BHARATH\Downloads\9_Travel-main\9_Travel-main\back-end\node_modules\@nestjs\core\router\router-execution-context.js:42:37
    at C:\Users\N BHARATH\Downloads\9_Travel-main\9_Travel-main\back-end\node_modules\@nestjs\core\router\router-proxy.js:9:23
    at Layer.handleRequest (C:\Users\N BHARATH\Downloads\9_Travel-main\9_Travel-main\back-end\node_modules\router\lib\layer.js:152:17)
    at next (C:\Users\N BHARATH\Downloads\9_Travel-main\9_Travel-main\back-end\node_modules\router\lib\route.js:157:13)
    at Route.dispatch (C:\Users\N BHARATH\Downloads\9_Travel-main\9_Travel-main\back-end\node_modules\router\lib\route.js:117:3)
    at handle (C:\Users\N BHARATH\Downloads\9_Travel-main\9_Travel-main\back-end\node_modules\router\index.js:435:11)
    at Layer.handleRequest (C:\Users\N BHARATH\Downloads\9_Travel-main\9_Travel-main\back-end\node_modules\router\lib\layer.js:152:17)
[2026-08-27T17:35:43.450Z] [ERROR] [HTTP-EXCEPTION] HTTP Exception [401] on POST /upload - "Missing or invalid x-role header. Authentication required."
Trace: UnauthorizedException: Missing or invalid x-role header. Authentication required.
    at RolesGuard.canActivate (C:\Users\N BHARATH\Downloads\9_Travel-main\9_Travel-main\back-end\src\common\roles.guard.ts:30:13)
    at GuardsConsumer.tryActivate (C:\Users\N BHARATH\Downloads\9_Travel-main\9_Travel-main\back-end\node_modules\@nestjs\core\guards\guards-consumer.js:15:34)
    at canActivateFn (C:\Users\N BHARATH\Downloads\9_Travel-main\9_Travel-main\back-end\node_modules\@nestjs\core\router\router-execution-context.js:135:59)
    at C:\Users\N BHARATH\Downloads\9_Travel-main\9_Travel-main\back-end\node_modules\@nestjs\core\router\router-execution-context.js:42:37
    at C:\Users\N BHARATH\Downloads\9_Travel-main\9_Travel-main\back-end\node_modules\@nestjs\core\router\router-proxy.js:9:23
    at Layer.handleRequest (C:\Users\N BHARATH\Downloads\9_Travel-main\9_Travel-main\back-end\node_modules\router\lib\layer.js:152:17)
    at next (C:\Users\N BHARATH\Downloads\9_Travel-main\9_Travel-main\back-end\node_modules\router\lib\route.js:157:13)
    at Route.dispatch (C:\Users\N BHARATH\Downloads\9_Travel-main\9_Travel-main\back-end\node_modules\router\lib\route.js:117:3)
    at handle (C:\Users\N BHARATH\Downloads\9_Travel-main\9_Travel-main\back-end\node_modules\router\index.js:435:11)
    at Layer.handleRequest (C:\Users\N BHARATH\Downloads\9_Travel-main\9_Travel-main\back-end\node_modules\router\lib\layer.js:152:17)
[2026-08-27T17:38:20.439Z] [ERROR] [HTTP-EXCEPTION] HTTP Exception [401] on POST /upload - "Missing or invalid x-role header. Authentication required."
Trace: UnauthorizedException: Missing or invalid x-role header. Authentication required.
    at RolesGuard.canActivate (C:\Users\N BHARATH\Downloads\9_Travel-main\9_Travel-main\back-end\src\common\roles.guard.ts:30:13)
    at GuardsConsumer.tryActivate (C:\Users\N BHARATH\Downloads\9_Travel-main\9_Travel-main\back-end\node_modules\@nestjs\core\guards\guards-consumer.js:15:34)
    at canActivateFn (C:\Users\N BHARATH\Downloads\9_Travel-main\9_Travel-main\back-end\node_modules\@nestjs\core\router\router-execution-context.js:135:59)
    at C:\Users\N BHARATH\Downloads\9_Travel-main\9_Travel-main\back-end\node_modules\@nestjs\core\router\router-execution-context.js:42:37
    at C:\Users\N BHARATH\Downloads\9_Travel-main\9_Travel-main\back-end\node_modules\@nestjs\core\router\router-proxy.js:9:23
    at Layer.handleRequest (C:\Users\N BHARATH\Downloads\9_Travel-main\9_Travel-main\back-end\node_modules\router\lib\layer.js:152:17)
    at next (C:\Users\N BHARATH\Downloads\9_Travel-main\9_Travel-main\back-end\node_modules\router\lib\route.js:157:13)
    at Route.dispatch (C:\Users\N BHARATH\Downloads\9_Travel-main\9_Travel-main\back-end\node_modules\router\lib\route.js:117:3)
    at handle (C:\Users\N BHARATH\Downloads\9_Travel-main\9_Travel-main\back-end\node_modules\router\index.js:435:11)
    at Layer.handleRequest (C:\Users\N BHARATH\Downloads\9_Travel-main\9_Travel-main\back-end\node_modules\router\lib\layer.js:152:17)
[2026-08-27T17:38:31.633Z] [ERROR] [HTTP-EXCEPTION] HTTP Exception [401] on POST /upload - "Missing or invalid x-role header. Authentication required."
Trace: UnauthorizedException: Missing or invalid x-role header. Authentication required.
    at RolesGuard.canActivate (C:\Users\N BHARATH\Downloads\9_Travel-main\9_Travel-main\back-end\src\common\roles.guard.ts:30:13)
    at GuardsConsumer.tryActivate (C:\Users\N BHARATH\Downloads\9_Travel-main\9_Travel-main\back-end\node_modules\@nestjs\core\guards\guards-consumer.js:15:34)
    at canActivateFn (C:\Users\N BHARATH\Downloads\9_Travel-main\9_Travel-main\back-end\node_modules\@nestjs\core\router\router-execution-context.js:135:59)
    at C:\Users\N BHARATH\Downloads\9_Travel-main\9_Travel-main\back-end\node_modules\@nestjs\core\router\router-execution-context.js:42:37
    at C:\Users\N BHARATH\Downloads\9_Travel-main\9_Travel-main\back-end\node_modules\@nestjs\core\router\router-proxy.js:9:23
    at Layer.handleRequest (C:\Users\N BHARATH\Downloads\9_Travel-main\9_Travel-main\back-end\node_modules\router\lib\layer.js:152:17)
    at next (C:\Users\N BHARATH\Downloads\9_Travel-main\9_Travel-main\back-end\node_modules\router\lib\route.js:157:13)
    at Route.dispatch (C:\Users\N BHARATH\Downloads\9_Travel-main\9_Travel-main\back-end\node_modules\router\lib\route.js:117:3)
    at handle (C:\Users\N BHARATH\Downloads\9_Travel-main\9_Travel-main\back-end\node_modules\router\index.js:435:11)
    at Layer.handleRequest (C:\Users\N BHARATH\Downloads\9_Travel-main\9_Travel-main\back-end\node_modules\router\lib\layer.js:152:17)
[2026-08-27T17:41:00.452Z] [ERROR] [HTTP-EXCEPTION] HTTP Exception [404] on GET /favicon.ico - "Cannot GET /favicon.ico"
Trace: NotFoundException: Cannot GET /favicon.ico
    at callback (C:\Users\N BHARATH\Downloads\9_Travel-main\9_Travel-main\back-end\node_modules\@nestjs\core\router\routes-resolver.js:77:19)
    at C:\Users\N BHARATH\Downloads\9_Travel-main\9_Travel-main\back-end\node_modules\@nestjs\core\router\router-proxy.js:9:23
    at Layer.handleRequest (C:\Users\N BHARATH\Downloads\9_Travel-main\9_Travel-main\back-end\node_modules\router\lib\layer.js:152:17)
    at trimPrefix (C:\Users\N BHARATH\Downloads\9_Travel-main\9_Travel-main\back-end\node_modules\router\index.js:342:13)
    at C:\Users\N BHARATH\Downloads\9_Travel-main\9_Travel-main\back-end\node_modules\router\index.js:297:9
    at processParams (C:\Users\N BHARATH\Downloads\9_Travel-main\9_Travel-main\back-end\node_modules\router\index.js:582:12)
    at next (C:\Users\N BHARATH\Downloads\9_Travel-main\9_Travel-main\back-end\node_modules\router\index.js:291:5)
    at next (C:\Users\N BHARATH\Downloads\9_Travel-main\9_Travel-main\back-end\node_modules\router\lib\route.js:151:14)
    at LoggingMiddleware.use (C:\Users\N BHARATH\Downloads\9_Travel-main\9_Travel-main\back-end\src\common\middleware\logging.middleware.ts:27:5)
    at C:\Users\N BHARATH\Downloads\9_Travel-main\9_Travel-main\back-end\node_modules\@nestjs\core\router\router-proxy.js:9:23
[2026-08-27T17:43:43.481Z] [ERROR] [HTTP-EXCEPTION] HTTP Exception [404] on GET /favicon.ico - "Cannot GET /favicon.ico"
Trace: NotFoundException: Cannot GET /favicon.ico
    at callback (C:\Users\N BHARATH\Downloads\9_Travel-main\9_Travel-main\back-end\node_modules\@nestjs\core\router\routes-resolver.js:77:19)
    at C:\Users\N BHARATH\Downloads\9_Travel-main\9_Travel-main\back-end\node_modules\@nestjs\core\router\router-proxy.js:9:23
    at Layer.handleRequest (C:\Users\N BHARATH\Downloads\9_Travel-main\9_Travel-main\back-end\node_modules\router\lib\layer.js:152:17)
    at trimPrefix (C:\Users\N BHARATH\Downloads\9_Travel-main\9_Travel-main\back-end\node_modules\router\index.js:342:13)
    at C:\Users\N BHARATH\Downloads\9_Travel-main\9_Travel-main\back-end\node_modules\router\index.js:297:9
    at processParams (C:\Users\N BHARATH\Downloads\9_Travel-main\9_Travel-main\back-end\node_modules\router\index.js:582:12)
    at next (C:\Users\N BHARATH\Downloads\9_Travel-main\9_Travel-main\back-end\node_modules\router\index.js:291:5)
    at next (C:\Users\N BHARATH\Downloads\9_Travel-main\9_Travel-main\back-end\node_modules\router\lib\route.js:151:14)
    at LoggingMiddleware.use (C:\Users\N BHARATH\Downloads\9_Travel-main\9_Travel-main\back-end\src\common\middleware\logging.middleware.ts:27:5)
    at C:\Users\N BHARATH\Downloads\9_Travel-main\9_Travel-main\back-end\node_modules\@nestjs\core\router\router-proxy.js:9:23
[2026-08-27T17:50:35.658Z] [ERROR] [HTTP-EXCEPTION] HTTP Exception [401] on POST /upload - "Missing or invalid x-role header. Authentication required."
Trace: UnauthorizedException: Missing or invalid x-role header. Authentication required.
    at RolesGuard.canActivate (C:\Users\N BHARATH\Downloads\9_Travel-main\9_Travel-main\back-end\src\common\roles.guard.ts:30:13)
    at GuardsConsumer.tryActivate (C:\Users\N BHARATH\Downloads\9_Travel-main\9_Travel-main\back-end\node_modules\@nestjs\core\guards\guards-consumer.js:15:34)
    at canActivateFn (C:\Users\N BHARATH\Downloads\9_Travel-main\9_Travel-main\back-end\node_modules\@nestjs\core\router\router-execution-context.js:135:59)
    at C:\Users\N BHARATH\Downloads\9_Travel-main\9_Travel-main\back-end\node_modules\@nestjs\core\router\router-execution-context.js:42:37
    at C:\Users\N BHARATH\Downloads\9_Travel-main\9_Travel-main\back-end\node_modules\@nestjs\core\router\router-proxy.js:9:23
    at Layer.handleRequest (C:\Users\N BHARATH\Downloads\9_Travel-main\9_Travel-main\back-end\node_modules\router\lib\layer.js:152:17)
    at next (C:\Users\N BHARATH\Downloads\9_Travel-main\9_Travel-main\back-end\node_modules\router\lib\route.js:157:13)
    at Route.dispatch (C:\Users\N BHARATH\Downloads\9_Travel-main\9_Travel-main\back-end\node_modules\router\lib\route.js:117:3)
    at handle (C:\Users\N BHARATH\Downloads\9_Travel-main\9_Travel-main\back-end\node_modules\router\index.js:435:11)
    at Layer.handleRequest (C:\Users\N BHARATH\Downloads\9_Travel-main\9_Travel-main\back-end\node_modules\router\lib\layer.js:152:17)
[2026-08-27T17:53:35.873Z] [ERROR] [HTTP-EXCEPTION] HTTP Exception [401] on POST /upload - "Missing or invalid x-role header. Authentication required."
Trace: UnauthorizedException: Missing or invalid x-role header. Authentication required.
    at RolesGuard.canActivate (C:\Users\N BHARATH\Downloads\9_Travel-main\9_Travel-main\back-end\src\common\roles.guard.ts:30:13)
    at GuardsConsumer.tryActivate (C:\Users\N BHARATH\Downloads\9_Travel-main\9_Travel-main\back-end\node_modules\@nestjs\core\guards\guards-consumer.js:15:34)
    at canActivateFn (C:\Users\N BHARATH\Downloads\9_Travel-main\9_Travel-main\back-end\node_modules\@nestjs\core\router\router-execution-context.js:135:59)
    at C:\Users\N BHARATH\Downloads\9_Travel-main\9_Travel-main\back-end\node_modules\@nestjs\core\router\router-execution-context.js:42:37
    at C:\Users\N BHARATH\Downloads\9_Travel-main\9_Travel-main\back-end\node_modules\@nestjs\core\router\router-proxy.js:9:23
    at Layer.handleRequest (C:\Users\N BHARATH\Downloads\9_Travel-main\9_Travel-main\back-end\node_modules\router\lib\layer.js:152:17)
    at next (C:\Users\N BHARATH\Downloads\9_Travel-main\9_Travel-main\back-end\node_modules\router\lib\route.js:157:13)
    at Route.dispatch (C:\Users\N BHARATH\Downloads\9_Travel-main\9_Travel-main\back-end\node_modules\router\lib\route.js:117:3)
    at handle (C:\Users\N BHARATH\Downloads\9_Travel-main\9_Travel-main\back-end\node_modules\router\index.js:435:11)
    at Layer.handleRequest (C:\Users\N BHARATH\Downloads\9_Travel-main\9_Travel-main\back-end\node_modules\router\lib\layer.js:152:17)
[2026-08-27T17:54:30.899Z] [ERROR] [HTTP-EXCEPTION] HTTP Exception [404] on GET /favicon.ico - "Cannot GET /favicon.ico"
Trace: NotFoundException: Cannot GET /favicon.ico
    at callback (C:\Users\N BHARATH\Downloads\9_Travel-main\9_Travel-main\back-end\node_modules\@nestjs\core\router\routes-resolver.js:77:19)
    at C:\Users\N BHARATH\Downloads\9_Travel-main\9_Travel-main\back-end\node_modules\@nestjs\core\router\router-proxy.js:9:23
    at Layer.handleRequest (C:\Users\N BHARATH\Downloads\9_Travel-main\9_Travel-main\back-end\node_modules\router\lib\layer.js:152:17)
    at trimPrefix (C:\Users\N BHARATH\Downloads\9_Travel-main\9_Travel-main\back-end\node_modules\router\index.js:342:13)
    at C:\Users\N BHARATH\Downloads\9_Travel-main\9_Travel-main\back-end\node_modules\router\index.js:297:9
    at processParams (C:\Users\N BHARATH\Downloads\9_Travel-main\9_Travel-main\back-end\node_modules\router\index.js:582:12)
    at next (C:\Users\N BHARATH\Downloads\9_Travel-main\9_Travel-main\back-end\node_modules\router\index.js:291:5)
    at next (C:\Users\N BHARATH\Downloads\9_Travel-main\9_Travel-main\back-end\node_modules\router\lib\route.js:151:14)
    at LoggingMiddleware.use (C:\Users\N BHARATH\Downloads\9_Travel-main\9_Travel-main\back-end\src\common\middleware\logging.middleware.ts:27:5)
    at C:\Users\N BHARATH\Downloads\9_Travel-main\9_Travel-main\back-end\node_modules\@nestjs\core\router\router-proxy.js:9:23
[2026-08-28T05:39:53.149Z] [ERROR] [HTTP-EXCEPTION] HTTP Exception [500] on PUT /workflow/state - "Internal server error"
Trace: PayloadTooLargeError: request entity too large
    at readStream (C:\Users\N BHARATH\Downloads\9_Travel-main\9_Travel-main\back-end\node_modules\raw-body\index.js:163:17)
    at getRawBody (C:\Users\N BHARATH\Downloads\9_Travel-main\9_Travel-main\back-end\node_modules\raw-body\index.js:116:12)
    at read (C:\Users\N BHARATH\Downloads\9_Travel-main\9_Travel-main\back-end\node_modules\body-parser\lib\read.js:113:3)
    at jsonParser (C:\Users\N BHARATH\Downloads\9_Travel-main\9_Travel-main\back-end\node_modules\body-parser\lib\types\json.js:88:5)
    at Layer.handleRequest (C:\Users\N BHARATH\Downloads\9_Travel-main\9_Travel-main\back-end\node_modules\router\lib\layer.js:152:17)
    at trimPrefix (C:\Users\N BHARATH\Downloads\9_Travel-main\9_Travel-main\back-end\node_modules\router\index.js:342:13)
    at C:\Users\N BHARATH\Downloads\9_Travel-main\9_Travel-main\back-end\node_modules\router\index.js:297:9
    at processParams (C:\Users\N BHARATH\Downloads\9_Travel-main\9_Travel-main\back-end\node_modules\router\index.js:582:12)
    at next (C:\Users\N BHARATH\Downloads\9_Travel-main\9_Travel-main\back-end\node_modules\router\index.js:291:5)
    at cors (C:\Users\N BHARATH\Downloads\9_Travel-main\9_Travel-main\back-end\node_modules\cors\lib\index.js:188:7)
[2026-08-28T05:40:24.096Z] [ERROR] [HTTP-EXCEPTION] HTTP Exception [401] on POST /upload - "Missing or invalid x-role header. Authentication required."
Trace: UnauthorizedException: Missing or invalid x-role header. Authentication required.
    at RolesGuard.canActivate (C:\Users\N BHARATH\Downloads\9_Travel-main\9_Travel-main\back-end\src\common\roles.guard.ts:30:13)
    at GuardsConsumer.tryActivate (C:\Users\N BHARATH\Downloads\9_Travel-main\9_Travel-main\back-end\node_modules\@nestjs\core\guards\guards-consumer.js:15:34)
    at canActivateFn (C:\Users\N BHARATH\Downloads\9_Travel-main\9_Travel-main\back-end\node_modules\@nestjs\core\router\router-execution-context.js:135:59)
    at C:\Users\N BHARATH\Downloads\9_Travel-main\9_Travel-main\back-end\node_modules\@nestjs\core\router\router-execution-context.js:42:37
    at C:\Users\N BHARATH\Downloads\9_Travel-main\9_Travel-main\back-end\node_modules\@nestjs\core\router\router-proxy.js:9:23
    at Layer.handleRequest (C:\Users\N BHARATH\Downloads\9_Travel-main\9_Travel-main\back-end\node_modules\router\lib\layer.js:152:17)
    at next (C:\Users\N BHARATH\Downloads\9_Travel-main\9_Travel-main\back-end\node_modules\router\lib\route.js:157:13)
    at Route.dispatch (C:\Users\N BHARATH\Downloads\9_Travel-main\9_Travel-main\back-end\node_modules\router\lib\route.js:117:3)
    at handle (C:\Users\N BHARATH\Downloads\9_Travel-main\9_Travel-main\back-end\node_modules\router\index.js:435:11)
    at Layer.handleRequest (C:\Users\N BHARATH\Downloads\9_Travel-main\9_Travel-main\back-end\node_modules\router\lib\layer.js:152:17)
[2026-08-28T05:49:40.132Z] [ERROR] [HTTP-EXCEPTION] HTTP Exception [404] on GET /favicon.ico - "Cannot GET /favicon.ico"
Trace: NotFoundException: Cannot GET /favicon.ico
    at callback (C:\Users\N BHARATH\Downloads\9_Travel-main\9_Travel-main\back-end\node_modules\@nestjs\core\router\routes-resolver.js:77:19)
    at C:\Users\N BHARATH\Downloads\9_Travel-main\9_Travel-main\back-end\node_modules\@nestjs\core\router\router-proxy.js:9:23
    at Layer.handleRequest (C:\Users\N BHARATH\Downloads\9_Travel-main\9_Travel-main\back-end\node_modules\router\lib\layer.js:152:17)
    at trimPrefix (C:\Users\N BHARATH\Downloads\9_Travel-main\9_Travel-main\back-end\node_modules\router\index.js:342:13)
    at C:\Users\N BHARATH\Downloads\9_Travel-main\9_Travel-main\back-end\node_modules\router\index.js:297:9
    at processParams (C:\Users\N BHARATH\Downloads\9_Travel-main\9_Travel-main\back-end\node_modules\router\index.js:582:12)
    at next (C:\Users\N BHARATH\Downloads\9_Travel-main\9_Travel-main\back-end\node_modules\router\index.js:291:5)
    at next (C:\Users\N BHARATH\Downloads\9_Travel-main\9_Travel-main\back-end\node_modules\router\lib\route.js:151:14)
    at LoggingMiddleware.use (C:\Users\N BHARATH\Downloads\9_Travel-main\9_Travel-main\back-end\src\common\middleware\logging.middleware.ts:27:5)
    at C:\Users\N BHARATH\Downloads\9_Travel-main\9_Travel-main\back-end\node_modules\@nestjs\core\router\router-proxy.js:9:23
[2026-08-28T05:52:44.772Z] [ERROR] [HTTP-EXCEPTION] HTTP Exception [401] on POST /upload - "Missing or invalid x-role header. Authentication required."
Trace: UnauthorizedException: Missing or invalid x-role header. Authentication required.
    at RolesGuard.canActivate (C:\Users\N BHARATH\Downloads\9_Travel-main\9_Travel-main\back-end\src\common\roles.guard.ts:30:13)
    at GuardsConsumer.tryActivate (C:\Users\N BHARATH\Downloads\9_Travel-main\9_Travel-main\back-end\node_modules\@nestjs\core\guards\guards-consumer.js:15:34)
    at canActivateFn (C:\Users\N BHARATH\Downloads\9_Travel-main\9_Travel-main\back-end\node_modules\@nestjs\core\router\router-execution-context.js:135:59)
    at C:\Users\N BHARATH\Downloads\9_Travel-main\9_Travel-main\back-end\node_modules\@nestjs\core\router\router-execution-context.js:42:37
    at C:\Users\N BHARATH\Downloads\9_Travel-main\9_Travel-main\back-end\node_modules\@nestjs\core\router\router-proxy.js:9:23
    at Layer.handleRequest (C:\Users\N BHARATH\Downloads\9_Travel-main\9_Travel-main\back-end\node_modules\router\lib\layer.js:152:17)
    at next (C:\Users\N BHARATH\Downloads\9_Travel-main\9_Travel-main\back-end\node_modules\router\lib\route.js:157:13)
    at Route.dispatch (C:\Users\N BHARATH\Downloads\9_Travel-main\9_Travel-main\back-end\node_modules\router\lib\route.js:117:3)
    at handle (C:\Users\N BHARATH\Downloads\9_Travel-main\9_Travel-main\back-end\node_modules\router\index.js:435:11)
    at Layer.handleRequest (C:\Users\N BHARATH\Downloads\9_Travel-main\9_Travel-main\back-end\node_modules\router\lib\layer.js:152:17)
[2026-08-28T05:53:00.110Z] [ERROR] [HTTP-EXCEPTION] HTTP Exception [401] on POST /upload - "Missing or invalid x-role header. Authentication required."
Trace: UnauthorizedException: Missing or invalid x-role header. Authentication required.
    at RolesGuard.canActivate (C:\Users\N BHARATH\Downloads\9_Travel-main\9_Travel-main\back-end\src\common\roles.guard.ts:30:13)
    at GuardsConsumer.tryActivate (C:\Users\N BHARATH\Downloads\9_Travel-main\9_Travel-main\back-end\node_modules\@nestjs\core\guards\guards-consumer.js:15:34)
    at canActivateFn (C:\Users\N BHARATH\Downloads\9_Travel-main\9_Travel-main\back-end\node_modules\@nestjs\core\router\router-execution-context.js:135:59)
    at C:\Users\N BHARATH\Downloads\9_Travel-main\9_Travel-main\back-end\node_modules\@nestjs\core\router\router-execution-context.js:42:37
    at C:\Users\N BHARATH\Downloads\9_Travel-main\9_Travel-main\back-end\node_modules\@nestjs\core\router\router-proxy.js:9:23
    at Layer.handleRequest (C:\Users\N BHARATH\Downloads\9_Travel-main\9_Travel-main\back-end\node_modules\router\lib\layer.js:152:17)
    at next (C:\Users\N BHARATH\Downloads\9_Travel-main\9_Travel-main\back-end\node_modules\router\lib\route.js:157:13)
    at Route.dispatch (C:\Users\N BHARATH\Downloads\9_Travel-main\9_Travel-main\back-end\node_modules\router\lib\route.js:117:3)
    at handle (C:\Users\N BHARATH\Downloads\9_Travel-main\9_Travel-main\back-end\node_modules\router\index.js:435:11)
    at Layer.handleRequest (C:\Users\N BHARATH\Downloads\9_Travel-main\9_Travel-main\back-end\node_modules\router\lib\layer.js:152:17)
[2026-08-28T05:54:57.093Z] [ERROR] [HTTP-EXCEPTION] HTTP Exception [404] on GET /favicon.ico - "Cannot GET /favicon.ico"
Trace: NotFoundException: Cannot GET /favicon.ico
    at callback (C:\Users\N BHARATH\Downloads\9_Travel-main\9_Travel-main\back-end\node_modules\@nestjs\core\router\routes-resolver.js:77:19)
    at C:\Users\N BHARATH\Downloads\9_Travel-main\9_Travel-main\back-end\node_modules\@nestjs\core\router\router-proxy.js:9:23
    at Layer.handleRequest (C:\Users\N BHARATH\Downloads\9_Travel-main\9_Travel-main\back-end\node_modules\router\lib\layer.js:152:17)
    at trimPrefix (C:\Users\N BHARATH\Downloads\9_Travel-main\9_Travel-main\back-end\node_modules\router\index.js:342:13)
    at C:\Users\N BHARATH\Downloads\9_Travel-main\9_Travel-main\back-end\node_modules\router\index.js:297:9
    at processParams (C:\Users\N BHARATH\Downloads\9_Travel-main\9_Travel-main\back-end\node_modules\router\index.js:582:12)
    at next (C:\Users\N BHARATH\Downloads\9_Travel-main\9_Travel-main\back-end\node_modules\router\index.js:291:5)
    at next (C:\Users\N BHARATH\Downloads\9_Travel-main\9_Travel-main\back-end\node_modules\router\lib\route.js:151:14)
    at LoggingMiddleware.use (C:\Users\N BHARATH\Downloads\9_Travel-main\9_Travel-main\back-end\src\common\middleware\logging.middleware.ts:27:5)
    at C:\Users\N BHARATH\Downloads\9_Travel-main\9_Travel-main\back-end\node_modules\@nestjs\core\router\router-proxy.js:9:23
[2026-08-28T05:55:18.299Z] [ERROR] [HTTP-EXCEPTION] HTTP Exception [401] on POST /upload - "Missing or invalid x-role header. Authentication required."
Trace: UnauthorizedException: Missing or invalid x-role header. Authentication required.
    at RolesGuard.canActivate (C:\Users\N BHARATH\Downloads\9_Travel-main\9_Travel-main\back-end\src\common\roles.guard.ts:30:13)
    at GuardsConsumer.tryActivate (C:\Users\N BHARATH\Downloads\9_Travel-main\9_Travel-main\back-end\node_modules\@nestjs\core\guards\guards-consumer.js:15:34)
    at canActivateFn (C:\Users\N BHARATH\Downloads\9_Travel-main\9_Travel-main\back-end\node_modules\@nestjs\core\router\router-execution-context.js:135:59)
    at C:\Users\N BHARATH\Downloads\9_Travel-main\9_Travel-main\back-end\node_modules\@nestjs\core\router\router-execution-context.js:42:37
    at C:\Users\N BHARATH\Downloads\9_Travel-main\9_Travel-main\back-end\node_modules\@nestjs\core\router\router-proxy.js:9:23
    at Layer.handleRequest (C:\Users\N BHARATH\Downloads\9_Travel-main\9_Travel-main\back-end\node_modules\router\lib\layer.js:152:17)
    at next (C:\Users\N BHARATH\Downloads\9_Travel-main\9_Travel-main\back-end\node_modules\router\lib\route.js:157:13)
    at Route.dispatch (C:\Users\N BHARATH\Downloads\9_Travel-main\9_Travel-main\back-end\node_modules\router\lib\route.js:117:3)
    at handle (C:\Users\N BHARATH\Downloads\9_Travel-main\9_Travel-main\back-end\node_modules\router\index.js:435:11)
    at Layer.handleRequest (C:\Users\N BHARATH\Downloads\9_Travel-main\9_Travel-main\back-end\node_modules\router\lib\layer.js:152:17)
[2026-08-28T05:57:14.320Z] [ERROR] [HTTP-EXCEPTION] HTTP Exception [401] on POST /upload - "Missing or invalid x-role header. Authentication required."
Trace: UnauthorizedException: Missing or invalid x-role header. Authentication required.
    at RolesGuard.canActivate (C:\Users\N BHARATH\Downloads\9_Travel-main\9_Travel-main\back-end\src\common\roles.guard.ts:30:13)
    at GuardsConsumer.tryActivate (C:\Users\N BHARATH\Downloads\9_Travel-main\9_Travel-main\back-end\node_modules\@nestjs\core\guards\guards-consumer.js:15:34)
    at canActivateFn (C:\Users\N BHARATH\Downloads\9_Travel-main\9_Travel-main\back-end\node_modules\@nestjs\core\router\router-execution-context.js:135:59)
    at C:\Users\N BHARATH\Downloads\9_Travel-main\9_Travel-main\back-end\node_modules\@nestjs\core\router\router-execution-context.js:42:37
    at C:\Users\N BHARATH\Downloads\9_Travel-main\9_Travel-main\back-end\node_modules\@nestjs\core\router\router-proxy.js:9:23
    at Layer.handleRequest (C:\Users\N BHARATH\Downloads\9_Travel-main\9_Travel-main\back-end\node_modules\router\lib\layer.js:152:17)
    at next (C:\Users\N BHARATH\Downloads\9_Travel-main\9_Travel-main\back-end\node_modules\router\lib\route.js:157:13)
    at Route.dispatch (C:\Users\N BHARATH\Downloads\9_Travel-main\9_Travel-main\back-end\node_modules\router\lib\route.js:117:3)
    at handle (C:\Users\N BHARATH\Downloads\9_Travel-main\9_Travel-main\back-end\node_modules\router\index.js:435:11)
    at Layer.handleRequest (C:\Users\N BHARATH\Downloads\9_Travel-main\9_Travel-main\back-end\node_modules\router\lib\layer.js:152:17)
[2026-08-28T05:58:59.253Z] [ERROR] [HTTP-EXCEPTION] HTTP Exception [401] on POST /upload - "Missing or invalid x-role header. Authentication required."
Trace: UnauthorizedException: Missing or invalid x-role header. Authentication required.
    at RolesGuard.canActivate (C:\Users\N BHARATH\Downloads\9_Travel-main\9_Travel-main\back-end\src\common\roles.guard.ts:30:13)
    at GuardsConsumer.tryActivate (C:\Users\N BHARATH\Downloads\9_Travel-main\9_Travel-main\back-end\node_modules\@nestjs\core\guards\guards-consumer.js:15:34)
    at canActivateFn (C:\Users\N BHARATH\Downloads\9_Travel-main\9_Travel-main\back-end\node_modules\@nestjs\core\router\router-execution-context.js:135:59)
    at C:\Users\N BHARATH\Downloads\9_Travel-main\9_Travel-main\back-end\node_modules\@nestjs\core\router\router-execution-context.js:42:37
    at C:\Users\N BHARATH\Downloads\9_Travel-main\9_Travel-main\back-end\node_modules\@nestjs\core\router\router-proxy.js:9:23
    at Layer.handleRequest (C:\Users\N BHARATH\Downloads\9_Travel-main\9_Travel-main\back-end\node_modules\router\lib\layer.js:152:17)
    at next (C:\Users\N BHARATH\Downloads\9_Travel-main\9_Travel-main\back-end\node_modules\router\lib\route.js:157:13)
    at Route.dispatch (C:\Users\N BHARATH\Downloads\9_Travel-main\9_Travel-main\back-end\node_modules\router\lib\route.js:117:3)
    at handle (C:\Users\N BHARATH\Downloads\9_Travel-main\9_Travel-main\back-end\node_modules\router\index.js:435:11)
    at Layer.handleRequest (C:\Users\N BHARATH\Downloads\9_Travel-main\9_Travel-main\back-end\node_modules\router\lib\layer.js:152:17)
[2026-08-28T06:00:30.873Z] [ERROR] [HTTP-EXCEPTION] HTTP Exception [401] on POST /upload - "Missing or invalid x-role header. Authentication required."
Trace: UnauthorizedException: Missing or invalid x-role header. Authentication required.
    at RolesGuard.canActivate (C:\Users\N BHARATH\Downloads\9_Travel-main\9_Travel-main\back-end\src\common\roles.guard.ts:30:13)
    at GuardsConsumer.tryActivate (C:\Users\N BHARATH\Downloads\9_Travel-main\9_Travel-main\back-end\node_modules\@nestjs\core\guards\guards-consumer.js:15:34)
    at canActivateFn (C:\Users\N BHARATH\Downloads\9_Travel-main\9_Travel-main\back-end\node_modules\@nestjs\core\router\router-execution-context.js:135:59)
    at C:\Users\N BHARATH\Downloads\9_Travel-main\9_Travel-main\back-end\node_modules\@nestjs\core\router\router-execution-context.js:42:37
    at C:\Users\N BHARATH\Downloads\9_Travel-main\9_Travel-main\back-end\node_modules\@nestjs\core\router\router-proxy.js:9:23
    at Layer.handleRequest (C:\Users\N BHARATH\Downloads\9_Travel-main\9_Travel-main\back-end\node_modules\router\lib\layer.js:152:17)
    at next (C:\Users\N BHARATH\Downloads\9_Travel-main\9_Travel-main\back-end\node_modules\router\lib\route.js:157:13)
    at Route.dispatch (C:\Users\N BHARATH\Downloads\9_Travel-main\9_Travel-main\back-end\node_modules\router\lib\route.js:117:3)
    at handle (C:\Users\N BHARATH\Downloads\9_Travel-main\9_Travel-main\back-end\node_modules\router\index.js:435:11)
    at Layer.handleRequest (C:\Users\N BHARATH\Downloads\9_Travel-main\9_Travel-main\back-end\node_modules\router\lib\layer.js:152:17)
[2026-08-28T06:04:31.113Z] [ERROR] [HTTP-EXCEPTION] HTTP Exception [401] on POST /upload - "Missing or invalid x-role header. Authentication required."
Trace: UnauthorizedException: Missing or invalid x-role header. Authentication required.
    at RolesGuard.canActivate (C:\Users\N BHARATH\Downloads\9_Travel-main\9_Travel-main\back-end\src\common\roles.guard.ts:30:13)
    at GuardsConsumer.tryActivate (C:\Users\N BHARATH\Downloads\9_Travel-main\9_Travel-main\back-end\node_modules\@nestjs\core\guards\guards-consumer.js:15:34)
    at canActivateFn (C:\Users\N BHARATH\Downloads\9_Travel-main\9_Travel-main\back-end\node_modules\@nestjs\core\router\router-execution-context.js:135:59)
    at C:\Users\N BHARATH\Downloads\9_Travel-main\9_Travel-main\back-end\node_modules\@nestjs\core\router\router-execution-context.js:42:37
    at C:\Users\N BHARATH\Downloads\9_Travel-main\9_Travel-main\back-end\node_modules\@nestjs\core\router\router-proxy.js:9:23
    at Layer.handleRequest (C:\Users\N BHARATH\Downloads\9_Travel-main\9_Travel-main\back-end\node_modules\router\lib\layer.js:152:17)
    at next (C:\Users\N BHARATH\Downloads\9_Travel-main\9_Travel-main\back-end\node_modules\router\lib\route.js:157:13)
    at Route.dispatch (C:\Users\N BHARATH\Downloads\9_Travel-main\9_Travel-main\back-end\node_modules\router\lib\route.js:117:3)
    at handle (C:\Users\N BHARATH\Downloads\9_Travel-main\9_Travel-main\back-end\node_modules\router\index.js:435:11)
    at Layer.handleRequest (C:\Users\N BHARATH\Downloads\9_Travel-main\9_Travel-main\back-end\node_modules\router\lib\layer.js:152:17)
[2026-08-28T06:04:44.291Z] [ERROR] [HTTP-EXCEPTION] HTTP Exception [401] on POST /upload - "Missing or invalid x-role header. Authentication required."
Trace: UnauthorizedException: Missing or invalid x-role header. Authentication required.
    at RolesGuard.canActivate (C:\Users\N BHARATH\Downloads\9_Travel-main\9_Travel-main\back-end\src\common\roles.guard.ts:30:13)
    at GuardsConsumer.tryActivate (C:\Users\N BHARATH\Downloads\9_Travel-main\9_Travel-main\back-end\node_modules\@nestjs\core\guards\guards-consumer.js:15:34)
    at canActivateFn (C:\Users\N BHARATH\Downloads\9_Travel-main\9_Travel-main\back-end\node_modules\@nestjs\core\router\router-execution-context.js:135:59)
    at C:\Users\N BHARATH\Downloads\9_Travel-main\9_Travel-main\back-end\node_modules\@nestjs\core\router\router-execution-context.js:42:37
    at C:\Users\N BHARATH\Downloads\9_Travel-main\9_Travel-main\back-end\node_modules\@nestjs\core\router\router-proxy.js:9:23
    at Layer.handleRequest (C:\Users\N BHARATH\Downloads\9_Travel-main\9_Travel-main\back-end\node_modules\router\lib\layer.js:152:17)
    at next (C:\Users\N BHARATH\Downloads\9_Travel-main\9_Travel-main\back-end\node_modules\router\lib\route.js:157:13)
    at Route.dispatch (C:\Users\N BHARATH\Downloads\9_Travel-main\9_Travel-main\back-end\node_modules\router\lib\route.js:117:3)
    at handle (C:\Users\N BHARATH\Downloads\9_Travel-main\9_Travel-main\back-end\node_modules\router\index.js:435:11)
    at Layer.handleRequest (C:\Users\N BHARATH\Downloads\9_Travel-main\9_Travel-main\back-end\node_modules\router\lib\layer.js:152:17)
[2026-08-28T06:15:19.521Z] [ERROR] [HTTP-EXCEPTION] HTTP Exception [404] on GET /favicon.ico - "Cannot GET /favicon.ico"
Trace: NotFoundException: Cannot GET /favicon.ico
    at callback (C:\Users\N BHARATH\Downloads\9_Travel-main\9_Travel-main\back-end\node_modules\@nestjs\core\router\routes-resolver.js:77:19)
    at C:\Users\N BHARATH\Downloads\9_Travel-main\9_Travel-main\back-end\node_modules\@nestjs\core\router\router-proxy.js:9:23
    at Layer.handleRequest (C:\Users\N BHARATH\Downloads\9_Travel-main\9_Travel-main\back-end\node_modules\router\lib\layer.js:152:17)
    at trimPrefix (C:\Users\N BHARATH\Downloads\9_Travel-main\9_Travel-main\back-end\node_modules\router\index.js:342:13)
    at C:\Users\N BHARATH\Downloads\9_Travel-main\9_Travel-main\back-end\node_modules\router\index.js:297:9
    at processParams (C:\Users\N BHARATH\Downloads\9_Travel-main\9_Travel-main\back-end\node_modules\router\index.js:582:12)
    at next (C:\Users\N BHARATH\Downloads\9_Travel-main\9_Travel-main\back-end\node_modules\router\index.js:291:5)
    at next (C:\Users\N BHARATH\Downloads\9_Travel-main\9_Travel-main\back-end\node_modules\router\lib\route.js:151:14)
    at LoggingMiddleware.use (C:\Users\N BHARATH\Downloads\9_Travel-main\9_Travel-main\back-end\src\common\middleware\logging.middleware.ts:27:5)
    at C:\Users\N BHARATH\Downloads\9_Travel-main\9_Travel-main\back-end\node_modules\@nestjs\core\router\router-proxy.js:9:23
[2026-08-28T06:24:29.640Z] [ERROR] [HTTP-EXCEPTION] HTTP Exception [401] on GET /workflow/state - "Missing or invalid x-role header. Authentication required."
Trace: UnauthorizedException: Missing or invalid x-role header. Authentication required.
    at RolesGuard.canActivate (C:\Users\N BHARATH\Downloads\9_Travel-main\9_Travel-main\back-end\src\common\roles.guard.ts:30:13)
    at GuardsConsumer.tryActivate (C:\Users\N BHARATH\Downloads\9_Travel-main\9_Travel-main\back-end\node_modules\@nestjs\core\guards\guards-consumer.js:15:34)
    at canActivateFn (C:\Users\N BHARATH\Downloads\9_Travel-main\9_Travel-main\back-end\node_modules\@nestjs\core\router\router-execution-context.js:135:59)
    at C:\Users\N BHARATH\Downloads\9_Travel-main\9_Travel-main\back-end\node_modules\@nestjs\core\router\router-execution-context.js:42:37
    at C:\Users\N BHARATH\Downloads\9_Travel-main\9_Travel-main\back-end\node_modules\@nestjs\core\router\router-proxy.js:9:23
    at Layer.handleRequest (C:\Users\N BHARATH\Downloads\9_Travel-main\9_Travel-main\back-end\node_modules\router\lib\layer.js:152:17)
    at next (C:\Users\N BHARATH\Downloads\9_Travel-main\9_Travel-main\back-end\node_modules\router\lib\route.js:157:13)
    at Route.dispatch (C:\Users\N BHARATH\Downloads\9_Travel-main\9_Travel-main\back-end\node_modules\router\lib\route.js:117:3)
    at handle (C:\Users\N BHARATH\Downloads\9_Travel-main\9_Travel-main\back-end\node_modules\router\index.js:435:11)
    at Layer.handleRequest (C:\Users\N BHARATH\Downloads\9_Travel-main\9_Travel-main\back-end\node_modules\router\lib\layer.js:152:17)
[2026-08-28T06:36:32.432Z] [ERROR] [HTTP-EXCEPTION] HTTP Exception [404] on GET /favicon.ico - "Cannot GET /favicon.ico"
Trace: NotFoundException: Cannot GET /favicon.ico
    at callback (C:\Users\N BHARATH\Downloads\9_Travel-main\9_Travel-main\back-end\node_modules\@nestjs\core\router\routes-resolver.js:77:19)
    at C:\Users\N BHARATH\Downloads\9_Travel-main\9_Travel-main\back-end\node_modules\@nestjs\core\router\router-proxy.js:9:23
    at Layer.handleRequest (C:\Users\N BHARATH\Downloads\9_Travel-main\9_Travel-main\back-end\node_modules\router\lib\layer.js:152:17)
    at trimPrefix (C:\Users\N BHARATH\Downloads\9_Travel-main\9_Travel-main\back-end\node_modules\router\index.js:342:13)
    at C:\Users\N BHARATH\Downloads\9_Travel-main\9_Travel-main\back-end\node_modules\router\index.js:297:9
    at processParams (C:\Users\N BHARATH\Downloads\9_Travel-main\9_Travel-main\back-end\node_modules\router\index.js:582:12)
    at next (C:\Users\N BHARATH\Downloads\9_Travel-main\9_Travel-main\back-end\node_modules\router\index.js:291:5)
    at next (C:\Users\N BHARATH\Downloads\9_Travel-main\9_Travel-main\back-end\node_modules\router\lib\route.js:151:14)
    at LoggingMiddleware.use (C:\Users\N BHARATH\Downloads\9_Travel-main\9_Travel-main\back-end\src\common\middleware\logging.middleware.ts:27:5)
    at C:\Users\N BHARATH\Downloads\9_Travel-main\9_Travel-main\back-end\node_modules\@nestjs\core\router\router-proxy.js:9:23
[2026-08-28T06:55:30.961Z] [ERROR] [HTTP-EXCEPTION] HTTP Exception [401] on POST /upload - "Missing or invalid x-role header. Authentication required."
Trace: UnauthorizedException: Missing or invalid x-role header. Authentication required.
    at RolesGuard.canActivate (C:\Users\N BHARATH\Downloads\9_Travel-main\9_Travel-main\back-end\src\common\roles.guard.ts:30:13)
    at GuardsConsumer.tryActivate (C:\Users\N BHARATH\Downloads\9_Travel-main\9_Travel-main\back-end\node_modules\@nestjs\core\guards\guards-consumer.js:15:34)
    at canActivateFn (C:\Users\N BHARATH\Downloads\9_Travel-main\9_Travel-main\back-end\node_modules\@nestjs\core\router\router-execution-context.js:135:59)
    at C:\Users\N BHARATH\Downloads\9_Travel-main\9_Travel-main\back-end\node_modules\@nestjs\core\router\router-execution-context.js:42:37
    at C:\Users\N BHARATH\Downloads\9_Travel-main\9_Travel-main\back-end\node_modules\@nestjs\core\router\router-proxy.js:9:23
    at Layer.handleRequest (C:\Users\N BHARATH\Downloads\9_Travel-main\9_Travel-main\back-end\node_modules\router\lib\layer.js:152:17)
    at next (C:\Users\N BHARATH\Downloads\9_Travel-main\9_Travel-main\back-end\node_modules\router\lib\route.js:157:13)
    at Route.dispatch (C:\Users\N BHARATH\Downloads\9_Travel-main\9_Travel-main\back-end\node_modules\router\lib\route.js:117:3)
    at handle (C:\Users\N BHARATH\Downloads\9_Travel-main\9_Travel-main\back-end\node_modules\router\index.js:435:11)
    at Layer.handleRequest (C:\Users\N BHARATH\Downloads\9_Travel-main\9_Travel-main\back-end\node_modules\router\lib\layer.js:152:17)
[2026-08-28T06:56:34.314Z] [ERROR] [HTTP-EXCEPTION] HTTP Exception [401] on POST /upload - "Missing or invalid x-role header. Authentication required."
Trace: UnauthorizedException: Missing or invalid x-role header. Authentication required.
    at RolesGuard.canActivate (C:\Users\N BHARATH\Downloads\9_Travel-main\9_Travel-main\back-end\src\common\roles.guard.ts:30:13)
    at GuardsConsumer.tryActivate (C:\Users\N BHARATH\Downloads\9_Travel-main\9_Travel-main\back-end\node_modules\@nestjs\core\guards\guards-consumer.js:15:34)
    at canActivateFn (C:\Users\N BHARATH\Downloads\9_Travel-main\9_Travel-main\back-end\node_modules\@nestjs\core\router\router-execution-context.js:135:59)
    at C:\Users\N BHARATH\Downloads\9_Travel-main\9_Travel-main\back-end\node_modules\@nestjs\core\router\router-execution-context.js:42:37
    at C:\Users\N BHARATH\Downloads\9_Travel-main\9_Travel-main\back-end\node_modules\@nestjs\core\router\router-proxy.js:9:23
    at Layer.handleRequest (C:\Users\N BHARATH\Downloads\9_Travel-main\9_Travel-main\back-end\node_modules\router\lib\layer.js:152:17)
    at next (C:\Users\N BHARATH\Downloads\9_Travel-main\9_Travel-main\back-end\node_modules\router\lib\route.js:157:13)
    at Route.dispatch (C:\Users\N BHARATH\Downloads\9_Travel-main\9_Travel-main\back-end\node_modules\router\lib\route.js:117:3)
    at handle (C:\Users\N BHARATH\Downloads\9_Travel-main\9_Travel-main\back-end\node_modules\router\index.js:435:11)
    at Layer.handleRequest (C:\Users\N BHARATH\Downloads\9_Travel-main\9_Travel-main\back-end\node_modules\router\lib\layer.js:152:17)
[2026-08-28T07:00:50.607Z] [ERROR] [HTTP-EXCEPTION] HTTP Exception [404] on GET /api/state - "Cannot GET /api/state"
Trace: NotFoundException: Cannot GET /api/state
    at callback (C:\Users\N BHARATH\Downloads\9_Travel-main\9_Travel-main\back-end\node_modules\@nestjs\core\router\routes-resolver.js:77:19)
    at C:\Users\N BHARATH\Downloads\9_Travel-main\9_Travel-main\back-end\node_modules\@nestjs\core\router\router-proxy.js:9:23
    at Layer.handleRequest (C:\Users\N BHARATH\Downloads\9_Travel-main\9_Travel-main\back-end\node_modules\router\lib\layer.js:152:17)
    at trimPrefix (C:\Users\N BHARATH\Downloads\9_Travel-main\9_Travel-main\back-end\node_modules\router\index.js:342:13)
    at C:\Users\N BHARATH\Downloads\9_Travel-main\9_Travel-main\back-end\node_modules\router\index.js:297:9
    at processParams (C:\Users\N BHARATH\Downloads\9_Travel-main\9_Travel-main\back-end\node_modules\router\index.js:582:12)
    at next (C:\Users\N BHARATH\Downloads\9_Travel-main\9_Travel-main\back-end\node_modules\router\index.js:291:5)
    at next (C:\Users\N BHARATH\Downloads\9_Travel-main\9_Travel-main\back-end\node_modules\router\lib\route.js:151:14)
    at LoggingMiddleware.use (C:\Users\N BHARATH\Downloads\9_Travel-main\9_Travel-main\back-end\src\common\middleware\logging.middleware.ts:27:5)
    at C:\Users\N BHARATH\Downloads\9_Travel-main\9_Travel-main\back-end\node_modules\@nestjs\core\router\router-proxy.js:9:23
[2026-08-28T07:01:02.651Z] [ERROR] [HTTP-EXCEPTION] HTTP Exception [404] on GET /favicon.ico - "Cannot GET /favicon.ico"
Trace: NotFoundException: Cannot GET /favicon.ico
    at callback (C:\Users\N BHARATH\Downloads\9_Travel-main\9_Travel-main\back-end\node_modules\@nestjs\core\router\routes-resolver.js:77:19)
    at C:\Users\N BHARATH\Downloads\9_Travel-main\9_Travel-main\back-end\node_modules\@nestjs\core\router\router-proxy.js:9:23
    at Layer.handleRequest (C:\Users\N BHARATH\Downloads\9_Travel-main\9_Travel-main\back-end\node_modules\router\lib\layer.js:152:17)
    at trimPrefix (C:\Users\N BHARATH\Downloads\9_Travel-main\9_Travel-main\back-end\node_modules\router\index.js:342:13)
    at C:\Users\N BHARATH\Downloads\9_Travel-main\9_Travel-main\back-end\node_modules\router\index.js:297:9
    at processParams (C:\Users\N BHARATH\Downloads\9_Travel-main\9_Travel-main\back-end\node_modules\router\index.js:582:12)
    at next (C:\Users\N BHARATH\Downloads\9_Travel-main\9_Travel-main\back-end\node_modules\router\index.js:291:5)
    at next (C:\Users\N BHARATH\Downloads\9_Travel-main\9_Travel-main\back-end\node_modules\router\lib\route.js:151:14)
    at LoggingMiddleware.use (C:\Users\N BHARATH\Downloads\9_Travel-main\9_Travel-main\back-end\src\common\middleware\logging.middleware.ts:27:5)
    at C:\Users\N BHARATH\Downloads\9_Travel-main\9_Travel-main\back-end\node_modules\@nestjs\core\router\router-proxy.js:9:23
[2026-08-28T07:01:03.237Z] [ERROR] [HTTP-EXCEPTION] HTTP Exception [404] on GET /favicon.ico - "Cannot GET /favicon.ico"
Trace: NotFoundException: Cannot GET /favicon.ico
    at callback (C:\Users\N BHARATH\Downloads\9_Travel-main\9_Travel-main\back-end\node_modules\@nestjs\core\router\routes-resolver.js:77:19)
    at C:\Users\N BHARATH\Downloads\9_Travel-main\9_Travel-main\back-end\node_modules\@nestjs\core\router\router-proxy.js:9:23
    at Layer.handleRequest (C:\Users\N BHARATH\Downloads\9_Travel-main\9_Travel-main\back-end\node_modules\router\lib\layer.js:152:17)
    at trimPrefix (C:\Users\N BHARATH\Downloads\9_Travel-main\9_Travel-main\back-end\node_modules\router\index.js:342:13)
    at C:\Users\N BHARATH\Downloads\9_Travel-main\9_Travel-main\back-end\node_modules\router\index.js:297:9
    at processParams (C:\Users\N BHARATH\Downloads\9_Travel-main\9_Travel-main\back-end\node_modules\router\index.js:582:12)
    at next (C:\Users\N BHARATH\Downloads\9_Travel-main\9_Travel-main\back-end\node_modules\router\index.js:291:5)
    at next (C:\Users\N BHARATH\Downloads\9_Travel-main\9_Travel-main\back-end\node_modules\router\lib\route.js:151:14)
    at LoggingMiddleware.use (C:\Users\N BHARATH\Downloads\9_Travel-main\9_Travel-main\back-end\src\common\middleware\logging.middleware.ts:27:5)
    at C:\Users\N BHARATH\Downloads\9_Travel-main\9_Travel-main\back-end\node_modules\@nestjs\core\router\router-proxy.js:9:23
[2026-08-28T07:07:27.147Z] [ERROR] [HTTP-EXCEPTION] HTTP Exception [401] on POST /upload - "Missing or invalid x-role header. Authentication required."
Trace: UnauthorizedException: Missing or invalid x-role header. Authentication required.
    at RolesGuard.canActivate (C:\Users\N BHARATH\Downloads\9_Travel-main\9_Travel-main\back-end\src\common\roles.guard.ts:30:13)
    at GuardsConsumer.tryActivate (C:\Users\N BHARATH\Downloads\9_Travel-main\9_Travel-main\back-end\node_modules\@nestjs\core\guards\guards-consumer.js:15:34)
    at canActivateFn (C:\Users\N BHARATH\Downloads\9_Travel-main\9_Travel-main\back-end\node_modules\@nestjs\core\router\router-execution-context.js:135:59)
    at C:\Users\N BHARATH\Downloads\9_Travel-main\9_Travel-main\back-end\node_modules\@nestjs\core\router\router-execution-context.js:42:37
    at C:\Users\N BHARATH\Downloads\9_Travel-main\9_Travel-main\back-end\node_modules\@nestjs\core\router\router-proxy.js:9:23
    at Layer.handleRequest (C:\Users\N BHARATH\Downloads\9_Travel-main\9_Travel-main\back-end\node_modules\router\lib\layer.js:152:17)
    at next (C:\Users\N BHARATH\Downloads\9_Travel-main\9_Travel-main\back-end\node_modules\router\lib\route.js:157:13)
    at Route.dispatch (C:\Users\N BHARATH\Downloads\9_Travel-main\9_Travel-main\back-end\node_modules\router\lib\route.js:117:3)
    at handle (C:\Users\N BHARATH\Downloads\9_Travel-main\9_Travel-main\back-end\node_modules\router\index.js:435:11)
    at Layer.handleRequest (C:\Users\N BHARATH\Downloads\9_Travel-main\9_Travel-main\back-end\node_modules\router\lib\layer.js:152:17)
[2026-08-28T07:07:27.155Z] [ERROR] [HTTP-EXCEPTION] HTTP Exception [401] on POST /upload - "Missing or invalid x-role header. Authentication required."
Trace: UnauthorizedException: Missing or invalid x-role header. Authentication required.
    at RolesGuard.canActivate (C:\Users\N BHARATH\Downloads\9_Travel-main\9_Travel-main\back-end\src\common\roles.guard.ts:30:13)
    at GuardsConsumer.tryActivate (C:\Users\N BHARATH\Downloads\9_Travel-main\9_Travel-main\back-end\node_modules\@nestjs\core\guards\guards-consumer.js:15:34)
    at canActivateFn (C:\Users\N BHARATH\Downloads\9_Travel-main\9_Travel-main\back-end\node_modules\@nestjs\core\router\router-execution-context.js:135:59)
    at C:\Users\N BHARATH\Downloads\9_Travel-main\9_Travel-main\back-end\node_modules\@nestjs\core\router\router-execution-context.js:42:37
    at C:\Users\N BHARATH\Downloads\9_Travel-main\9_Travel-main\back-end\node_modules\@nestjs\core\router\router-proxy.js:9:23
    at Layer.handleRequest (C:\Users\N BHARATH\Downloads\9_Travel-main\9_Travel-main\back-end\node_modules\router\lib\layer.js:152:17)
    at next (C:\Users\N BHARATH\Downloads\9_Travel-main\9_Travel-main\back-end\node_modules\router\lib\route.js:157:13)
    at Route.dispatch (C:\Users\N BHARATH\Downloads\9_Travel-main\9_Travel-main\back-end\node_modules\router\lib\route.js:117:3)
    at handle (C:\Users\N BHARATH\Downloads\9_Travel-main\9_Travel-main\back-end\node_modules\router\index.js:435:11)
    at Layer.handleRequest (C:\Users\N BHARATH\Downloads\9_Travel-main\9_Travel-main\back-end\node_modules\router\lib\layer.js:152:17)
[2026-08-28T07:12:42.185Z] [ERROR] [HTTP-EXCEPTION] HTTP Exception [401] on GET /workflow/state - "Missing or invalid x-role header. Authentication required."
Trace: UnauthorizedException: Missing or invalid x-role header. Authentication required.
    at RolesGuard.canActivate (C:\Users\N BHARATH\Downloads\9_Travel-main\9_Travel-main\back-end\src\common\roles.guard.ts:30:13)
    at GuardsConsumer.tryActivate (C:\Users\N BHARATH\Downloads\9_Travel-main\9_Travel-main\back-end\node_modules\@nestjs\core\guards\guards-consumer.js:15:34)
    at canActivateFn (C:\Users\N BHARATH\Downloads\9_Travel-main\9_Travel-main\back-end\node_modules\@nestjs\core\router\router-execution-context.js:135:59)
    at C:\Users\N BHARATH\Downloads\9_Travel-main\9_Travel-main\back-end\node_modules\@nestjs\core\router\router-execution-context.js:42:37
    at C:\Users\N BHARATH\Downloads\9_Travel-main\9_Travel-main\back-end\node_modules\@nestjs\core\router\router-proxy.js:9:23
    at Layer.handleRequest (C:\Users\N BHARATH\Downloads\9_Travel-main\9_Travel-main\back-end\node_modules\router\lib\layer.js:152:17)
    at next (C:\Users\N BHARATH\Downloads\9_Travel-main\9_Travel-main\back-end\node_modules\router\lib\route.js:157:13)
    at Route.dispatch (C:\Users\N BHARATH\Downloads\9_Travel-main\9_Travel-main\back-end\node_modules\router\lib\route.js:117:3)
    at handle (C:\Users\N BHARATH\Downloads\9_Travel-main\9_Travel-main\back-end\node_modules\router\index.js:435:11)
    at Layer.handleRequest (C:\Users\N BHARATH\Downloads\9_Travel-main\9_Travel-main\back-end\node_modules\router\lib\layer.js:152:17)
[2026-08-28T07:12:42.210Z] [ERROR] [HTTP-EXCEPTION] HTTP Exception [404] on POST /workflow/state - "Cannot POST /workflow/state"
Trace: NotFoundException: Cannot POST /workflow/state
    at callback (C:\Users\N BHARATH\Downloads\9_Travel-main\9_Travel-main\back-end\node_modules\@nestjs\core\router\routes-resolver.js:77:19)
    at C:\Users\N BHARATH\Downloads\9_Travel-main\9_Travel-main\back-end\node_modules\@nestjs\core\router\router-proxy.js:9:23
    at Layer.handleRequest (C:\Users\N BHARATH\Downloads\9_Travel-main\9_Travel-main\back-end\node_modules\router\lib\layer.js:152:17)
    at trimPrefix (C:\Users\N BHARATH\Downloads\9_Travel-main\9_Travel-main\back-end\node_modules\router\index.js:342:13)
    at C:\Users\N BHARATH\Downloads\9_Travel-main\9_Travel-main\back-end\node_modules\router\index.js:297:9
    at processParams (C:\Users\N BHARATH\Downloads\9_Travel-main\9_Travel-main\back-end\node_modules\router\index.js:582:12)
    at next (C:\Users\N BHARATH\Downloads\9_Travel-main\9_Travel-main\back-end\node_modules\router\index.js:291:5)
    at next (C:\Users\N BHARATH\Downloads\9_Travel-main\9_Travel-main\back-end\node_modules\router\lib\route.js:151:14)
    at LoggingMiddleware.use (C:\Users\N BHARATH\Downloads\9_Travel-main\9_Travel-main\back-end\src\common\middleware\logging.middleware.ts:27:5)
    at C:\Users\N BHARATH\Downloads\9_Travel-main\9_Travel-main\back-end\node_modules\@nestjs\core\router\router-proxy.js:9:23
[2026-08-28T07:13:37.687Z] [ERROR] [HTTP-EXCEPTION] HTTP Exception [401] on GET /issues - "Missing or invalid x-role header. Authentication required."
Trace: UnauthorizedException: Missing or invalid x-role header. Authentication required.
    at RolesGuard.canActivate (C:\Users\N BHARATH\Downloads\9_Travel-main\9_Travel-main\back-end\src\common\roles.guard.ts:30:13)
    at GuardsConsumer.tryActivate (C:\Users\N BHARATH\Downloads\9_Travel-main\9_Travel-main\back-end\node_modules\@nestjs\core\guards\guards-consumer.js:15:34)
    at canActivateFn (C:\Users\N BHARATH\Downloads\9_Travel-main\9_Travel-main\back-end\node_modules\@nestjs\core\router\router-execution-context.js:135:59)
    at C:\Users\N BHARATH\Downloads\9_Travel-main\9_Travel-main\back-end\node_modules\@nestjs\core\router\router-execution-context.js:42:37
    at C:\Users\N BHARATH\Downloads\9_Travel-main\9_Travel-main\back-end\node_modules\@nestjs\core\router\router-proxy.js:9:23
    at Layer.handleRequest (C:\Users\N BHARATH\Downloads\9_Travel-main\9_Travel-main\back-end\node_modules\router\lib\layer.js:152:17)
    at next (C:\Users\N BHARATH\Downloads\9_Travel-main\9_Travel-main\back-end\node_modules\router\lib\route.js:157:13)
    at Route.dispatch (C:\Users\N BHARATH\Downloads\9_Travel-main\9_Travel-main\back-end\node_modules\router\lib\route.js:117:3)
    at handle (C:\Users\N BHARATH\Downloads\9_Travel-main\9_Travel-main\back-end\node_modules\router\index.js:435:11)
    at Layer.handleRequest (C:\Users\N BHARATH\Downloads\9_Travel-main\9_Travel-main\back-end\node_modules\router\lib\layer.js:152:17)
[2026-08-28T07:26:42.018Z] [ERROR] [HTTP-EXCEPTION] HTTP Exception [404] on GET /favicon.ico - "Cannot GET /favicon.ico"
Trace: NotFoundException: Cannot GET /favicon.ico
    at callback (C:\Users\N BHARATH\Downloads\9_Travel-main\9_Travel-main\back-end\node_modules\@nestjs\core\router\routes-resolver.js:77:19)
    at C:\Users\N BHARATH\Downloads\9_Travel-main\9_Travel-main\back-end\node_modules\@nestjs\core\router\router-proxy.js:9:23
    at Layer.handleRequest (C:\Users\N BHARATH\Downloads\9_Travel-main\9_Travel-main\back-end\node_modules\router\lib\layer.js:152:17)
    at trimPrefix (C:\Users\N BHARATH\Downloads\9_Travel-main\9_Travel-main\back-end\node_modules\router\index.js:342:13)
    at C:\Users\N BHARATH\Downloads\9_Travel-main\9_Travel-main\back-end\node_modules\router\index.js:297:9
    at processParams (C:\Users\N BHARATH\Downloads\9_Travel-main\9_Travel-main\back-end\node_modules\router\index.js:582:12)
    at next (C:\Users\N BHARATH\Downloads\9_Travel-main\9_Travel-main\back-end\node_modules\router\index.js:291:5)
    at next (C:\Users\N BHARATH\Downloads\9_Travel-main\9_Travel-main\back-end\node_modules\router\lib\route.js:151:14)
    at LoggingMiddleware.use (C:\Users\N BHARATH\Downloads\9_Travel-main\9_Travel-main\back-end\src\common\middleware\logging.middleware.ts:27:5)
    at C:\Users\N BHARATH\Downloads\9_Travel-main\9_Travel-main\back-end\node_modules\@nestjs\core\router\router-proxy.js:9:23
[2026-08-28T07:26:42.180Z] [ERROR] [HTTP-EXCEPTION] HTTP Exception [404] on GET /favicon.ico - "Cannot GET /favicon.ico"
Trace: NotFoundException: Cannot GET /favicon.ico
    at callback (C:\Users\N BHARATH\Downloads\9_Travel-main\9_Travel-main\back-end\node_modules\@nestjs\core\router\routes-resolver.js:77:19)
    at C:\Users\N BHARATH\Downloads\9_Travel-main\9_Travel-main\back-end\node_modules\@nestjs\core\router\router-proxy.js:9:23
    at Layer.handleRequest (C:\Users\N BHARATH\Downloads\9_Travel-main\9_Travel-main\back-end\node_modules\router\lib\layer.js:152:17)
    at trimPrefix (C:\Users\N BHARATH\Downloads\9_Travel-main\9_Travel-main\back-end\node_modules\router\index.js:342:13)
    at C:\Users\N BHARATH\Downloads\9_Travel-main\9_Travel-main\back-end\node_modules\router\index.js:297:9
    at processParams (C:\Users\N BHARATH\Downloads\9_Travel-main\9_Travel-main\back-end\node_modules\router\index.js:582:12)
    at next (C:\Users\N BHARATH\Downloads\9_Travel-main\9_Travel-main\back-end\node_modules\router\index.js:291:5)
    at next (C:\Users\N BHARATH\Downloads\9_Travel-main\9_Travel-main\back-end\node_modules\router\lib\route.js:151:14)
    at LoggingMiddleware.use (C:\Users\N BHARATH\Downloads\9_Travel-main\9_Travel-main\back-end\src\common\middleware\logging.middleware.ts:27:5)
    at C:\Users\N BHARATH\Downloads\9_Travel-main\9_Travel-main\back-end\node_modules\@nestjs\core\router\router-proxy.js:9:23
[2026-08-28T07:27:34.149Z] [ERROR] [HTTP-EXCEPTION] HTTP Exception [404] on GET /favicon.ico - "Cannot GET /favicon.ico"
Trace: NotFoundException: Cannot GET /favicon.ico
    at callback (C:\Users\N BHARATH\Downloads\9_Travel-main\9_Travel-main\back-end\node_modules\@nestjs\core\router\routes-resolver.js:77:19)
    at C:\Users\N BHARATH\Downloads\9_Travel-main\9_Travel-main\back-end\node_modules\@nestjs\core\router\router-proxy.js:9:23
    at Layer.handleRequest (C:\Users\N BHARATH\Downloads\9_Travel-main\9_Travel-main\back-end\node_modules\router\lib\layer.js:152:17)
    at trimPrefix (C:\Users\N BHARATH\Downloads\9_Travel-main\9_Travel-main\back-end\node_modules\router\index.js:342:13)
    at C:\Users\N BHARATH\Downloads\9_Travel-main\9_Travel-main\back-end\node_modules\router\index.js:297:9
    at processParams (C:\Users\N BHARATH\Downloads\9_Travel-main\9_Travel-main\back-end\node_modules\router\index.js:582:12)
    at next (C:\Users\N BHARATH\Downloads\9_Travel-main\9_Travel-main\back-end\node_modules\router\index.js:291:5)
    at next (C:\Users\N BHARATH\Downloads\9_Travel-main\9_Travel-main\back-end\node_modules\router\lib\route.js:151:14)
    at LoggingMiddleware.use (C:\Users\N BHARATH\Downloads\9_Travel-main\9_Travel-main\back-end\src\common\middleware\logging.middleware.ts:27:5)
    at C:\Users\N BHARATH\Downloads\9_Travel-main\9_Travel-main\back-end\node_modules\@nestjs\core\router\router-proxy.js:9:23
[2026-09-02T11:51:39.293Z] [ERROR] [HTTP-EXCEPTION] HTTP Exception [404] on GET /favicon.ico - "Cannot GET /favicon.ico"
Trace: NotFoundException: Cannot GET /favicon.ico
    at callback (C:\Users\N BHARATH\Downloads\9_Travel-main\9_Travel-main\back-end\node_modules\@nestjs\core\router\routes-resolver.js:77:19)
    at C:\Users\N BHARATH\Downloads\9_Travel-main\9_Travel-main\back-end\node_modules\@nestjs\core\router\router-proxy.js:9:23
    at Layer.handleRequest (C:\Users\N BHARATH\Downloads\9_Travel-main\9_Travel-main\back-end\node_modules\router\lib\layer.js:152:17)
    at trimPrefix (C:\Users\N BHARATH\Downloads\9_Travel-main\9_Travel-main\back-end\node_modules\router\index.js:342:13)
    at C:\Users\N BHARATH\Downloads\9_Travel-main\9_Travel-main\back-end\node_modules\router\index.js:297:9
    at processParams (C:\Users\N BHARATH\Downloads\9_Travel-main\9_Travel-main\back-end\node_modules\router\index.js:582:12)
    at next (C:\Users\N BHARATH\Downloads\9_Travel-main\9_Travel-main\back-end\node_modules\router\index.js:291:5)
    at next (C:\Users\N BHARATH\Downloads\9_Travel-main\9_Travel-main\back-end\node_modules\router\lib\route.js:151:14)
    at LoggingMiddleware.use (C:\Users\N BHARATH\Downloads\9_Travel-main\9_Travel-main\back-end\src\common\middleware\logging.middleware.ts:27:5)
    at C:\Users\N BHARATH\Downloads\9_Travel-main\9_Travel-main\back-end\node_modules\@nestjs\core\router\router-proxy.js:9:23
[2026-09-02T12:30:56.598Z] [ERROR] [HTTP-EXCEPTION] HTTP Exception [404] on GET /favicon.ico - "Cannot GET /favicon.ico"
Trace: NotFoundException: Cannot GET /favicon.ico
    at callback (C:\Users\N BHARATH\Downloads\9_Travel-main\9_Travel-main\back-end\node_modules\@nestjs\core\router\routes-resolver.js:77:19)
    at C:\Users\N BHARATH\Downloads\9_Travel-main\9_Travel-main\back-end\node_modules\@nestjs\core\router\router-proxy.js:9:23
    at Layer.handleRequest (C:\Users\N BHARATH\Downloads\9_Travel-main\9_Travel-main\back-end\node_modules\router\lib\layer.js:152:17)
    at trimPrefix (C:\Users\N BHARATH\Downloads\9_Travel-main\9_Travel-main\back-end\node_modules\router\index.js:342:13)
    at C:\Users\N BHARATH\Downloads\9_Travel-main\9_Travel-main\back-end\node_modules\router\index.js:297:9
    at processParams (C:\Users\N BHARATH\Downloads\9_Travel-main\9_Travel-main\back-end\node_modules\router\index.js:582:12)
    at next (C:\Users\N BHARATH\Downloads\9_Travel-main\9_Travel-main\back-end\node_modules\router\index.js:291:5)
    at next (C:\Users\N BHARATH\Downloads\9_Travel-main\9_Travel-main\back-end\node_modules\router\lib\route.js:151:14)
    at LoggingMiddleware.use (C:\Users\N BHARATH\Downloads\9_Travel-main\9_Travel-main\back-end\src\common\middleware\logging.middleware.ts:27:5)
    at C:\Users\N BHARATH\Downloads\9_Travel-main\9_Travel-main\back-end\node_modules\@nestjs\core\router\router-proxy.js:9:23
[2026-09-02T15:30:58.797Z] [ERROR] [HTTP-EXCEPTION] HTTP Exception [404] on POST /notifications - "Cannot POST /notifications"
Trace: NotFoundException: Cannot POST /notifications
    at callback (C:\Users\N BHARATH\Downloads\9_Travel-main\9_Travel-main\back-end\node_modules\@nestjs\core\router\routes-resolver.js:77:19)
    at C:\Users\N BHARATH\Downloads\9_Travel-main\9_Travel-main\back-end\node_modules\@nestjs\core\router\router-proxy.js:9:23
    at Layer.handleRequest (C:\Users\N BHARATH\Downloads\9_Travel-main\9_Travel-main\back-end\node_modules\router\lib\layer.js:152:17)
    at trimPrefix (C:\Users\N BHARATH\Downloads\9_Travel-main\9_Travel-main\back-end\node_modules\router\index.js:342:13)
    at C:\Users\N BHARATH\Downloads\9_Travel-main\9_Travel-main\back-end\node_modules\router\index.js:297:9
    at processParams (C:\Users\N BHARATH\Downloads\9_Travel-main\9_Travel-main\back-end\node_modules\router\index.js:582:12)
    at next (C:\Users\N BHARATH\Downloads\9_Travel-main\9_Travel-main\back-end\node_modules\router\index.js:291:5)
    at next (C:\Users\N BHARATH\Downloads\9_Travel-main\9_Travel-main\back-end\node_modules\router\lib\route.js:151:14)
    at LoggingMiddleware.use (C:\Users\N BHARATH\Downloads\9_Travel-main\9_Travel-main\back-end\src\common\middleware\logging.middleware.ts:27:5)
    at C:\Users\N BHARATH\Downloads\9_Travel-main\9_Travel-main\back-end\node_modules\@nestjs\core\router\router-proxy.js:9:23
[2026-09-02T15:32:03.435Z] [ERROR] [HTTP-EXCEPTION] HTTP Exception [404] on POST /notifications - "Cannot POST /notifications"
Trace: NotFoundException: Cannot POST /notifications
    at callback (C:\Users\N BHARATH\Downloads\9_Travel-main\9_Travel-main\back-end\node_modules\@nestjs\core\router\routes-resolver.js:77:19)
    at C:\Users\N BHARATH\Downloads\9_Travel-main\9_Travel-main\back-end\node_modules\@nestjs\core\router\router-proxy.js:9:23
    at Layer.handleRequest (C:\Users\N BHARATH\Downloads\9_Travel-main\9_Travel-main\back-end\node_modules\router\lib\layer.js:152:17)
    at trimPrefix (C:\Users\N BHARATH\Downloads\9_Travel-main\9_Travel-main\back-end\node_modules\router\index.js:342:13)
    at C:\Users\N BHARATH\Downloads\9_Travel-main\9_Travel-main\back-end\node_modules\router\index.js:297:9
    at processParams (C:\Users\N BHARATH\Downloads\9_Travel-main\9_Travel-main\back-end\node_modules\router\index.js:582:12)
    at next (C:\Users\N BHARATH\Downloads\9_Travel-main\9_Travel-main\back-end\node_modules\router\index.js:291:5)
    at next (C:\Users\N BHARATH\Downloads\9_Travel-main\9_Travel-main\back-end\node_modules\router\lib\route.js:151:14)
    at LoggingMiddleware.use (C:\Users\N BHARATH\Downloads\9_Travel-main\9_Travel-main\back-end\src\common\middleware\logging.middleware.ts:27:5)
    at C:\Users\N BHARATH\Downloads\9_Travel-main\9_Travel-main\back-end\node_modules\@nestjs\core\router\router-proxy.js:9:23
[2026-09-02T15:32:03.447Z] [ERROR] [HTTP-EXCEPTION] HTTP Exception [404] on POST /notifications - "Cannot POST /notifications"
Trace: NotFoundException: Cannot POST /notifications
    at callback (C:\Users\N BHARATH\Downloads\9_Travel-main\9_Travel-main\back-end\node_modules\@nestjs\core\router\routes-resolver.js:77:19)
    at C:\Users\N BHARATH\Downloads\9_Travel-main\9_Travel-main\back-end\node_modules\@nestjs\core\router\router-proxy.js:9:23
    at Layer.handleRequest (C:\Users\N BHARATH\Downloads\9_Travel-main\9_Travel-main\back-end\node_modules\router\lib\layer.js:152:17)
    at trimPrefix (C:\Users\N BHARATH\Downloads\9_Travel-main\9_Travel-main\back-end\node_modules\router\index.js:342:13)
    at C:\Users\N BHARATH\Downloads\9_Travel-main\9_Travel-main\back-end\node_modules\router\index.js:297:9
    at processParams (C:\Users\N BHARATH\Downloads\9_Travel-main\9_Travel-main\back-end\node_modules\router\index.js:582:12)
    at next (C:\Users\N BHARATH\Downloads\9_Travel-main\9_Travel-main\back-end\node_modules\router\index.js:291:5)
    at next (C:\Users\N BHARATH\Downloads\9_Travel-main\9_Travel-main\back-end\node_modules\router\lib\route.js:151:14)
    at LoggingMiddleware.use (C:\Users\N BHARATH\Downloads\9_Travel-main\9_Travel-main\back-end\src\common\middleware\logging.middleware.ts:27:5)
    at C:\Users\N BHARATH\Downloads\9_Travel-main\9_Travel-main\back-end\node_modules\@nestjs\core\router\router-proxy.js:9:23
[2026-09-02T15:33:41.420Z] [ERROR] [HTTP-EXCEPTION] HTTP Exception [404] on POST /notifications - "Cannot POST /notifications"
Trace: NotFoundException: Cannot POST /notifications
    at callback (C:\Users\N BHARATH\Downloads\9_Travel-main\9_Travel-main\back-end\node_modules\@nestjs\core\router\routes-resolver.js:77:19)
    at C:\Users\N BHARATH\Downloads\9_Travel-main\9_Travel-main\back-end\node_modules\@nestjs\core\router\router-proxy.js:9:23
    at Layer.handleRequest (C:\Users\N BHARATH\Downloads\9_Travel-main\9_Travel-main\back-end\node_modules\router\lib\layer.js:152:17)
    at trimPrefix (C:\Users\N BHARATH\Downloads\9_Travel-main\9_Travel-main\back-end\node_modules\router\index.js:342:13)
    at C:\Users\N BHARATH\Downloads\9_Travel-main\9_Travel-main\back-end\node_modules\router\index.js:297:9
    at processParams (C:\Users\N BHARATH\Downloads\9_Travel-main\9_Travel-main\back-end\node_modules\router\index.js:582:12)
    at next (C:\Users\N BHARATH\Downloads\9_Travel-main\9_Travel-main\back-end\node_modules\router\index.js:291:5)
    at next (C:\Users\N BHARATH\Downloads\9_Travel-main\9_Travel-main\back-end\node_modules\router\lib\route.js:151:14)
    at LoggingMiddleware.use (C:\Users\N BHARATH\Downloads\9_Travel-main\9_Travel-main\back-end\src\common\middleware\logging.middleware.ts:27:5)
    at C:\Users\N BHARATH\Downloads\9_Travel-main\9_Travel-main\back-end\node_modules\@nestjs\core\router\router-proxy.js:9:23
[2026-09-02T15:34:47.524Z] [ERROR] [HTTP-EXCEPTION] HTTP Exception [404] on POST /notifications - "Cannot POST /notifications"
Trace: NotFoundException: Cannot POST /notifications
    at callback (C:\Users\N BHARATH\Downloads\9_Travel-main\9_Travel-main\back-end\node_modules\@nestjs\core\router\routes-resolver.js:77:19)
    at C:\Users\N BHARATH\Downloads\9_Travel-main\9_Travel-main\back-end\node_modules\@nestjs\core\router\router-proxy.js:9:23
    at Layer.handleRequest (C:\Users\N BHARATH\Downloads\9_Travel-main\9_Travel-main\back-end\node_modules\router\lib\layer.js:152:17)
    at trimPrefix (C:\Users\N BHARATH\Downloads\9_Travel-main\9_Travel-main\back-end\node_modules\router\index.js:342:13)
    at C:\Users\N BHARATH\Downloads\9_Travel-main\9_Travel-main\back-end\node_modules\router\index.js:297:9
    at processParams (C:\Users\N BHARATH\Downloads\9_Travel-main\9_Travel-main\back-end\node_modules\router\index.js:582:12)
    at next (C:\Users\N BHARATH\Downloads\9_Travel-main\9_Travel-main\back-end\node_modules\router\index.js:291:5)
    at next (C:\Users\N BHARATH\Downloads\9_Travel-main\9_Travel-main\back-end\node_modules\router\lib\route.js:151:14)
    at LoggingMiddleware.use (C:\Users\N BHARATH\Downloads\9_Travel-main\9_Travel-main\back-end\src\common\middleware\logging.middleware.ts:27:5)
    at C:\Users\N BHARATH\Downloads\9_Travel-main\9_Travel-main\back-end\node_modules\@nestjs\core\router\router-proxy.js:9:23
[2026-09-02T15:38:55.326Z] [ERROR] [HTTP-EXCEPTION] HTTP Exception [404] on POST /notifications - "Cannot POST /notifications"
Trace: NotFoundException: Cannot POST /notifications
    at callback (C:\Users\N BHARATH\Downloads\9_Travel-main\9_Travel-main\back-end\node_modules\@nestjs\core\router\routes-resolver.js:77:19)
    at C:\Users\N BHARATH\Downloads\9_Travel-main\9_Travel-main\back-end\node_modules\@nestjs\core\router\router-proxy.js:9:23
    at Layer.handleRequest (C:\Users\N BHARATH\Downloads\9_Travel-main\9_Travel-main\back-end\node_modules\router\lib\layer.js:152:17)
    at trimPrefix (C:\Users\N BHARATH\Downloads\9_Travel-main\9_Travel-main\back-end\node_modules\router\index.js:342:13)
    at C:\Users\N BHARATH\Downloads\9_Travel-main\9_Travel-main\back-end\node_modules\router\index.js:297:9
    at processParams (C:\Users\N BHARATH\Downloads\9_Travel-main\9_Travel-main\back-end\node_modules\router\index.js:582:12)
    at next (C:\Users\N BHARATH\Downloads\9_Travel-main\9_Travel-main\back-end\node_modules\router\index.js:291:5)
    at next (C:\Users\N BHARATH\Downloads\9_Travel-main\9_Travel-main\back-end\node_modules\router\lib\route.js:151:14)
    at LoggingMiddleware.use (C:\Users\N BHARATH\Downloads\9_Travel-main\9_Travel-main\back-end\src\common\middleware\logging.middleware.ts:27:5)
    at C:\Users\N BHARATH\Downloads\9_Travel-main\9_Travel-main\back-end\node_modules\@nestjs\core\router\router-proxy.js:9:23
[2026-09-02T15:39:15.944Z] [ERROR] [HTTP-EXCEPTION] HTTP Exception [404] on POST /notifications - "Cannot POST /notifications"
Trace: NotFoundException: Cannot POST /notifications
    at callback (C:\Users\N BHARATH\Downloads\9_Travel-main\9_Travel-main\back-end\node_modules\@nestjs\core\router\routes-resolver.js:77:19)
    at C:\Users\N BHARATH\Downloads\9_Travel-main\9_Travel-main\back-end\node_modules\@nestjs\core\router\router-proxy.js:9:23
    at Layer.handleRequest (C:\Users\N BHARATH\Downloads\9_Travel-main\9_Travel-main\back-end\node_modules\router\lib\layer.js:152:17)
    at trimPrefix (C:\Users\N BHARATH\Downloads\9_Travel-main\9_Travel-main\back-end\node_modules\router\index.js:342:13)
    at C:\Users\N BHARATH\Downloads\9_Travel-main\9_Travel-main\back-end\node_modules\router\index.js:297:9
    at processParams (C:\Users\N BHARATH\Downloads\9_Travel-main\9_Travel-main\back-end\node_modules\router\index.js:582:12)
    at next (C:\Users\N BHARATH\Downloads\9_Travel-main\9_Travel-main\back-end\node_modules\router\index.js:291:5)
    at next (C:\Users\N BHARATH\Downloads\9_Travel-main\9_Travel-main\back-end\node_modules\router\lib\route.js:151:14)
    at LoggingMiddleware.use (C:\Users\N BHARATH\Downloads\9_Travel-main\9_Travel-main\back-end\src\common\middleware\logging.middleware.ts:27:5)
    at C:\Users\N BHARATH\Downloads\9_Travel-main\9_Travel-main\back-end\node_modules\@nestjs\core\router\router-proxy.js:9:23
[2026-09-02T15:40:23.800Z] [ERROR] [HTTP-EXCEPTION] HTTP Exception [403] on GET /workflow/state - "The active session user was not found."
Trace: ForbiddenException: The active session user was not found.
    at RolesGuard.canActivate (C:\Users\N BHARATH\Downloads\9_Travel-main\9_Travel-main\back-end\src\common\roles.guard.ts:40:17)
    at GuardsConsumer.tryActivate (C:\Users\N BHARATH\Downloads\9_Travel-main\9_Travel-main\back-end\node_modules\@nestjs\core\guards\guards-consumer.js:15:34)
    at canActivateFn (C:\Users\N BHARATH\Downloads\9_Travel-main\9_Travel-main\back-end\node_modules\@nestjs\core\router\router-execution-context.js:135:59)
    at C:\Users\N BHARATH\Downloads\9_Travel-main\9_Travel-main\back-end\node_modules\@nestjs\core\router\router-execution-context.js:42:37
    at C:\Users\N BHARATH\Downloads\9_Travel-main\9_Travel-main\back-end\node_modules\@nestjs\core\router\router-proxy.js:9:23
    at Layer.handleRequest (C:\Users\N BHARATH\Downloads\9_Travel-main\9_Travel-main\back-end\node_modules\router\lib\layer.js:152:17)
    at next (C:\Users\N BHARATH\Downloads\9_Travel-main\9_Travel-main\back-end\node_modules\router\lib\route.js:157:13)
    at Route.dispatch (C:\Users\N BHARATH\Downloads\9_Travel-main\9_Travel-main\back-end\node_modules\router\lib\route.js:117:3)
    at handle (C:\Users\N BHARATH\Downloads\9_Travel-main\9_Travel-main\back-end\node_modules\router\index.js:435:11)
    at Layer.handleRequest (C:\Users\N BHARATH\Downloads\9_Travel-main\9_Travel-main\back-end\node_modules\router\lib\layer.js:152:17)
[2026-09-02T15:40:24.362Z] [ERROR] [HTTP-EXCEPTION] HTTP Exception [403] on GET /workflow/state - "The active session user was not found."
Trace: ForbiddenException: The active session user was not found.
    at RolesGuard.canActivate (C:\Users\N BHARATH\Downloads\9_Travel-main\9_Travel-main\back-end\src\common\roles.guard.ts:40:17)
    at GuardsConsumer.tryActivate (C:\Users\N BHARATH\Downloads\9_Travel-main\9_Travel-main\back-end\node_modules\@nestjs\core\guards\guards-consumer.js:15:34)
    at canActivateFn (C:\Users\N BHARATH\Downloads\9_Travel-main\9_Travel-main\back-end\node_modules\@nestjs\core\router\router-execution-context.js:135:59)
    at C:\Users\N BHARATH\Downloads\9_Travel-main\9_Travel-main\back-end\node_modules\@nestjs\core\router\router-execution-context.js:42:37
    at C:\Users\N BHARATH\Downloads\9_Travel-main\9_Travel-main\back-end\node_modules\@nestjs\core\router\router-proxy.js:9:23
    at Layer.handleRequest (C:\Users\N BHARATH\Downloads\9_Travel-main\9_Travel-main\back-end\node_modules\router\lib\layer.js:152:17)
    at next (C:\Users\N BHARATH\Downloads\9_Travel-main\9_Travel-main\back-end\node_modules\router\lib\route.js:157:13)
    at Route.dispatch (C:\Users\N BHARATH\Downloads\9_Travel-main\9_Travel-main\back-end\node_modules\router\lib\route.js:117:3)
    at handle (C:\Users\N BHARATH\Downloads\9_Travel-main\9_Travel-main\back-end\node_modules\router\index.js:435:11)
    at Layer.handleRequest (C:\Users\N BHARATH\Downloads\9_Travel-main\9_Travel-main\back-end\node_modules\router\lib\layer.js:152:17)
[2026-09-02T15:40:24.678Z] [ERROR] [HTTP-EXCEPTION] HTTP Exception [403] on GET /workflow/state - "The active session user was not found."
Trace: ForbiddenException: The active session user was not found.
    at RolesGuard.canActivate (C:\Users\N BHARATH\Downloads\9_Travel-main\9_Travel-main\back-end\src\common\roles.guard.ts:40:17)
    at GuardsConsumer.tryActivate (C:\Users\N BHARATH\Downloads\9_Travel-main\9_Travel-main\back-end\node_modules\@nestjs\core\guards\guards-consumer.js:15:34)
    at canActivateFn (C:\Users\N BHARATH\Downloads\9_Travel-main\9_Travel-main\back-end\node_modules\@nestjs\core\router\router-execution-context.js:135:59)
    at C:\Users\N BHARATH\Downloads\9_Travel-main\9_Travel-main\back-end\node_modules\@nestjs\core\router\router-execution-context.js:42:37
    at C:\Users\N BHARATH\Downloads\9_Travel-main\9_Travel-main\back-end\node_modules\@nestjs\core\router\router-proxy.js:9:23
    at Layer.handleRequest (C:\Users\N BHARATH\Downloads\9_Travel-main\9_Travel-main\back-end\node_modules\router\lib\layer.js:152:17)
    at next (C:\Users\N BHARATH\Downloads\9_Travel-main\9_Travel-main\back-end\node_modules\router\lib\route.js:157:13)
    at Route.dispatch (C:\Users\N BHARATH\Downloads\9_Travel-main\9_Travel-main\back-end\node_modules\router\lib\route.js:117:3)
    at handle (C:\Users\N BHARATH\Downloads\9_Travel-main\9_Travel-main\back-end\node_modules\router\index.js:435:11)
    at Layer.handleRequest (C:\Users\N BHARATH\Downloads\9_Travel-main\9_Travel-main\back-end\node_modules\router\lib\layer.js:152:17)
[2026-09-02T15:40:25.030Z] [ERROR] [HTTP-EXCEPTION] HTTP Exception [403] on GET /workflow/state - "The active session user was not found."
Trace: ForbiddenException: The active session user was not found.
    at RolesGuard.canActivate (C:\Users\N BHARATH\Downloads\9_Travel-main\9_Travel-main\back-end\src\common\roles.guard.ts:40:17)
    at GuardsConsumer.tryActivate (C:\Users\N BHARATH\Downloads\9_Travel-main\9_Travel-main\back-end\node_modules\@nestjs\core\guards\guards-consumer.js:15:34)
    at canActivateFn (C:\Users\N BHARATH\Downloads\9_Travel-main\9_Travel-main\back-end\node_modules\@nestjs\core\router\router-execution-context.js:135:59)
    at C:\Users\N BHARATH\Downloads\9_Travel-main\9_Travel-main\back-end\node_modules\@nestjs\core\router\router-execution-context.js:42:37
    at C:\Users\N BHARATH\Downloads\9_Travel-main\9_Travel-main\back-end\node_modules\@nestjs\core\router\router-proxy.js:9:23
    at Layer.handleRequest (C:\Users\N BHARATH\Downloads\9_Travel-main\9_Travel-main\back-end\node_modules\router\lib\layer.js:152:17)
    at next (C:\Users\N BHARATH\Downloads\9_Travel-main\9_Travel-main\back-end\node_modules\router\lib\route.js:157:13)
    at Route.dispatch (C:\Users\N BHARATH\Downloads\9_Travel-main\9_Travel-main\back-end\node_modules\router\lib\route.js:117:3)
    at handle (C:\Users\N BHARATH\Downloads\9_Travel-main\9_Travel-main\back-end\node_modules\router\index.js:435:11)
    at Layer.handleRequest (C:\Users\N BHARATH\Downloads\9_Travel-main\9_Travel-main\back-end\node_modules\router\lib\layer.js:152:17)
[2026-09-02T15:40:25.443Z] [ERROR] [HTTP-EXCEPTION] HTTP Exception [403] on GET /workflow/state - "The active session user was not found."
Trace: ForbiddenException: The active session user was not found.
    at RolesGuard.canActivate (C:\Users\N BHARATH\Downloads\9_Travel-main\9_Travel-main\back-end\src\common\roles.guard.ts:40:17)
    at GuardsConsumer.tryActivate (C:\Users\N BHARATH\Downloads\9_Travel-main\9_Travel-main\back-end\node_modules\@nestjs\core\guards\guards-consumer.js:15:34)
    at canActivateFn (C:\Users\N BHARATH\Downloads\9_Travel-main\9_Travel-main\back-end\node_modules\@nestjs\core\router\router-execution-context.js:135:59)
    at C:\Users\N BHARATH\Downloads\9_Travel-main\9_Travel-main\back-end\node_modules\@nestjs\core\router\router-execution-context.js:42:37
    at C:\Users\N BHARATH\Downloads\9_Travel-main\9_Travel-main\back-end\node_modules\@nestjs\core\router\router-proxy.js:9:23
    at Layer.handleRequest (C:\Users\N BHARATH\Downloads\9_Travel-main\9_Travel-main\back-end\node_modules\router\lib\layer.js:152:17)
    at next (C:\Users\N BHARATH\Downloads\9_Travel-main\9_Travel-main\back-end\node_modules\router\lib\route.js:157:13)
    at Route.dispatch (C:\Users\N BHARATH\Downloads\9_Travel-main\9_Travel-main\back-end\node_modules\router\lib\route.js:117:3)
    at handle (C:\Users\N BHARATH\Downloads\9_Travel-main\9_Travel-main\back-end\node_modules\router\index.js:435:11)
    at Layer.handleRequest (C:\Users\N BHARATH\Downloads\9_Travel-main\9_Travel-main\back-end\node_modules\router\lib\layer.js:152:17)
[2026-09-02T15:40:25.856Z] [ERROR] [HTTP-EXCEPTION] HTTP Exception [403] on GET /workflow/state - "The active session user was not found."
Trace: ForbiddenException: The active session user was not found.
    at RolesGuard.canActivate (C:\Users\N BHARATH\Downloads\9_Travel-main\9_Travel-main\back-end\src\common\roles.guard.ts:40:17)
    at GuardsConsumer.tryActivate (C:\Users\N BHARATH\Downloads\9_Travel-main\9_Travel-main\back-end\node_modules\@nestjs\core\guards\guards-consumer.js:15:34)
    at canActivateFn (C:\Users\N BHARATH\Downloads\9_Travel-main\9_Travel-main\back-end\node_modules\@nestjs\core\router\router-execution-context.js:135:59)
    at C:\Users\N BHARATH\Downloads\9_Travel-main\9_Travel-main\back-end\node_modules\@nestjs\core\router\router-execution-context.js:42:37
    at C:\Users\N BHARATH\Downloads\9_Travel-main\9_Travel-main\back-end\node_modules\@nestjs\core\router\router-proxy.js:9:23
    at Layer.handleRequest (C:\Users\N BHARATH\Downloads\9_Travel-main\9_Travel-main\back-end\node_modules\router\lib\layer.js:152:17)
    at next (C:\Users\N BHARATH\Downloads\9_Travel-main\9_Travel-main\back-end\node_modules\router\lib\route.js:157:13)
    at Route.dispatch (C:\Users\N BHARATH\Downloads\9_Travel-main\9_Travel-main\back-end\node_modules\router\lib\route.js:117:3)
    at handle (C:\Users\N BHARATH\Downloads\9_Travel-main\9_Travel-main\back-end\node_modules\router\index.js:435:11)
    at Layer.handleRequest (C:\Users\N BHARATH\Downloads\9_Travel-main\9_Travel-main\back-end\node_modules\router\lib\layer.js:152:17)
[2026-09-02T15:40:26.192Z] [ERROR] [HTTP-EXCEPTION] HTTP Exception [403] on GET /workflow/state - "The active session user was not found."
Trace: ForbiddenException: The active session user was not found.
    at RolesGuard.canActivate (C:\Users\N BHARATH\Downloads\9_Travel-main\9_Travel-main\back-end\src\common\roles.guard.ts:40:17)
    at GuardsConsumer.tryActivate (C:\Users\N BHARATH\Downloads\9_Travel-main\9_Travel-main\back-end\node_modules\@nestjs\core\guards\guards-consumer.js:15:34)
    at canActivateFn (C:\Users\N BHARATH\Downloads\9_Travel-main\9_Travel-main\back-end\node_modules\@nestjs\core\router\router-execution-context.js:135:59)
    at C:\Users\N BHARATH\Downloads\9_Travel-main\9_Travel-main\back-end\node_modules\@nestjs\core\router\router-execution-context.js:42:37
    at C:\Users\N BHARATH\Downloads\9_Travel-main\9_Travel-main\back-end\node_modules\@nestjs\core\router\router-proxy.js:9:23
    at Layer.handleRequest (C:\Users\N BHARATH\Downloads\9_Travel-main\9_Travel-main\back-end\node_modules\router\lib\layer.js:152:17)
    at next (C:\Users\N BHARATH\Downloads\9_Travel-main\9_Travel-main\back-end\node_modules\router\lib\route.js:157:13)
    at Route.dispatch (C:\Users\N BHARATH\Downloads\9_Travel-main\9_Travel-main\back-end\node_modules\router\lib\route.js:117:3)
    at handle (C:\Users\N BHARATH\Downloads\9_Travel-main\9_Travel-main\back-end\node_modules\router\index.js:435:11)
    at Layer.handleRequest (C:\Users\N BHARATH\Downloads\9_Travel-main\9_Travel-main\back-end\node_modules\router\lib\layer.js:152:17)
[2026-09-02T15:40:26.604Z] [ERROR] [HTTP-EXCEPTION] HTTP Exception [403] on GET /workflow/state - "The active session user was not found."
Trace: ForbiddenException: The active session user was not found.
    at RolesGuard.canActivate (C:\Users\N BHARATH\Downloads\9_Travel-main\9_Travel-main\back-end\src\common\roles.guard.ts:40:17)
    at GuardsConsumer.tryActivate (C:\Users\N BHARATH\Downloads\9_Travel-main\9_Travel-main\back-end\node_modules\@nestjs\core\guards\guards-consumer.js:15:34)
    at canActivateFn (C:\Users\N BHARATH\Downloads\9_Travel-main\9_Travel-main\back-end\node_modules\@nestjs\core\router\router-execution-context.js:135:59)
    at C:\Users\N BHARATH\Downloads\9_Travel-main\9_Travel-main\back-end\node_modules\@nestjs\core\router\router-execution-context.js:42:37
    at C:\Users\N BHARATH\Downloads\9_Travel-main\9_Travel-main\back-end\node_modules\@nestjs\core\router\router-proxy.js:9:23
    at Layer.handleRequest (C:\Users\N BHARATH\Downloads\9_Travel-main\9_Travel-main\back-end\node_modules\router\lib\layer.js:152:17)
    at next (C:\Users\N BHARATH\Downloads\9_Travel-main\9_Travel-main\back-end\node_modules\router\lib\route.js:157:13)
    at Route.dispatch (C:\Users\N BHARATH\Downloads\9_Travel-main\9_Travel-main\back-end\node_modules\router\lib\route.js:117:3)
    at handle (C:\Users\N BHARATH\Downloads\9_Travel-main\9_Travel-main\back-end\node_modules\router\index.js:435:11)
    at Layer.handleRequest (C:\Users\N BHARATH\Downloads\9_Travel-main\9_Travel-main\back-end\node_modules\router\lib\layer.js:152:17)
[2026-09-02T15:40:26.841Z] [ERROR] [HTTP-EXCEPTION] HTTP Exception [403] on GET /workflow/state - "The active session user was not found."
Trace: ForbiddenException: The active session user was not found.
    at RolesGuard.canActivate (C:\Users\N BHARATH\Downloads\9_Travel-main\9_Travel-main\back-end\src\common\roles.guard.ts:40:17)
    at GuardsConsumer.tryActivate (C:\Users\N BHARATH\Downloads\9_Travel-main\9_Travel-main\back-end\node_modules\@nestjs\core\guards\guards-consumer.js:15:34)
    at canActivateFn (C:\Users\N BHARATH\Downloads\9_Travel-main\9_Travel-main\back-end\node_modules\@nestjs\core\router\router-execution-context.js:135:59)
    at C:\Users\N BHARATH\Downloads\9_Travel-main\9_Travel-main\back-end\node_modules\@nestjs\core\router\router-execution-context.js:42:37
    at C:\Users\N BHARATH\Downloads\9_Travel-main\9_Travel-main\back-end\node_modules\@nestjs\core\router\router-proxy.js:9:23
    at Layer.handleRequest (C:\Users\N BHARATH\Downloads\9_Travel-main\9_Travel-main\back-end\node_modules\router\lib\layer.js:152:17)
    at next (C:\Users\N BHARATH\Downloads\9_Travel-main\9_Travel-main\back-end\node_modules\router\lib\route.js:157:13)
    at Route.dispatch (C:\Users\N BHARATH\Downloads\9_Travel-main\9_Travel-main\back-end\node_modules\router\lib\route.js:117:3)
    at handle (C:\Users\N BHARATH\Downloads\9_Travel-main\9_Travel-main\back-end\node_modules\router\index.js:435:11)
    at Layer.handleRequest (C:\Users\N BHARATH\Downloads\9_Travel-main\9_Travel-main\back-end\node_modules\router\lib\layer.js:152:17)
[2026-09-02T15:40:27.335Z] [ERROR] [HTTP-EXCEPTION] HTTP Exception [403] on GET /workflow/state - "The active session user was not found."
Trace: ForbiddenException: The active session user was not found.
    at RolesGuard.canActivate (C:\Users\N BHARATH\Downloads\9_Travel-main\9_Travel-main\back-end\src\common\roles.guard.ts:40:17)
    at GuardsConsumer.tryActivate (C:\Users\N BHARATH\Downloads\9_Travel-main\9_Travel-main\back-end\node_modules\@nestjs\core\guards\guards-consumer.js:15:34)
    at canActivateFn (C:\Users\N BHARATH\Downloads\9_Travel-main\9_Travel-main\back-end\node_modules\@nestjs\core\router\router-execution-context.js:135:59)
    at C:\Users\N BHARATH\Downloads\9_Travel-main\9_Travel-main\back-end\node_modules\@nestjs\core\router\router-execution-context.js:42:37
    at C:\Users\N BHARATH\Downloads\9_Travel-main\9_Travel-main\back-end\node_modules\@nestjs\core\router\router-proxy.js:9:23
    at Layer.handleRequest (C:\Users\N BHARATH\Downloads\9_Travel-main\9_Travel-main\back-end\node_modules\router\lib\layer.js:152:17)
    at next (C:\Users\N BHARATH\Downloads\9_Travel-main\9_Travel-main\back-end\node_modules\router\lib\route.js:157:13)
    at Route.dispatch (C:\Users\N BHARATH\Downloads\9_Travel-main\9_Travel-main\back-end\node_modules\router\lib\route.js:117:3)
    at handle (C:\Users\N BHARATH\Downloads\9_Travel-main\9_Travel-main\back-end\node_modules\router\index.js:435:11)
    at Layer.handleRequest (C:\Users\N BHARATH\Downloads\9_Travel-main\9_Travel-main\back-end\node_modules\router\lib\layer.js:152:17)
[2026-09-02T15:40:27.736Z] [ERROR] [HTTP-EXCEPTION] HTTP Exception [403] on GET /workflow/state - "The active session user was not found."
Trace: ForbiddenException: The active session user was not found.
    at RolesGuard.canActivate (C:\Users\N BHARATH\Downloads\9_Travel-main\9_Travel-main\back-end\src\common\roles.guard.ts:40:17)
    at GuardsConsumer.tryActivate (C:\Users\N BHARATH\Downloads\9_Travel-main\9_Travel-main\back-end\node_modules\@nestjs\core\guards\guards-consumer.js:15:34)
    at canActivateFn (C:\Users\N BHARATH\Downloads\9_Travel-main\9_Travel-main\back-end\node_modules\@nestjs\core\router\router-execution-context.js:135:59)
    at C:\Users\N BHARATH\Downloads\9_Travel-main\9_Travel-main\back-end\node_modules\@nestjs\core\router\router-execution-context.js:42:37
    at C:\Users\N BHARATH\Downloads\9_Travel-main\9_Travel-main\back-end\node_modules\@nestjs\core\router\router-proxy.js:9:23
    at Layer.handleRequest (C:\Users\N BHARATH\Downloads\9_Travel-main\9_Travel-main\back-end\node_modules\router\lib\layer.js:152:17)
    at next (C:\Users\N BHARATH\Downloads\9_Travel-main\9_Travel-main\back-end\node_modules\router\lib\route.js:157:13)
    at Route.dispatch (C:\Users\N BHARATH\Downloads\9_Travel-main\9_Travel-main\back-end\node_modules\router\lib\route.js:117:3)
    at handle (C:\Users\N BHARATH\Downloads\9_Travel-main\9_Travel-main\back-end\node_modules\router\index.js:435:11)
    at Layer.handleRequest (C:\Users\N BHARATH\Downloads\9_Travel-main\9_Travel-main\back-end\node_modules\router\lib\layer.js:152:17)
[2026-09-02T15:40:28.078Z] [ERROR] [HTTP-EXCEPTION] HTTP Exception [403] on GET /workflow/state - "The active session user was not found."
Trace: ForbiddenException: The active session user was not found.
    at RolesGuard.canActivate (C:\Users\N BHARATH\Downloads\9_Travel-main\9_Travel-main\back-end\src\common\roles.guard.ts:40:17)
    at GuardsConsumer.tryActivate (C:\Users\N BHARATH\Downloads\9_Travel-main\9_Travel-main\back-end\node_modules\@nestjs\core\guards\guards-consumer.js:15:34)
    at canActivateFn (C:\Users\N BHARATH\Downloads\9_Travel-main\9_Travel-main\back-end\node_modules\@nestjs\core\router\router-execution-context.js:135:59)
    at C:\Users\N BHARATH\Downloads\9_Travel-main\9_Travel-main\back-end\node_modules\@nestjs\core\router\router-execution-context.js:42:37
    at C:\Users\N BHARATH\Downloads\9_Travel-main\9_Travel-main\back-end\node_modules\@nestjs\core\router\router-proxy.js:9:23
    at Layer.handleRequest (C:\Users\N BHARATH\Downloads\9_Travel-main\9_Travel-main\back-end\node_modules\router\lib\layer.js:152:17)
    at next (C:\Users\N BHARATH\Downloads\9_Travel-main\9_Travel-main\back-end\node_modules\router\lib\route.js:157:13)
    at Route.dispatch (C:\Users\N BHARATH\Downloads\9_Travel-main\9_Travel-main\back-end\node_modules\router\lib\route.js:117:3)
    at handle (C:\Users\N BHARATH\Downloads\9_Travel-main\9_Travel-main\back-end\node_modules\router\index.js:435:11)
    at Layer.handleRequest (C:\Users\N BHARATH\Downloads\9_Travel-main\9_Travel-main\back-end\node_modules\router\lib\layer.js:152:17)
[2026-09-02T15:40:28.568Z] [ERROR] [HTTP-EXCEPTION] HTTP Exception [403] on GET /workflow/state - "The active session user was not found."
Trace: ForbiddenException: The active session user was not found.
    at RolesGuard.canActivate (C:\Users\N BHARATH\Downloads\9_Travel-main\9_Travel-main\back-end\src\common\roles.guard.ts:40:17)
    at GuardsConsumer.tryActivate (C:\Users\N BHARATH\Downloads\9_Travel-main\9_Travel-main\back-end\node_modules\@nestjs\core\guards\guards-consumer.js:15:34)
    at canActivateFn (C:\Users\N BHARATH\Downloads\9_Travel-main\9_Travel-main\back-end\node_modules\@nestjs\core\router\router-execution-context.js:135:59)
    at C:\Users\N BHARATH\Downloads\9_Travel-main\9_Travel-main\back-end\node_modules\@nestjs\core\router\router-execution-context.js:42:37
    at C:\Users\N BHARATH\Downloads\9_Travel-main\9_Travel-main\back-end\node_modules\@nestjs\core\router\router-proxy.js:9:23
    at Layer.handleRequest (C:\Users\N BHARATH\Downloads\9_Travel-main\9_Travel-main\back-end\node_modules\router\lib\layer.js:152:17)
    at next (C:\Users\N BHARATH\Downloads\9_Travel-main\9_Travel-main\back-end\node_modules\router\lib\route.js:157:13)
    at Route.dispatch (C:\Users\N BHARATH\Downloads\9_Travel-main\9_Travel-main\back-end\node_modules\router\lib\route.js:117:3)
    at handle (C:\Users\N BHARATH\Downloads\9_Travel-main\9_Travel-main\back-end\node_modules\router\index.js:435:11)
    at Layer.handleRequest (C:\Users\N BHARATH\Downloads\9_Travel-main\9_Travel-main\back-end\node_modules\router\lib\layer.js:152:17)
[2026-09-02T15:40:29.056Z] [ERROR] [HTTP-EXCEPTION] HTTP Exception [403] on GET /workflow/state - "The active session user was not found."
Trace: ForbiddenException: The active session user was not found.
    at RolesGuard.canActivate (C:\Users\N BHARATH\Downloads\9_Travel-main\9_Travel-main\back-end\src\common\roles.guard.ts:40:17)
    at GuardsConsumer.tryActivate (C:\Users\N BHARATH\Downloads\9_Travel-main\9_Travel-main\back-end\node_modules\@nestjs\core\guards\guards-consumer.js:15:34)
    at canActivateFn (C:\Users\N BHARATH\Downloads\9_Travel-main\9_Travel-main\back-end\node_modules\@nestjs\core\router\router-execution-context.js:135:59)
    at C:\Users\N BHARATH\Downloads\9_Travel-main\9_Travel-main\back-end\node_modules\@nestjs\core\router\router-execution-context.js:42:37
    at C:\Users\N BHARATH\Downloads\9_Travel-main\9_Travel-main\back-end\node_modules\@nestjs\core\router\router-proxy.js:9:23
    at Layer.handleRequest (C:\Users\N BHARATH\Downloads\9_Travel-main\9_Travel-main\back-end\node_modules\router\lib\layer.js:152:17)
    at next (C:\Users\N BHARATH\Downloads\9_Travel-main\9_Travel-main\back-end\node_modules\router\lib\route.js:157:13)
    at Route.dispatch (C:\Users\N BHARATH\Downloads\9_Travel-main\9_Travel-main\back-end\node_modules\router\lib\route.js:117:3)
    at handle (C:\Users\N BHARATH\Downloads\9_Travel-main\9_Travel-main\back-end\node_modules\router\index.js:435:11)
    at Layer.handleRequest (C:\Users\N BHARATH\Downloads\9_Travel-main\9_Travel-main\back-end\node_modules\router\lib\layer.js:152:17)
[2026-09-02T15:40:29.416Z] [ERROR] [HTTP-EXCEPTION] HTTP Exception [403] on GET /workflow/state - "The active session user was not found."
Trace: ForbiddenException: The active session user was not found.
    at RolesGuard.canActivate (C:\Users\N BHARATH\Downloads\9_Travel-main\9_Travel-main\back-end\src\common\roles.guard.ts:40:17)
    at GuardsConsumer.tryActivate (C:\Users\N BHARATH\Downloads\9_Travel-main\9_Travel-main\back-end\node_modules\@nestjs\core\guards\guards-consumer.js:15:34)
    at canActivateFn (C:\Users\N BHARATH\Downloads\9_Travel-main\9_Travel-main\back-end\node_modules\@nestjs\core\router\router-execution-context.js:135:59)
    at C:\Users\N BHARATH\Downloads\9_Travel-main\9_Travel-main\back-end\node_modules\@nestjs\core\router\router-execution-context.js:42:37
    at C:\Users\N BHARATH\Downloads\9_Travel-main\9_Travel-main\back-end\node_modules\@nestjs\core\router\router-proxy.js:9:23
    at Layer.handleRequest (C:\Users\N BHARATH\Downloads\9_Travel-main\9_Travel-main\back-end\node_modules\router\lib\layer.js:152:17)
    at next (C:\Users\N BHARATH\Downloads\9_Travel-main\9_Travel-main\back-end\node_modules\router\lib\route.js:157:13)
    at Route.dispatch (C:\Users\N BHARATH\Downloads\9_Travel-main\9_Travel-main\back-end\node_modules\router\lib\route.js:117:3)
    at handle (C:\Users\N BHARATH\Downloads\9_Travel-main\9_Travel-main\back-end\node_modules\router\index.js:435:11)
    at Layer.handleRequest (C:\Users\N BHARATH\Downloads\9_Travel-main\9_Travel-main\back-end\node_modules\router\lib\layer.js:152:17)
[2026-09-02T15:40:29.798Z] [ERROR] [HTTP-EXCEPTION] HTTP Exception [403] on GET /workflow/state - "The active session user was not found."
Trace: ForbiddenException: The active session user was not found.
    at RolesGuard.canActivate (C:\Users\N BHARATH\Downloads\9_Travel-main\9_Travel-main\back-end\src\common\roles.guard.ts:40:17)
    at GuardsConsumer.tryActivate (C:\Users\N BHARATH\Downloads\9_Travel-main\9_Travel-main\back-end\node_modules\@nestjs\core\guards\guards-consumer.js:15:34)
    at canActivateFn (C:\Users\N BHARATH\Downloads\9_Travel-main\9_Travel-main\back-end\node_modules\@nestjs\core\router\router-execution-context.js:135:59)
    at C:\Users\N BHARATH\Downloads\9_Travel-main\9_Travel-main\back-end\node_modules\@nestjs\core\router\router-execution-context.js:42:37
    at C:\Users\N BHARATH\Downloads\9_Travel-main\9_Travel-main\back-end\node_modules\@nestjs\core\router\router-proxy.js:9:23
    at Layer.handleRequest (C:\Users\N BHARATH\Downloads\9_Travel-main\9_Travel-main\back-end\node_modules\router\lib\layer.js:152:17)
    at next (C:\Users\N BHARATH\Downloads\9_Travel-main\9_Travel-main\back-end\node_modules\router\lib\route.js:157:13)
    at Route.dispatch (C:\Users\N BHARATH\Downloads\9_Travel-main\9_Travel-main\back-end\node_modules\router\lib\route.js:117:3)
    at handle (C:\Users\N BHARATH\Downloads\9_Travel-main\9_Travel-main\back-end\node_modules\router\index.js:435:11)
    at Layer.handleRequest (C:\Users\N BHARATH\Downloads\9_Travel-main\9_Travel-main\back-end\node_modules\router\lib\layer.js:152:17)
[2026-09-02T15:40:30.331Z] [ERROR] [HTTP-EXCEPTION] HTTP Exception [403] on GET /workflow/state - "The active session user was not found."
Trace: ForbiddenException: The active session user was not found.
    at RolesGuard.canActivate (C:\Users\N BHARATH\Downloads\9_Travel-main\9_Travel-main\back-end\src\common\roles.guard.ts:40:17)
    at GuardsConsumer.tryActivate (C:\Users\N BHARATH\Downloads\9_Travel-main\9_Travel-main\back-end\node_modules\@nestjs\core\guards\guards-consumer.js:15:34)
    at canActivateFn (C:\Users\N BHARATH\Downloads\9_Travel-main\9_Travel-main\back-end\node_modules\@nestjs\core\router\router-execution-context.js:135:59)
    at C:\Users\N BHARATH\Downloads\9_Travel-main\9_Travel-main\back-end\node_modules\@nestjs\core\router\router-execution-context.js:42:37
    at C:\Users\N BHARATH\Downloads\9_Travel-main\9_Travel-main\back-end\node_modules\@nestjs\core\router\router-proxy.js:9:23
    at Layer.handleRequest (C:\Users\N BHARATH\Downloads\9_Travel-main\9_Travel-main\back-end\node_modules\router\lib\layer.js:152:17)
    at next (C:\Users\N BHARATH\Downloads\9_Travel-main\9_Travel-main\back-end\node_modules\router\lib\route.js:157:13)
    at Route.dispatch (C:\Users\N BHARATH\Downloads\9_Travel-main\9_Travel-main\back-end\node_modules\router\lib\route.js:117:3)
    at handle (C:\Users\N BHARATH\Downloads\9_Travel-main\9_Travel-main\back-end\node_modules\router\index.js:435:11)
    at Layer.handleRequest (C:\Users\N BHARATH\Downloads\9_Travel-main\9_Travel-main\back-end\node_modules\router\lib\layer.js:152:17)
[2026-09-02T15:40:30.819Z] [ERROR] [HTTP-EXCEPTION] HTTP Exception [403] on GET /workflow/state - "The active session user was not found."
Trace: ForbiddenException: The active session user was not found.
    at RolesGuard.canActivate (C:\Users\N BHARATH\Downloads\9_Travel-main\9_Travel-main\back-end\src\common\roles.guard.ts:40:17)
    at GuardsConsumer.tryActivate (C:\Users\N BHARATH\Downloads\9_Travel-main\9_Travel-main\back-end\node_modules\@nestjs\core\guards\guards-consumer.js:15:34)
    at canActivateFn (C:\Users\N BHARATH\Downloads\9_Travel-main\9_Travel-main\back-end\node_modules\@nestjs\core\router\router-execution-context.js:135:59)
    at C:\Users\N BHARATH\Downloads\9_Travel-main\9_Travel-main\back-end\node_modules\@nestjs\core\router\router-execution-context.js:42:37
    at C:\Users\N BHARATH\Downloads\9_Travel-main\9_Travel-main\back-end\node_modules\@nestjs\core\router\router-proxy.js:9:23
    at Layer.handleRequest (C:\Users\N BHARATH\Downloads\9_Travel-main\9_Travel-main\back-end\node_modules\router\lib\layer.js:152:17)
    at next (C:\Users\N BHARATH\Downloads\9_Travel-main\9_Travel-main\back-end\node_modules\router\lib\route.js:157:13)
    at Route.dispatch (C:\Users\N BHARATH\Downloads\9_Travel-main\9_Travel-main\back-end\node_modules\router\lib\route.js:117:3)
    at handle (C:\Users\N BHARATH\Downloads\9_Travel-main\9_Travel-main\back-end\node_modules\router\index.js:435:11)
    at Layer.handleRequest (C:\Users\N BHARATH\Downloads\9_Travel-main\9_Travel-main\back-end\node_modules\router\lib\layer.js:152:17)
[2026-09-02T15:40:31.232Z] [ERROR] [HTTP-EXCEPTION] HTTP Exception [403] on GET /workflow/state - "The active session user was not found."
Trace: ForbiddenException: The active session user was not found.
    at RolesGuard.canActivate (C:\Users\N BHARATH\Downloads\9_Travel-main\9_Travel-main\back-end\src\common\roles.guard.ts:40:17)
    at GuardsConsumer.tryActivate (C:\Users\N BHARATH\Downloads\9_Travel-main\9_Travel-main\back-end\node_modules\@nestjs\core\guards\guards-consumer.js:15:34)
    at canActivateFn (C:\Users\N BHARATH\Downloads\9_Travel-main\9_Travel-main\back-end\node_modules\@nestjs\core\router\router-execution-context.js:135:59)
    at C:\Users\N BHARATH\Downloads\9_Travel-main\9_Travel-main\back-end\node_modules\@nestjs\core\router\router-execution-context.js:42:37
    at C:\Users\N BHARATH\Downloads\9_Travel-main\9_Travel-main\back-end\node_modules\@nestjs\core\router\router-proxy.js:9:23
    at Layer.handleRequest (C:\Users\N BHARATH\Downloads\9_Travel-main\9_Travel-main\back-end\node_modules\router\lib\layer.js:152:17)
    at next (C:\Users\N BHARATH\Downloads\9_Travel-main\9_Travel-main\back-end\node_modules\router\lib\route.js:157:13)
    at Route.dispatch (C:\Users\N BHARATH\Downloads\9_Travel-main\9_Travel-main\back-end\node_modules\router\lib\route.js:117:3)
    at handle (C:\Users\N BHARATH\Downloads\9_Travel-main\9_Travel-main\back-end\node_modules\router\index.js:435:11)
    at Layer.handleRequest (C:\Users\N BHARATH\Downloads\9_Travel-main\9_Travel-main\back-end\node_modules\router\lib\layer.js:152:17)
[2026-09-02T15:40:31.593Z] [ERROR] [HTTP-EXCEPTION] HTTP Exception [403] on GET /workflow/state - "The active session user was not found."
Trace: ForbiddenException: The active session user was not found.
    at RolesGuard.canActivate (C:\Users\N BHARATH\Downloads\9_Travel-main\9_Travel-main\back-end\src\common\roles.guard.ts:40:17)
    at GuardsConsumer.tryActivate (C:\Users\N BHARATH\Downloads\9_Travel-main\9_Travel-main\back-end\node_modules\@nestjs\core\guards\guards-consumer.js:15:34)
    at canActivateFn (C:\Users\N BHARATH\Downloads\9_Travel-main\9_Travel-main\back-end\node_modules\@nestjs\core\router\router-execution-context.js:135:59)
    at C:\Users\N BHARATH\Downloads\9_Travel-main\9_Travel-main\back-end\node_modules\@nestjs\core\router\router-execution-context.js:42:37
    at C:\Users\N BHARATH\Downloads\9_Travel-main\9_Travel-main\back-end\node_modules\@nestjs\core\router\router-proxy.js:9:23
    at Layer.handleRequest (C:\Users\N BHARATH\Downloads\9_Travel-main\9_Travel-main\back-end\node_modules\router\lib\layer.js:152:17)
    at next (C:\Users\N BHARATH\Downloads\9_Travel-main\9_Travel-main\back-end\node_modules\router\lib\route.js:157:13)
    at Route.dispatch (C:\Users\N BHARATH\Downloads\9_Travel-main\9_Travel-main\back-end\node_modules\router\lib\route.js:117:3)
    at handle (C:\Users\N BHARATH\Downloads\9_Travel-main\9_Travel-main\back-end\node_modules\router\index.js:435:11)
    at Layer.handleRequest (C:\Users\N BHARATH\Downloads\9_Travel-main\9_Travel-main\back-end\node_modules\router\lib\layer.js:152:17)
[2026-09-02T15:40:32.045Z] [ERROR] [HTTP-EXCEPTION] HTTP Exception [403] on GET /workflow/state - "The active session user was not found."
Trace: ForbiddenException: The active session user was not found.
    at RolesGuard.canActivate (C:\Users\N BHARATH\Downloads\9_Travel-main\9_Travel-main\back-end\src\common\roles.guard.ts:40:17)
    at GuardsConsumer.tryActivate (C:\Users\N BHARATH\Downloads\9_Travel-main\9_Travel-main\back-end\node_modules\@nestjs\core\guards\guards-consumer.js:15:34)
    at canActivateFn (C:\Users\N BHARATH\Downloads\9_Travel-main\9_Travel-main\back-end\node_modules\@nestjs\core\router\router-execution-context.js:135:59)
    at C:\Users\N BHARATH\Downloads\9_Travel-main\9_Travel-main\back-end\node_modules\@nestjs\core\router\router-execution-context.js:42:37
    at C:\Users\N BHARATH\Downloads\9_Travel-main\9_Travel-main\back-end\node_modules\@nestjs\core\router\router-proxy.js:9:23
    at Layer.handleRequest (C:\Users\N BHARATH\Downloads\9_Travel-main\9_Travel-main\back-end\node_modules\router\lib\layer.js:152:17)
    at next (C:\Users\N BHARATH\Downloads\9_Travel-main\9_Travel-main\back-end\node_modules\router\lib\route.js:157:13)
    at Route.dispatch (C:\Users\N BHARATH\Downloads\9_Travel-main\9_Travel-main\back-end\node_modules\router\lib\route.js:117:3)
    at handle (C:\Users\N BHARATH\Downloads\9_Travel-main\9_Travel-main\back-end\node_modules\router\index.js:435:11)
    at Layer.handleRequest (C:\Users\N BHARATH\Downloads\9_Travel-main\9_Travel-main\back-end\node_modules\router\lib\layer.js:152:17)
[2026-09-02T15:40:32.516Z] [ERROR] [HTTP-EXCEPTION] HTTP Exception [403] on GET /workflow/state - "The active session user was not found."
Trace: ForbiddenException: The active session user was not found.
    at RolesGuard.canActivate (C:\Users\N BHARATH\Downloads\9_Travel-main\9_Travel-main\back-end\src\common\roles.guard.ts:40:17)
    at GuardsConsumer.tryActivate (C:\Users\N BHARATH\Downloads\9_Travel-main\9_Travel-main\back-end\node_modules\@nestjs\core\guards\guards-consumer.js:15:34)
    at canActivateFn (C:\Users\N BHARATH\Downloads\9_Travel-main\9_Travel-main\back-end\node_modules\@nestjs\core\router\router-execution-context.js:135:59)
    at C:\Users\N BHARATH\Downloads\9_Travel-main\9_Travel-main\back-end\node_modules\@nestjs\core\router\router-execution-context.js:42:37
    at C:\Users\N BHARATH\Downloads\9_Travel-main\9_Travel-main\back-end\node_modules\@nestjs\core\router\router-proxy.js:9:23
    at Layer.handleRequest (C:\Users\N BHARATH\Downloads\9_Travel-main\9_Travel-main\back-end\node_modules\router\lib\layer.js:152:17)
    at next (C:\Users\N BHARATH\Downloads\9_Travel-main\9_Travel-main\back-end\node_modules\router\lib\route.js:157:13)
    at Route.dispatch (C:\Users\N BHARATH\Downloads\9_Travel-main\9_Travel-main\back-end\node_modules\router\lib\route.js:117:3)
    at handle (C:\Users\N BHARATH\Downloads\9_Travel-main\9_Travel-main\back-end\node_modules\router\index.js:435:11)
    at Layer.handleRequest (C:\Users\N BHARATH\Downloads\9_Travel-main\9_Travel-main\back-end\node_modules\router\lib\layer.js:152:17)
[2026-09-02T15:40:32.818Z] [ERROR] [HTTP-EXCEPTION] HTTP Exception [403] on GET /workflow/state - "The active session user was not found."
Trace: ForbiddenException: The active session user was not found.
    at RolesGuard.canActivate (C:\Users\N BHARATH\Downloads\9_Travel-main\9_Travel-main\back-end\src\common\roles.guard.ts:40:17)
    at GuardsConsumer.tryActivate (C:\Users\N BHARATH\Downloads\9_Travel-main\9_Travel-main\back-end\node_modules\@nestjs\core\guards\guards-consumer.js:15:34)
    at canActivateFn (C:\Users\N BHARATH\Downloads\9_Travel-main\9_Travel-main\back-end\node_modules\@nestjs\core\router\router-execution-context.js:135:59)
    at C:\Users\N BHARATH\Downloads\9_Travel-main\9_Travel-main\back-end\node_modules\@nestjs\core\router\router-execution-context.js:42:37
    at C:\Users\N BHARATH\Downloads\9_Travel-main\9_Travel-main\back-end\node_modules\@nestjs\core\router\router-proxy.js:9:23
    at Layer.handleRequest (C:\Users\N BHARATH\Downloads\9_Travel-main\9_Travel-main\back-end\node_modules\router\lib\layer.js:152:17)
    at next (C:\Users\N BHARATH\Downloads\9_Travel-main\9_Travel-main\back-end\node_modules\router\lib\route.js:157:13)
    at Route.dispatch (C:\Users\N BHARATH\Downloads\9_Travel-main\9_Travel-main\back-end\node_modules\router\lib\route.js:117:3)
    at handle (C:\Users\N BHARATH\Downloads\9_Travel-main\9_Travel-main\back-end\node_modules\router\index.js:435:11)
    at Layer.handleRequest (C:\Users\N BHARATH\Downloads\9_Travel-main\9_Travel-main\back-end\node_modules\router\lib\layer.js:152:17)
[2026-09-02T15:40:33.193Z] [ERROR] [HTTP-EXCEPTION] HTTP Exception [403] on GET /workflow/state - "The active session user was not found."
Trace: ForbiddenException: The active session user was not found.
    at RolesGuard.canActivate (C:\Users\N BHARATH\Downloads\9_Travel-main\9_Travel-main\back-end\src\common\roles.guard.ts:40:17)
    at GuardsConsumer.tryActivate (C:\Users\N BHARATH\Downloads\9_Travel-main\9_Travel-main\back-end\node_modules\@nestjs\core\guards\guards-consumer.js:15:34)
    at canActivateFn (C:\Users\N BHARATH\Downloads\9_Travel-main\9_Travel-main\back-end\node_modules\@nestjs\core\router\router-execution-context.js:135:59)
    at C:\Users\N BHARATH\Downloads\9_Travel-main\9_Travel-main\back-end\node_modules\@nestjs\core\router\router-execution-context.js:42:37
    at C:\Users\N BHARATH\Downloads\9_Travel-main\9_Travel-main\back-end\node_modules\@nestjs\core\router\router-proxy.js:9:23
    at Layer.handleRequest (C:\Users\N BHARATH\Downloads\9_Travel-main\9_Travel-main\back-end\node_modules\router\lib\layer.js:152:17)
    at next (C:\Users\N BHARATH\Downloads\9_Travel-main\9_Travel-main\back-end\node_modules\router\lib\route.js:157:13)
    at Route.dispatch (C:\Users\N BHARATH\Downloads\9_Travel-main\9_Travel-main\back-end\node_modules\router\lib\route.js:117:3)
    at handle (C:\Users\N BHARATH\Downloads\9_Travel-main\9_Travel-main\back-end\node_modules\router\index.js:435:11)
    at Layer.handleRequest (C:\Users\N BHARATH\Downloads\9_Travel-main\9_Travel-main\back-end\node_modules\router\lib\layer.js:152:17)
[2026-09-02T15:40:33.381Z] [ERROR] [HTTP-EXCEPTION] HTTP Exception [403] on GET /workflow/state - "The active session user was not found."
Trace: ForbiddenException: The active session user was not found.
    at RolesGuard.canActivate (C:\Users\N BHARATH\Downloads\9_Travel-main\9_Travel-main\back-end\src\common\roles.guard.ts:40:17)
    at GuardsConsumer.tryActivate (C:\Users\N BHARATH\Downloads\9_Travel-main\9_Travel-main\back-end\node_modules\@nestjs\core\guards\guards-consumer.js:15:34)
    at canActivateFn (C:\Users\N BHARATH\Downloads\9_Travel-main\9_Travel-main\back-end\node_modules\@nestjs\core\router\router-execution-context.js:135:59)
    at C:\Users\N BHARATH\Downloads\9_Travel-main\9_Travel-main\back-end\node_modules\@nestjs\core\router\router-execution-context.js:42:37
    at C:\Users\N BHARATH\Downloads\9_Travel-main\9_Travel-main\back-end\node_modules\@nestjs\core\router\router-proxy.js:9:23
    at Layer.handleRequest (C:\Users\N BHARATH\Downloads\9_Travel-main\9_Travel-main\back-end\node_modules\router\lib\layer.js:152:17)
    at next (C:\Users\N BHARATH\Downloads\9_Travel-main\9_Travel-main\back-end\node_modules\router\lib\route.js:157:13)
    at Route.dispatch (C:\Users\N BHARATH\Downloads\9_Travel-main\9_Travel-main\back-end\node_modules\router\lib\route.js:117:3)
    at handle (C:\Users\N BHARATH\Downloads\9_Travel-main\9_Travel-main\back-end\node_modules\router\index.js:435:11)
    at Layer.handleRequest (C:\Users\N BHARATH\Downloads\9_Travel-main\9_Travel-main\back-end\node_modules\router\lib\layer.js:152:17)
[2026-09-02T15:40:33.719Z] [ERROR] [HTTP-EXCEPTION] HTTP Exception [403] on GET /workflow/state - "The active session user was not found."
Trace: ForbiddenException: The active session user was not found.
    at RolesGuard.canActivate (C:\Users\N BHARATH\Downloads\9_Travel-main\9_Travel-main\back-end\src\common\roles.guard.ts:40:17)
    at GuardsConsumer.tryActivate (C:\Users\N BHARATH\Downloads\9_Travel-main\9_Travel-main\back-end\node_modules\@nestjs\core\guards\guards-consumer.js:15:34)
    at canActivateFn (C:\Users\N BHARATH\Downloads\9_Travel-main\9_Travel-main\back-end\node_modules\@nestjs\core\router\router-execution-context.js:135:59)
    at C:\Users\N BHARATH\Downloads\9_Travel-main\9_Travel-main\back-end\node_modules\@nestjs\core\router\router-execution-context.js:42:37
    at C:\Users\N BHARATH\Downloads\9_Travel-main\9_Travel-main\back-end\node_modules\@nestjs\core\router\router-proxy.js:9:23
    at Layer.handleRequest (C:\Users\N BHARATH\Downloads\9_Travel-main\9_Travel-main\back-end\node_modules\router\lib\layer.js:152:17)
    at next (C:\Users\N BHARATH\Downloads\9_Travel-main\9_Travel-main\back-end\node_modules\router\lib\route.js:157:13)
    at Route.dispatch (C:\Users\N BHARATH\Downloads\9_Travel-main\9_Travel-main\back-end\node_modules\router\lib\route.js:117:3)
    at handle (C:\Users\N BHARATH\Downloads\9_Travel-main\9_Travel-main\back-end\node_modules\router\index.js:435:11)
    at Layer.handleRequest (C:\Users\N BHARATH\Downloads\9_Travel-main\9_Travel-main\back-end\node_modules\router\lib\layer.js:152:17)
[2026-09-02T15:40:33.993Z] [ERROR] [HTTP-EXCEPTION] HTTP Exception [403] on GET /workflow/state - "The active session user was not found."
Trace: ForbiddenException: The active session user was not found.
    at RolesGuard.canActivate (C:\Users\N BHARATH\Downloads\9_Travel-main\9_Travel-main\back-end\src\common\roles.guard.ts:40:17)
    at GuardsConsumer.tryActivate (C:\Users\N BHARATH\Downloads\9_Travel-main\9_Travel-main\back-end\node_modules\@nestjs\core\guards\guards-consumer.js:15:34)
    at canActivateFn (C:\Users\N BHARATH\Downloads\9_Travel-main\9_Travel-main\back-end\node_modules\@nestjs\core\router\router-execution-context.js:135:59)
    at C:\Users\N BHARATH\Downloads\9_Travel-main\9_Travel-main\back-end\node_modules\@nestjs\core\router\router-execution-context.js:42:37
    at C:\Users\N BHARATH\Downloads\9_Travel-main\9_Travel-main\back-end\node_modules\@nestjs\core\router\router-proxy.js:9:23
    at Layer.handleRequest (C:\Users\N BHARATH\Downloads\9_Travel-main\9_Travel-main\back-end\node_modules\router\lib\layer.js:152:17)
    at next (C:\Users\N BHARATH\Downloads\9_Travel-main\9_Travel-main\back-end\node_modules\router\lib\route.js:157:13)
    at Route.dispatch (C:\Users\N BHARATH\Downloads\9_Travel-main\9_Travel-main\back-end\node_modules\router\lib\route.js:117:3)
    at handle (C:\Users\N BHARATH\Downloads\9_Travel-main\9_Travel-main\back-end\node_modules\router\index.js:435:11)
    at Layer.handleRequest (C:\Users\N BHARATH\Downloads\9_Travel-main\9_Travel-main\back-end\node_modules\router\lib\layer.js:152:17)
[2026-09-02T15:40:34.303Z] [ERROR] [HTTP-EXCEPTION] HTTP Exception [403] on GET /workflow/state - "The active session user was not found."
Trace: ForbiddenException: The active session user was not found.
    at RolesGuard.canActivate (C:\Users\N BHARATH\Downloads\9_Travel-main\9_Travel-main\back-end\src\common\roles.guard.ts:40:17)
    at GuardsConsumer.tryActivate (C:\Users\N BHARATH\Downloads\9_Travel-main\9_Travel-main\back-end\node_modules\@nestjs\core\guards\guards-consumer.js:15:34)
    at canActivateFn (C:\Users\N BHARATH\Downloads\9_Travel-main\9_Travel-main\back-end\node_modules\@nestjs\core\router\router-execution-context.js:135:59)
    at C:\Users\N BHARATH\Downloads\9_Travel-main\9_Travel-main\back-end\node_modules\@nestjs\core\router\router-execution-context.js:42:37
    at C:\Users\N BHARATH\Downloads\9_Travel-main\9_Travel-main\back-end\node_modules\@nestjs\core\router\router-proxy.js:9:23
    at Layer.handleRequest (C:\Users\N BHARATH\Downloads\9_Travel-main\9_Travel-main\back-end\node_modules\router\lib\layer.js:152:17)
    at next (C:\Users\N BHARATH\Downloads\9_Travel-main\9_Travel-main\back-end\node_modules\router\lib\route.js:157:13)
    at Route.dispatch (C:\Users\N BHARATH\Downloads\9_Travel-main\9_Travel-main\back-end\node_modules\router\lib\route.js:117:3)
    at handle (C:\Users\N BHARATH\Downloads\9_Travel-main\9_Travel-main\back-end\node_modules\router\index.js:435:11)
    at Layer.handleRequest (C:\Users\N BHARATH\Downloads\9_Travel-main\9_Travel-main\back-end\node_modules\router\lib\layer.js:152:17)
[2026-09-02T15:40:34.614Z] [ERROR] [HTTP-EXCEPTION] HTTP Exception [403] on GET /workflow/state - "The active session user was not found."
Trace: ForbiddenException: The active session user was not found.
    at RolesGuard.canActivate (C:\Users\N BHARATH\Downloads\9_Travel-main\9_Travel-main\back-end\src\common\roles.guard.ts:40:17)
    at GuardsConsumer.tryActivate (C:\Users\N BHARATH\Downloads\9_Travel-main\9_Travel-main\back-end\node_modules\@nestjs\core\guards\guards-consumer.js:15:34)
    at canActivateFn (C:\Users\N BHARATH\Downloads\9_Travel-main\9_Travel-main\back-end\node_modules\@nestjs\core\router\router-execution-context.js:135:59)
    at C:\Users\N BHARATH\Downloads\9_Travel-main\9_Travel-main\back-end\node_modules\@nestjs\core\router\router-execution-context.js:42:37
    at C:\Users\N BHARATH\Downloads\9_Travel-main\9_Travel-main\back-end\node_modules\@nestjs\core\router\router-proxy.js:9:23
    at Layer.handleRequest (C:\Users\N BHARATH\Downloads\9_Travel-main\9_Travel-main\back-end\node_modules\router\lib\layer.js:152:17)
    at next (C:\Users\N BHARATH\Downloads\9_Travel-main\9_Travel-main\back-end\node_modules\router\lib\route.js:157:13)
    at Route.dispatch (C:\Users\N BHARATH\Downloads\9_Travel-main\9_Travel-main\back-end\node_modules\router\lib\route.js:117:3)
    at handle (C:\Users\N BHARATH\Downloads\9_Travel-main\9_Travel-main\back-end\node_modules\router\index.js:435:11)
    at Layer.handleRequest (C:\Users\N BHARATH\Downloads\9_Travel-main\9_Travel-main\back-end\node_modules\router\lib\layer.js:152:17)
[2026-09-02T15:40:35.015Z] [ERROR] [HTTP-EXCEPTION] HTTP Exception [403] on GET /workflow/state - "The active session user was not found."
Trace: ForbiddenException: The active session user was not found.
    at RolesGuard.canActivate (C:\Users\N BHARATH\Downloads\9_Travel-main\9_Travel-main\back-end\src\common\roles.guard.ts:40:17)
    at GuardsConsumer.tryActivate (C:\Users\N BHARATH\Downloads\9_Travel-main\9_Travel-main\back-end\node_modules\@nestjs\core\guards\guards-consumer.js:15:34)
    at canActivateFn (C:\Users\N BHARATH\Downloads\9_Travel-main\9_Travel-main\back-end\node_modules\@nestjs\core\router\router-execution-context.js:135:59)
    at C:\Users\N BHARATH\Downloads\9_Travel-main\9_Travel-main\back-end\node_modules\@nestjs\core\router\router-execution-context.js:42:37
    at C:\Users\N BHARATH\Downloads\9_Travel-main\9_Travel-main\back-end\node_modules\@nestjs\core\router\router-proxy.js:9:23
    at Layer.handleRequest (C:\Users\N BHARATH\Downloads\9_Travel-main\9_Travel-main\back-end\node_modules\router\lib\layer.js:152:17)
    at next (C:\Users\N BHARATH\Downloads\9_Travel-main\9_Travel-main\back-end\node_modules\router\lib\route.js:157:13)
    at Route.dispatch (C:\Users\N BHARATH\Downloads\9_Travel-main\9_Travel-main\back-end\node_modules\router\lib\route.js:117:3)
    at handle (C:\Users\N BHARATH\Downloads\9_Travel-main\9_Travel-main\back-end\node_modules\router\index.js:435:11)
    at Layer.handleRequest (C:\Users\N BHARATH\Downloads\9_Travel-main\9_Travel-main\back-end\node_modules\router\lib\layer.js:152:17)
[2026-09-02T15:40:35.229Z] [ERROR] [HTTP-EXCEPTION] HTTP Exception [403] on GET /workflow/state - "The active session user was not found."
Trace: ForbiddenException: The active session user was not found.
    at RolesGuard.canActivate (C:\Users\N BHARATH\Downloads\9_Travel-main\9_Travel-main\back-end\src\common\roles.guard.ts:40:17)
    at GuardsConsumer.tryActivate (C:\Users\N BHARATH\Downloads\9_Travel-main\9_Travel-main\back-end\node_modules\@nestjs\core\guards\guards-consumer.js:15:34)
    at canActivateFn (C:\Users\N BHARATH\Downloads\9_Travel-main\9_Travel-main\back-end\node_modules\@nestjs\core\router\router-execution-context.js:135:59)
    at C:\Users\N BHARATH\Downloads\9_Travel-main\9_Travel-main\back-end\node_modules\@nestjs\core\router\router-execution-context.js:42:37
    at C:\Users\N BHARATH\Downloads\9_Travel-main\9_Travel-main\back-end\node_modules\@nestjs\core\router\router-proxy.js:9:23
    at Layer.handleRequest (C:\Users\N BHARATH\Downloads\9_Travel-main\9_Travel-main\back-end\node_modules\router\lib\layer.js:152:17)
    at next (C:\Users\N BHARATH\Downloads\9_Travel-main\9_Travel-main\back-end\node_modules\router\lib\route.js:157:13)
    at Route.dispatch (C:\Users\N BHARATH\Downloads\9_Travel-main\9_Travel-main\back-end\node_modules\router\lib\route.js:117:3)
    at handle (C:\Users\N BHARATH\Downloads\9_Travel-main\9_Travel-main\back-end\node_modules\router\index.js:435:11)
    at Layer.handleRequest (C:\Users\N BHARATH\Downloads\9_Travel-main\9_Travel-main\back-end\node_modules\router\lib\layer.js:152:17)
[2026-09-02T15:40:35.534Z] [ERROR] [HTTP-EXCEPTION] HTTP Exception [403] on GET /workflow/state - "The active session user was not found."
Trace: ForbiddenException: The active session user was not found.
    at RolesGuard.canActivate (C:\Users\N BHARATH\Downloads\9_Travel-main\9_Travel-main\back-end\src\common\roles.guard.ts:40:17)
    at GuardsConsumer.tryActivate (C:\Users\N BHARATH\Downloads\9_Travel-main\9_Travel-main\back-end\node_modules\@nestjs\core\guards\guards-consumer.js:15:34)
    at canActivateFn (C:\Users\N BHARATH\Downloads\9_Travel-main\9_Travel-main\back-end\node_modules\@nestjs\core\router\router-execution-context.js:135:59)
    at C:\Users\N BHARATH\Downloads\9_Travel-main\9_Travel-main\back-end\node_modules\@nestjs\core\router\router-execution-context.js:42:37
    at C:\Users\N BHARATH\Downloads\9_Travel-main\9_Travel-main\back-end\node_modules\@nestjs\core\router\router-proxy.js:9:23
    at Layer.handleRequest (C:\Users\N BHARATH\Downloads\9_Travel-main\9_Travel-main\back-end\node_modules\router\lib\layer.js:152:17)
    at next (C:\Users\N BHARATH\Downloads\9_Travel-main\9_Travel-main\back-end\node_modules\router\lib\route.js:157:13)
    at Route.dispatch (C:\Users\N BHARATH\Downloads\9_Travel-main\9_Travel-main\back-end\node_modules\router\lib\route.js:117:3)
    at handle (C:\Users\N BHARATH\Downloads\9_Travel-main\9_Travel-main\back-end\node_modules\router\index.js:435:11)
    at Layer.handleRequest (C:\Users\N BHARATH\Downloads\9_Travel-main\9_Travel-main\back-end\node_modules\router\lib\layer.js:152:17)
[2026-09-02T15:40:35.875Z] [ERROR] [HTTP-EXCEPTION] HTTP Exception [403] on GET /workflow/state - "The active session user was not found."
Trace: ForbiddenException: The active session user was not found.
    at RolesGuard.canActivate (C:\Users\N BHARATH\Downloads\9_Travel-main\9_Travel-main\back-end\src\common\roles.guard.ts:40:17)
    at GuardsConsumer.tryActivate (C:\Users\N BHARATH\Downloads\9_Travel-main\9_Travel-main\back-end\node_modules\@nestjs\core\guards\guards-consumer.js:15:34)
    at canActivateFn (C:\Users\N BHARATH\Downloads\9_Travel-main\9_Travel-main\back-end\node_modules\@nestjs\core\router\router-execution-context.js:135:59)
    at C:\Users\N BHARATH\Downloads\9_Travel-main\9_Travel-main\back-end\node_modules\@nestjs\core\router\router-execution-context.js:42:37
    at C:\Users\N BHARATH\Downloads\9_Travel-main\9_Travel-main\back-end\node_modules\@nestjs\core\router\router-proxy.js:9:23
    at Layer.handleRequest (C:\Users\N BHARATH\Downloads\9_Travel-main\9_Travel-main\back-end\node_modules\router\lib\layer.js:152:17)
    at next (C:\Users\N BHARATH\Downloads\9_Travel-main\9_Travel-main\back-end\node_modules\router\lib\route.js:157:13)
    at Route.dispatch (C:\Users\N BHARATH\Downloads\9_Travel-main\9_Travel-main\back-end\node_modules\router\lib\route.js:117:3)
    at handle (C:\Users\N BHARATH\Downloads\9_Travel-main\9_Travel-main\back-end\node_modules\router\index.js:435:11)
    at Layer.handleRequest (C:\Users\N BHARATH\Downloads\9_Travel-main\9_Travel-main\back-end\node_modules\router\lib\layer.js:152:17)
[2026-09-02T15:40:36.167Z] [ERROR] [HTTP-EXCEPTION] HTTP Exception [403] on GET /workflow/state - "The active session user was not found."
Trace: ForbiddenException: The active session user was not found.
    at RolesGuard.canActivate (C:\Users\N BHARATH\Downloads\9_Travel-main\9_Travel-main\back-end\src\common\roles.guard.ts:40:17)
    at GuardsConsumer.tryActivate (C:\Users\N BHARATH\Downloads\9_Travel-main\9_Travel-main\back-end\node_modules\@nestjs\core\guards\guards-consumer.js:15:34)
    at canActivateFn (C:\Users\N BHARATH\Downloads\9_Travel-main\9_Travel-main\back-end\node_modules\@nestjs\core\router\router-execution-context.js:135:59)
    at C:\Users\N BHARATH\Downloads\9_Travel-main\9_Travel-main\back-end\node_modules\@nestjs\core\router\router-execution-context.js:42:37
    at C:\Users\N BHARATH\Downloads\9_Travel-main\9_Travel-main\back-end\node_modules\@nestjs\core\router\router-proxy.js:9:23
    at Layer.handleRequest (C:\Users\N BHARATH\Downloads\9_Travel-main\9_Travel-main\back-end\node_modules\router\lib\layer.js:152:17)
    at next (C:\Users\N BHARATH\Downloads\9_Travel-main\9_Travel-main\back-end\node_modules\router\lib\route.js:157:13)
    at Route.dispatch (C:\Users\N BHARATH\Downloads\9_Travel-main\9_Travel-main\back-end\node_modules\router\lib\route.js:117:3)
    at handle (C:\Users\N BHARATH\Downloads\9_Travel-main\9_Travel-main\back-end\node_modules\router\index.js:435:11)
    at Layer.handleRequest (C:\Users\N BHARATH\Downloads\9_Travel-main\9_Travel-main\back-end\node_modules\router\lib\layer.js:152:17)
[2026-09-02T15:40:36.419Z] [ERROR] [HTTP-EXCEPTION] HTTP Exception [403] on GET /workflow/state - "The active session user was not found."
Trace: ForbiddenException: The active session user was not found.
    at RolesGuard.canActivate (C:\Users\N BHARATH\Downloads\9_Travel-main\9_Travel-main\back-end\src\common\roles.guard.ts:40:17)
    at GuardsConsumer.tryActivate (C:\Users\N BHARATH\Downloads\9_Travel-main\9_Travel-main\back-end\node_modules\@nestjs\core\guards\guards-consumer.js:15:34)
    at canActivateFn (C:\Users\N BHARATH\Downloads\9_Travel-main\9_Travel-main\back-end\node_modules\@nestjs\core\router\router-execution-context.js:135:59)
    at C:\Users\N BHARATH\Downloads\9_Travel-main\9_Travel-main\back-end\node_modules\@nestjs\core\router\router-execution-context.js:42:37
    at C:\Users\N BHARATH\Downloads\9_Travel-main\9_Travel-main\back-end\node_modules\@nestjs\core\router\router-proxy.js:9:23
    at Layer.handleRequest (C:\Users\N BHARATH\Downloads\9_Travel-main\9_Travel-main\back-end\node_modules\router\lib\layer.js:152:17)
    at next (C:\Users\N BHARATH\Downloads\9_Travel-main\9_Travel-main\back-end\node_modules\router\lib\route.js:157:13)
    at Route.dispatch (C:\Users\N BHARATH\Downloads\9_Travel-main\9_Travel-main\back-end\node_modules\router\lib\route.js:117:3)
    at handle (C:\Users\N BHARATH\Downloads\9_Travel-main\9_Travel-main\back-end\node_modules\router\index.js:435:11)
    at Layer.handleRequest (C:\Users\N BHARATH\Downloads\9_Travel-main\9_Travel-main\back-end\node_modules\router\lib\layer.js:152:17)
[2026-09-02T15:40:36.646Z] [ERROR] [HTTP-EXCEPTION] HTTP Exception [403] on GET /workflow/state - "The active session user was not found."
Trace: ForbiddenException: The active session user was not found.
    at RolesGuard.canActivate (C:\Users\N BHARATH\Downloads\9_Travel-main\9_Travel-main\back-end\src\common\roles.guard.ts:40:17)
    at GuardsConsumer.tryActivate (C:\Users\N BHARATH\Downloads\9_Travel-main\9_Travel-main\back-end\node_modules\@nestjs\core\guards\guards-consumer.js:15:34)
    at canActivateFn (C:\Users\N BHARATH\Downloads\9_Travel-main\9_Travel-main\back-end\node_modules\@nestjs\core\router\router-execution-context.js:135:59)
    at C:\Users\N BHARATH\Downloads\9_Travel-main\9_Travel-main\back-end\node_modules\@nestjs\core\router\router-execution-context.js:42:37
    at C:\Users\N BHARATH\Downloads\9_Travel-main\9_Travel-main\back-end\node_modules\@nestjs\core\router\router-proxy.js:9:23
    at Layer.handleRequest (C:\Users\N BHARATH\Downloads\9_Travel-main\9_Travel-main\back-end\node_modules\router\lib\layer.js:152:17)
    at next (C:\Users\N BHARATH\Downloads\9_Travel-main\9_Travel-main\back-end\node_modules\router\lib\route.js:157:13)
    at Route.dispatch (C:\Users\N BHARATH\Downloads\9_Travel-main\9_Travel-main\back-end\node_modules\router\lib\route.js:117:3)
    at handle (C:\Users\N BHARATH\Downloads\9_Travel-main\9_Travel-main\back-end\node_modules\router\index.js:435:11)
    at Layer.handleRequest (C:\Users\N BHARATH\Downloads\9_Travel-main\9_Travel-main\back-end\node_modules\router\lib\layer.js:152:17)
[2026-09-02T15:40:37.036Z] [ERROR] [HTTP-EXCEPTION] HTTP Exception [403] on GET /workflow/state - "The active session user was not found."
Trace: ForbiddenException: The active session user was not found.
    at RolesGuard.canActivate (C:\Users\N BHARATH\Downloads\9_Travel-main\9_Travel-main\back-end\src\common\roles.guard.ts:40:17)
    at GuardsConsumer.tryActivate (C:\Users\N BHARATH\Downloads\9_Travel-main\9_Travel-main\back-end\node_modules\@nestjs\core\guards\guards-consumer.js:15:34)
    at canActivateFn (C:\Users\N BHARATH\Downloads\9_Travel-main\9_Travel-main\back-end\node_modules\@nestjs\core\router\router-execution-context.js:135:59)
    at C:\Users\N BHARATH\Downloads\9_Travel-main\9_Travel-main\back-end\node_modules\@nestjs\core\router\router-execution-context.js:42:37
    at C:\Users\N BHARATH\Downloads\9_Travel-main\9_Travel-main\back-end\node_modules\@nestjs\core\router\router-proxy.js:9:23
    at Layer.handleRequest (C:\Users\N BHARATH\Downloads\9_Travel-main\9_Travel-main\back-end\node_modules\router\lib\layer.js:152:17)
    at next (C:\Users\N BHARATH\Downloads\9_Travel-main\9_Travel-main\back-end\node_modules\router\lib\route.js:157:13)
    at Route.dispatch (C:\Users\N BHARATH\Downloads\9_Travel-main\9_Travel-main\back-end\node_modules\router\lib\route.js:117:3)
    at handle (C:\Users\N BHARATH\Downloads\9_Travel-main\9_Travel-main\back-end\node_modules\router\index.js:435:11)
    at Layer.handleRequest (C:\Users\N BHARATH\Downloads\9_Travel-main\9_Travel-main\back-end\node_modules\router\lib\layer.js:152:17)
[2026-09-02T15:40:37.323Z] [ERROR] [HTTP-EXCEPTION] HTTP Exception [403] on GET /workflow/state - "The active session user was not found."
Trace: ForbiddenException: The active session user was not found.
    at RolesGuard.canActivate (C:\Users\N BHARATH\Downloads\9_Travel-main\9_Travel-main\back-end\src\common\roles.guard.ts:40:17)
    at GuardsConsumer.tryActivate (C:\Users\N BHARATH\Downloads\9_Travel-main\9_Travel-main\back-end\node_modules\@nestjs\core\guards\guards-consumer.js:15:34)
    at canActivateFn (C:\Users\N BHARATH\Downloads\9_Travel-main\9_Travel-main\back-end\node_modules\@nestjs\core\router\router-execution-context.js:135:59)
    at C:\Users\N BHARATH\Downloads\9_Travel-main\9_Travel-main\back-end\node_modules\@nestjs\core\router\router-execution-context.js:42:37
    at C:\Users\N BHARATH\Downloads\9_Travel-main\9_Travel-main\back-end\node_modules\@nestjs\core\router\router-proxy.js:9:23
    at Layer.handleRequest (C:\Users\N BHARATH\Downloads\9_Travel-main\9_Travel-main\back-end\node_modules\router\lib\layer.js:152:17)
    at next (C:\Users\N BHARATH\Downloads\9_Travel-main\9_Travel-main\back-end\node_modules\router\lib\route.js:157:13)
    at Route.dispatch (C:\Users\N BHARATH\Downloads\9_Travel-main\9_Travel-main\back-end\node_modules\router\lib\route.js:117:3)
    at handle (C:\Users\N BHARATH\Downloads\9_Travel-main\9_Travel-main\back-end\node_modules\router\index.js:435:11)
    at Layer.handleRequest (C:\Users\N BHARATH\Downloads\9_Travel-main\9_Travel-main\back-end\node_modules\router\lib\layer.js:152:17)
[2026-09-02T15:40:37.538Z] [ERROR] [HTTP-EXCEPTION] HTTP Exception [403] on GET /workflow/state - "The active session user was not found."
Trace: ForbiddenException: The active session user was not found.
    at RolesGuard.canActivate (C:\Users\N BHARATH\Downloads\9_Travel-main\9_Travel-main\back-end\src\common\roles.guard.ts:40:17)
    at GuardsConsumer.tryActivate (C:\Users\N BHARATH\Downloads\9_Travel-main\9_Travel-main\back-end\node_modules\@nestjs\core\guards\guards-consumer.js:15:34)
    at canActivateFn (C:\Users\N BHARATH\Downloads\9_Travel-main\9_Travel-main\back-end\node_modules\@nestjs\core\router\router-execution-context.js:135:59)
    at C:\Users\N BHARATH\Downloads\9_Travel-main\9_Travel-main\back-end\node_modules\@nestjs\core\router\router-execution-context.js:42:37
    at C:\Users\N BHARATH\Downloads\9_Travel-main\9_Travel-main\back-end\node_modules\@nestjs\core\router\router-proxy.js:9:23
    at Layer.handleRequest (C:\Users\N BHARATH\Downloads\9_Travel-main\9_Travel-main\back-end\node_modules\router\lib\layer.js:152:17)
    at next (C:\Users\N BHARATH\Downloads\9_Travel-main\9_Travel-main\back-end\node_modules\router\lib\route.js:157:13)
    at Route.dispatch (C:\Users\N BHARATH\Downloads\9_Travel-main\9_Travel-main\back-end\node_modules\router\lib\route.js:117:3)
    at handle (C:\Users\N BHARATH\Downloads\9_Travel-main\9_Travel-main\back-end\node_modules\router\index.js:435:11)
    at Layer.handleRequest (C:\Users\N BHARATH\Downloads\9_Travel-main\9_Travel-main\back-end\node_modules\router\lib\layer.js:152:17)
[2026-09-02T15:40:37.851Z] [ERROR] [HTTP-EXCEPTION] HTTP Exception [403] on GET /workflow/state - "The active session user was not found."
Trace: ForbiddenException: The active session user was not found.
    at RolesGuard.canActivate (C:\Users\N BHARATH\Downloads\9_Travel-main\9_Travel-main\back-end\src\common\roles.guard.ts:40:17)
    at GuardsConsumer.tryActivate (C:\Users\N BHARATH\Downloads\9_Travel-main\9_Travel-main\back-end\node_modules\@nestjs\core\guards\guards-consumer.js:15:34)
    at canActivateFn (C:\Users\N BHARATH\Downloads\9_Travel-main\9_Travel-main\back-end\node_modules\@nestjs\core\router\router-execution-context.js:135:59)
    at C:\Users\N BHARATH\Downloads\9_Travel-main\9_Travel-main\back-end\node_modules\@nestjs\core\router\router-execution-context.js:42:37
    at C:\Users\N BHARATH\Downloads\9_Travel-main\9_Travel-main\back-end\node_modules\@nestjs\core\router\router-proxy.js:9:23
    at Layer.handleRequest (C:\Users\N BHARATH\Downloads\9_Travel-main\9_Travel-main\back-end\node_modules\router\lib\layer.js:152:17)
    at next (C:\Users\N BHARATH\Downloads\9_Travel-main\9_Travel-main\back-end\node_modules\router\lib\route.js:157:13)
    at Route.dispatch (C:\Users\N BHARATH\Downloads\9_Travel-main\9_Travel-main\back-end\node_modules\router\lib\route.js:117:3)
    at handle (C:\Users\N BHARATH\Downloads\9_Travel-main\9_Travel-main\back-end\node_modules\router\index.js:435:11)
    at Layer.handleRequest (C:\Users\N BHARATH\Downloads\9_Travel-main\9_Travel-main\back-end\node_modules\router\lib\layer.js:152:17)
[2026-09-02T15:40:38.271Z] [ERROR] [HTTP-EXCEPTION] HTTP Exception [403] on GET /workflow/state - "The active session user was not found."
Trace: ForbiddenException: The active session user was not found.
    at RolesGuard.canActivate (C:\Users\N BHARATH\Downloads\9_Travel-main\9_Travel-main\back-end\src\common\roles.guard.ts:40:17)
    at GuardsConsumer.tryActivate (C:\Users\N BHARATH\Downloads\9_Travel-main\9_Travel-main\back-end\node_modules\@nestjs\core\guards\guards-consumer.js:15:34)
    at canActivateFn (C:\Users\N BHARATH\Downloads\9_Travel-main\9_Travel-main\back-end\node_modules\@nestjs\core\router\router-execution-context.js:135:59)
    at C:\Users\N BHARATH\Downloads\9_Travel-main\9_Travel-main\back-end\node_modules\@nestjs\core\router\router-execution-context.js:42:37
    at C:\Users\N BHARATH\Downloads\9_Travel-main\9_Travel-main\back-end\node_modules\@nestjs\core\router\router-proxy.js:9:23
    at Layer.handleRequest (C:\Users\N BHARATH\Downloads\9_Travel-main\9_Travel-main\back-end\node_modules\router\lib\layer.js:152:17)
    at next (C:\Users\N BHARATH\Downloads\9_Travel-main\9_Travel-main\back-end\node_modules\router\lib\route.js:157:13)
    at Route.dispatch (C:\Users\N BHARATH\Downloads\9_Travel-main\9_Travel-main\back-end\node_modules\router\lib\route.js:117:3)
    at handle (C:\Users\N BHARATH\Downloads\9_Travel-main\9_Travel-main\back-end\node_modules\router\index.js:435:11)
    at Layer.handleRequest (C:\Users\N BHARATH\Downloads\9_Travel-main\9_Travel-main\back-end\node_modules\router\lib\layer.js:152:17)
[2026-09-02T15:40:38.546Z] [ERROR] [HTTP-EXCEPTION] HTTP Exception [403] on GET /workflow/state - "The active session user was not found."
Trace: ForbiddenException: The active session user was not found.
    at RolesGuard.canActivate (C:\Users\N BHARATH\Downloads\9_Travel-main\9_Travel-main\back-end\src\common\roles.guard.ts:40:17)
    at GuardsConsumer.tryActivate (C:\Users\N BHARATH\Downloads\9_Travel-main\9_Travel-main\back-end\node_modules\@nestjs\core\guards\guards-consumer.js:15:34)
    at canActivateFn (C:\Users\N BHARATH\Downloads\9_Travel-main\9_Travel-main\back-end\node_modules\@nestjs\core\router\router-execution-context.js:135:59)
    at C:\Users\N BHARATH\Downloads\9_Travel-main\9_Travel-main\back-end\node_modules\@nestjs\core\router\router-execution-context.js:42:37
    at C:\Users\N BHARATH\Downloads\9_Travel-main\9_Travel-main\back-end\node_modules\@nestjs\core\router\router-proxy.js:9:23
    at Layer.handleRequest (C:\Users\N BHARATH\Downloads\9_Travel-main\9_Travel-main\back-end\node_modules\router\lib\layer.js:152:17)
    at next (C:\Users\N BHARATH\Downloads\9_Travel-main\9_Travel-main\back-end\node_modules\router\lib\route.js:157:13)
    at Route.dispatch (C:\Users\N BHARATH\Downloads\9_Travel-main\9_Travel-main\back-end\node_modules\router\lib\route.js:117:3)
    at handle (C:\Users\N BHARATH\Downloads\9_Travel-main\9_Travel-main\back-end\node_modules\router\index.js:435:11)
    at Layer.handleRequest (C:\Users\N BHARATH\Downloads\9_Travel-main\9_Travel-main\back-end\node_modules\router\lib\layer.js:152:17)
[2026-09-02T15:40:38.797Z] [ERROR] [HTTP-EXCEPTION] HTTP Exception [403] on GET /workflow/state - "The active session user was not found."
Trace: ForbiddenException: The active session user was not found.
    at RolesGuard.canActivate (C:\Users\N BHARATH\Downloads\9_Travel-main\9_Travel-main\back-end\src\common\roles.guard.ts:40:17)
    at GuardsConsumer.tryActivate (C:\Users\N BHARATH\Downloads\9_Travel-main\9_Travel-main\back-end\node_modules\@nestjs\core\guards\guards-consumer.js:15:34)
    at canActivateFn (C:\Users\N BHARATH\Downloads\9_Travel-main\9_Travel-main\back-end\node_modules\@nestjs\core\router\router-execution-context.js:135:59)
    at C:\Users\N BHARATH\Downloads\9_Travel-main\9_Travel-main\back-end\node_modules\@nestjs\core\router\router-execution-context.js:42:37
    at C:\Users\N BHARATH\Downloads\9_Travel-main\9_Travel-main\back-end\node_modules\@nestjs\core\router\router-proxy.js:9:23
    at Layer.handleRequest (C:\Users\N BHARATH\Downloads\9_Travel-main\9_Travel-main\back-end\node_modules\router\lib\layer.js:152:17)
    at next (C:\Users\N BHARATH\Downloads\9_Travel-main\9_Travel-main\back-end\node_modules\router\lib\route.js:157:13)
    at Route.dispatch (C:\Users\N BHARATH\Downloads\9_Travel-main\9_Travel-main\back-end\node_modules\router\lib\route.js:117:3)
    at handle (C:\Users\N BHARATH\Downloads\9_Travel-main\9_Travel-main\back-end\node_modules\router\index.js:435:11)
    at Layer.handleRequest (C:\Users\N BHARATH\Downloads\9_Travel-main\9_Travel-main\back-end\node_modules\router\lib\layer.js:152:17)
[2026-09-02T15:40:39.091Z] [ERROR] [HTTP-EXCEPTION] HTTP Exception [403] on GET /workflow/state - "The active session user was not found."
Trace: ForbiddenException: The active session user was not found.
    at RolesGuard.canActivate (C:\Users\N BHARATH\Downloads\9_Travel-main\9_Travel-main\back-end\src\common\roles.guard.ts:40:17)
    at GuardsConsumer.tryActivate (C:\Users\N BHARATH\Downloads\9_Travel-main\9_Travel-main\back-end\node_modules\@nestjs\core\guards\guards-consumer.js:15:34)
    at canActivateFn (C:\Users\N BHARATH\Downloads\9_Travel-main\9_Travel-main\back-end\node_modules\@nestjs\core\router\router-execution-context.js:135:59)
    at C:\Users\N BHARATH\Downloads\9_Travel-main\9_Travel-main\back-end\node_modules\@nestjs\core\router\router-execution-context.js:42:37
    at C:\Users\N BHARATH\Downloads\9_Travel-main\9_Travel-main\back-end\node_modules\@nestjs\core\router\router-proxy.js:9:23
    at Layer.handleRequest (C:\Users\N BHARATH\Downloads\9_Travel-main\9_Travel-main\back-end\node_modules\router\lib\layer.js:152:17)
    at next (C:\Users\N BHARATH\Downloads\9_Travel-main\9_Travel-main\back-end\node_modules\router\lib\route.js:157:13)
    at Route.dispatch (C:\Users\N BHARATH\Downloads\9_Travel-main\9_Travel-main\back-end\node_modules\router\lib\route.js:117:3)
    at handle (C:\Users\N BHARATH\Downloads\9_Travel-main\9_Travel-main\back-end\node_modules\router\index.js:435:11)
    at Layer.handleRequest (C:\Users\N BHARATH\Downloads\9_Travel-main\9_Travel-main\back-end\node_modules\router\lib\layer.js:152:17)
[2026-09-02T15:40:39.794Z] [ERROR] [HTTP-EXCEPTION] HTTP Exception [403] on GET /workflow/state - "The active session user was not found."
Trace: ForbiddenException: The active session user was not found.
    at RolesGuard.canActivate (C:\Users\N BHARATH\Downloads\9_Travel-main\9_Travel-main\back-end\src\common\roles.guard.ts:40:17)
    at GuardsConsumer.tryActivate (C:\Users\N BHARATH\Downloads\9_Travel-main\9_Travel-main\back-end\node_modules\@nestjs\core\guards\guards-consumer.js:15:34)
    at canActivateFn (C:\Users\N BHARATH\Downloads\9_Travel-main\9_Travel-main\back-end\node_modules\@nestjs\core\router\router-execution-context.js:135:59)
    at C:\Users\N BHARATH\Downloads\9_Travel-main\9_Travel-main\back-end\node_modules\@nestjs\core\router\router-execution-context.js:42:37
    at C:\Users\N BHARATH\Downloads\9_Travel-main\9_Travel-main\back-end\node_modules\@nestjs\core\router\router-proxy.js:9:23
    at Layer.handleRequest (C:\Users\N BHARATH\Downloads\9_Travel-main\9_Travel-main\back-end\node_modules\router\lib\layer.js:152:17)
    at next (C:\Users\N BHARATH\Downloads\9_Travel-main\9_Travel-main\back-end\node_modules\router\lib\route.js:157:13)
    at Route.dispatch (C:\Users\N BHARATH\Downloads\9_Travel-main\9_Travel-main\back-end\node_modules\router\lib\route.js:117:3)
    at handle (C:\Users\N BHARATH\Downloads\9_Travel-main\9_Travel-main\back-end\node_modules\router\index.js:435:11)
    at Layer.handleRequest (C:\Users\N BHARATH\Downloads\9_Travel-main\9_Travel-main\back-end\node_modules\router\lib\layer.js:152:17)
[2026-09-02T15:40:40.477Z] [ERROR] [HTTP-EXCEPTION] HTTP Exception [403] on GET /workflow/state - "The active session user was not found."
Trace: ForbiddenException: The active session user was not found.
    at RolesGuard.canActivate (C:\Users\N BHARATH\Downloads\9_Travel-main\9_Travel-main\back-end\src\common\roles.guard.ts:40:17)
    at GuardsConsumer.tryActivate (C:\Users\N BHARATH\Downloads\9_Travel-main\9_Travel-main\back-end\node_modules\@nestjs\core\guards\guards-consumer.js:15:34)
    at canActivateFn (C:\Users\N BHARATH\Downloads\9_Travel-main\9_Travel-main\back-end\node_modules\@nestjs\core\router\router-execution-context.js:135:59)
    at C:\Users\N BHARATH\Downloads\9_Travel-main\9_Travel-main\back-end\node_modules\@nestjs\core\router\router-execution-context.js:42:37
    at C:\Users\N BHARATH\Downloads\9_Travel-main\9_Travel-main\back-end\node_modules\@nestjs\core\router\router-proxy.js:9:23
    at Layer.handleRequest (C:\Users\N BHARATH\Downloads\9_Travel-main\9_Travel-main\back-end\node_modules\router\lib\layer.js:152:17)
    at next (C:\Users\N BHARATH\Downloads\9_Travel-main\9_Travel-main\back-end\node_modules\router\lib\route.js:157:13)
    at Route.dispatch (C:\Users\N BHARATH\Downloads\9_Travel-main\9_Travel-main\back-end\node_modules\router\lib\route.js:117:3)
    at handle (C:\Users\N BHARATH\Downloads\9_Travel-main\9_Travel-main\back-end\node_modules\router\index.js:435:11)
    at Layer.handleRequest (C:\Users\N BHARATH\Downloads\9_Travel-main\9_Travel-main\back-end\node_modules\router\lib\layer.js:152:17)
[2026-09-02T15:40:41.264Z] [ERROR] [HTTP-EXCEPTION] HTTP Exception [403] on GET /workflow/state - "The active session user was not found."
Trace: ForbiddenException: The active session user was not found.
    at RolesGuard.canActivate (C:\Users\N BHARATH\Downloads\9_Travel-main\9_Travel-main\back-end\src\common\roles.guard.ts:40:17)
    at GuardsConsumer.tryActivate (C:\Users\N BHARATH\Downloads\9_Travel-main\9_Travel-main\back-end\node_modules\@nestjs\core\guards\guards-consumer.js:15:34)
    at canActivateFn (C:\Users\N BHARATH\Downloads\9_Travel-main\9_Travel-main\back-end\node_modules\@nestjs\core\router\router-execution-context.js:135:59)
    at C:\Users\N BHARATH\Downloads\9_Travel-main\9_Travel-main\back-end\node_modules\@nestjs\core\router\router-execution-context.js:42:37
    at C:\Users\N BHARATH\Downloads\9_Travel-main\9_Travel-main\back-end\node_modules\@nestjs\core\router\router-proxy.js:9:23
    at Layer.handleRequest (C:\Users\N BHARATH\Downloads\9_Travel-main\9_Travel-main\back-end\node_modules\router\lib\layer.js:152:17)
    at next (C:\Users\N BHARATH\Downloads\9_Travel-main\9_Travel-main\back-end\node_modules\router\lib\route.js:157:13)
    at Route.dispatch (C:\Users\N BHARATH\Downloads\9_Travel-main\9_Travel-main\back-end\node_modules\router\lib\route.js:117:3)
    at handle (C:\Users\N BHARATH\Downloads\9_Travel-main\9_Travel-main\back-end\node_modules\router\index.js:435:11)
    at Layer.handleRequest (C:\Users\N BHARATH\Downloads\9_Travel-main\9_Travel-main\back-end\node_modules\router\lib\layer.js:152:17)
[2026-09-02T15:40:41.480Z] [ERROR] [HTTP-EXCEPTION] HTTP Exception [403] on GET /workflow/state - "The active session user was not found."
Trace: ForbiddenException: The active session user was not found.
    at RolesGuard.canActivate (C:\Users\N BHARATH\Downloads\9_Travel-main\9_Travel-main\back-end\src\common\roles.guard.ts:40:17)
    at GuardsConsumer.tryActivate (C:\Users\N BHARATH\Downloads\9_Travel-main\9_Travel-main\back-end\node_modules\@nestjs\core\guards\guards-consumer.js:15:34)
    at canActivateFn (C:\Users\N BHARATH\Downloads\9_Travel-main\9_Travel-main\back-end\node_modules\@nestjs\core\router\router-execution-context.js:135:59)
    at C:\Users\N BHARATH\Downloads\9_Travel-main\9_Travel-main\back-end\node_modules\@nestjs\core\router\router-execution-context.js:42:37
    at C:\Users\N BHARATH\Downloads\9_Travel-main\9_Travel-main\back-end\node_modules\@nestjs\core\router\router-proxy.js:9:23
    at Layer.handleRequest (C:\Users\N BHARATH\Downloads\9_Travel-main\9_Travel-main\back-end\node_modules\router\lib\layer.js:152:17)
    at next (C:\Users\N BHARATH\Downloads\9_Travel-main\9_Travel-main\back-end\node_modules\router\lib\route.js:157:13)
    at Route.dispatch (C:\Users\N BHARATH\Downloads\9_Travel-main\9_Travel-main\back-end\node_modules\router\lib\route.js:117:3)
    at handle (C:\Users\N BHARATH\Downloads\9_Travel-main\9_Travel-main\back-end\node_modules\router\index.js:435:11)
    at Layer.handleRequest (C:\Users\N BHARATH\Downloads\9_Travel-main\9_Travel-main\back-end\node_modules\router\lib\layer.js:152:17)
[2026-09-02T15:40:42.329Z] [ERROR] [HTTP-EXCEPTION] HTTP Exception [403] on GET /workflow/state - "The active session user was not found."
Trace: ForbiddenException: The active session user was not found.
    at RolesGuard.canActivate (C:\Users\N BHARATH\Downloads\9_Travel-main\9_Travel-main\back-end\src\common\roles.guard.ts:40:17)
    at GuardsConsumer.tryActivate (C:\Users\N BHARATH\Downloads\9_Travel-main\9_Travel-main\back-end\node_modules\@nestjs\core\guards\guards-consumer.js:15:34)
    at canActivateFn (C:\Users\N BHARATH\Downloads\9_Travel-main\9_Travel-main\back-end\node_modules\@nestjs\core\router\router-execution-context.js:135:59)
    at C:\Users\N BHARATH\Downloads\9_Travel-main\9_Travel-main\back-end\node_modules\@nestjs\core\router\router-execution-context.js:42:37
    at C:\Users\N BHARATH\Downloads\9_Travel-main\9_Travel-main\back-end\node_modules\@nestjs\core\router\router-proxy.js:9:23
    at Layer.handleRequest (C:\Users\N BHARATH\Downloads\9_Travel-main\9_Travel-main\back-end\node_modules\router\lib\layer.js:152:17)
    at next (C:\Users\N BHARATH\Downloads\9_Travel-main\9_Travel-main\back-end\node_modules\router\lib\route.js:157:13)
    at Route.dispatch (C:\Users\N BHARATH\Downloads\9_Travel-main\9_Travel-main\back-end\node_modules\router\lib\route.js:117:3)
    at handle (C:\Users\N BHARATH\Downloads\9_Travel-main\9_Travel-main\back-end\node_modules\router\index.js:435:11)
    at Layer.handleRequest (C:\Users\N BHARATH\Downloads\9_Travel-main\9_Travel-main\back-end\node_modules\router\lib\layer.js:152:17)
[2026-09-02T15:40:43.008Z] [ERROR] [HTTP-EXCEPTION] HTTP Exception [403] on GET /workflow/state - "The active session user was not found."
Trace: ForbiddenException: The active session user was not found.
    at RolesGuard.canActivate (C:\Users\N BHARATH\Downloads\9_Travel-main\9_Travel-main\back-end\src\common\roles.guard.ts:40:17)
    at GuardsConsumer.tryActivate (C:\Users\N BHARATH\Downloads\9_Travel-main\9_Travel-main\back-end\node_modules\@nestjs\core\guards\guards-consumer.js:15:34)
    at canActivateFn (C:\Users\N BHARATH\Downloads\9_Travel-main\9_Travel-main\back-end\node_modules\@nestjs\core\router\router-execution-context.js:135:59)
    at C:\Users\N BHARATH\Downloads\9_Travel-main\9_Travel-main\back-end\node_modules\@nestjs\core\router\router-execution-context.js:42:37
    at C:\Users\N BHARATH\Downloads\9_Travel-main\9_Travel-main\back-end\node_modules\@nestjs\core\router\router-proxy.js:9:23
    at Layer.handleRequest (C:\Users\N BHARATH\Downloads\9_Travel-main\9_Travel-main\back-end\node_modules\router\lib\layer.js:152:17)
    at next (C:\Users\N BHARATH\Downloads\9_Travel-main\9_Travel-main\back-end\node_modules\router\lib\route.js:157:13)
    at Route.dispatch (C:\Users\N BHARATH\Downloads\9_Travel-main\9_Travel-main\back-end\node_modules\router\lib\route.js:117:3)
    at handle (C:\Users\N BHARATH\Downloads\9_Travel-main\9_Travel-main\back-end\node_modules\router\index.js:435:11)
    at Layer.handleRequest (C:\Users\N BHARATH\Downloads\9_Travel-main\9_Travel-main\back-end\node_modules\router\lib\layer.js:152:17)
[2026-09-02T15:40:43.519Z] [ERROR] [HTTP-EXCEPTION] HTTP Exception [403] on GET /workflow/state - "The active session user was not found."
Trace: ForbiddenException: The active session user was not found.
    at RolesGuard.canActivate (C:\Users\N BHARATH\Downloads\9_Travel-main\9_Travel-main\back-end\src\common\roles.guard.ts:40:17)
    at GuardsConsumer.tryActivate (C:\Users\N BHARATH\Downloads\9_Travel-main\9_Travel-main\back-end\node_modules\@nestjs\core\guards\guards-consumer.js:15:34)
    at canActivateFn (C:\Users\N BHARATH\Downloads\9_Travel-main\9_Travel-main\back-end\node_modules\@nestjs\core\router\router-execution-context.js:135:59)
    at C:\Users\N BHARATH\Downloads\9_Travel-main\9_Travel-main\back-end\node_modules\@nestjs\core\router\router-execution-context.js:42:37
    at C:\Users\N BHARATH\Downloads\9_Travel-main\9_Travel-main\back-end\node_modules\@nestjs\core\router\router-proxy.js:9:23
    at Layer.handleRequest (C:\Users\N BHARATH\Downloads\9_Travel-main\9_Travel-main\back-end\node_modules\router\lib\layer.js:152:17)
    at next (C:\Users\N BHARATH\Downloads\9_Travel-main\9_Travel-main\back-end\node_modules\router\lib\route.js:157:13)
    at Route.dispatch (C:\Users\N BHARATH\Downloads\9_Travel-main\9_Travel-main\back-end\node_modules\router\lib\route.js:117:3)
    at handle (C:\Users\N BHARATH\Downloads\9_Travel-main\9_Travel-main\back-end\node_modules\router\index.js:435:11)
    at Layer.handleRequest (C:\Users\N BHARATH\Downloads\9_Travel-main\9_Travel-main\back-end\node_modules\router\lib\layer.js:152:17)
[2026-09-02T15:40:44.572Z] [ERROR] [HTTP-EXCEPTION] HTTP Exception [403] on GET /workflow/state - "The active session user was not found."
Trace: ForbiddenException: The active session user was not found.
    at RolesGuard.canActivate (C:\Users\N BHARATH\Downloads\9_Travel-main\9_Travel-main\back-end\src\common\roles.guard.ts:40:17)
    at GuardsConsumer.tryActivate (C:\Users\N BHARATH\Downloads\9_Travel-main\9_Travel-main\back-end\node_modules\@nestjs\core\guards\guards-consumer.js:15:34)
    at canActivateFn (C:\Users\N BHARATH\Downloads\9_Travel-main\9_Travel-main\back-end\node_modules\@nestjs\core\router\router-execution-context.js:135:59)
    at C:\Users\N BHARATH\Downloads\9_Travel-main\9_Travel-main\back-end\node_modules\@nestjs\core\router\router-execution-context.js:42:37
    at C:\Users\N BHARATH\Downloads\9_Travel-main\9_Travel-main\back-end\node_modules\@nestjs\core\router\router-proxy.js:9:23
    at Layer.handleRequest (C:\Users\N BHARATH\Downloads\9_Travel-main\9_Travel-main\back-end\node_modules\router\lib\layer.js:152:17)
    at next (C:\Users\N BHARATH\Downloads\9_Travel-main\9_Travel-main\back-end\node_modules\router\lib\route.js:157:13)
    at Route.dispatch (C:\Users\N BHARATH\Downloads\9_Travel-main\9_Travel-main\back-end\node_modules\router\lib\route.js:117:3)
    at handle (C:\Users\N BHARATH\Downloads\9_Travel-main\9_Travel-main\back-end\node_modules\router\index.js:435:11)
    at Layer.handleRequest (C:\Users\N BHARATH\Downloads\9_Travel-main\9_Travel-main\back-end\node_modules\router\lib\layer.js:152:17)
[2026-09-02T15:40:45.310Z] [ERROR] [HTTP-EXCEPTION] HTTP Exception [403] on GET /workflow/state - "The active session user was not found."
Trace: ForbiddenException: The active session user was not found.
    at RolesGuard.canActivate (C:\Users\N BHARATH\Downloads\9_Travel-main\9_Travel-main\back-end\src\common\roles.guard.ts:40:17)
    at GuardsConsumer.tryActivate (C:\Users\N BHARATH\Downloads\9_Travel-main\9_Travel-main\back-end\node_modules\@nestjs\core\guards\guards-consumer.js:15:34)
    at canActivateFn (C:\Users\N BHARATH\Downloads\9_Travel-main\9_Travel-main\back-end\node_modules\@nestjs\core\router\router-execution-context.js:135:59)
    at C:\Users\N BHARATH\Downloads\9_Travel-main\9_Travel-main\back-end\node_modules\@nestjs\core\router\router-execution-context.js:42:37
    at C:\Users\N BHARATH\Downloads\9_Travel-main\9_Travel-main\back-end\node_modules\@nestjs\core\router\router-proxy.js:9:23
    at Layer.handleRequest (C:\Users\N BHARATH\Downloads\9_Travel-main\9_Travel-main\back-end\node_modules\router\lib\layer.js:152:17)
    at next (C:\Users\N BHARATH\Downloads\9_Travel-main\9_Travel-main\back-end\node_modules\router\lib\route.js:157:13)
    at Route.dispatch (C:\Users\N BHARATH\Downloads\9_Travel-main\9_Travel-main\back-end\node_modules\router\lib\route.js:117:3)
    at handle (C:\Users\N BHARATH\Downloads\9_Travel-main\9_Travel-main\back-end\node_modules\router\index.js:435:11)
    at Layer.handleRequest (C:\Users\N BHARATH\Downloads\9_Travel-main\9_Travel-main\back-end\node_modules\router\lib\layer.js:152:17)
[2026-09-02T15:40:45.976Z] [ERROR] [HTTP-EXCEPTION] HTTP Exception [403] on GET /workflow/state - "The active session user was not found."
Trace: ForbiddenException: The active session user was not found.
    at RolesGuard.canActivate (C:\Users\N BHARATH\Downloads\9_Travel-main\9_Travel-main\back-end\src\common\roles.guard.ts:40:17)
    at GuardsConsumer.tryActivate (C:\Users\N BHARATH\Downloads\9_Travel-main\9_Travel-main\back-end\node_modules\@nestjs\core\guards\guards-consumer.js:15:34)
    at canActivateFn (C:\Users\N BHARATH\Downloads\9_Travel-main\9_Travel-main\back-end\node_modules\@nestjs\core\router\router-execution-context.js:135:59)
    at C:\Users\N BHARATH\Downloads\9_Travel-main\9_Travel-main\back-end\node_modules\@nestjs\core\router\router-execution-context.js:42:37
    at C:\Users\N BHARATH\Downloads\9_Travel-main\9_Travel-main\back-end\node_modules\@nestjs\core\router\router-proxy.js:9:23
    at Layer.handleRequest (C:\Users\N BHARATH\Downloads\9_Travel-main\9_Travel-main\back-end\node_modules\router\lib\layer.js:152:17)
    at next (C:\Users\N BHARATH\Downloads\9_Travel-main\9_Travel-main\back-end\node_modules\router\lib\route.js:157:13)
    at Route.dispatch (C:\Users\N BHARATH\Downloads\9_Travel-main\9_Travel-main\back-end\node_modules\router\lib\route.js:117:3)
    at handle (C:\Users\N BHARATH\Downloads\9_Travel-main\9_Travel-main\back-end\node_modules\router\index.js:435:11)
    at Layer.handleRequest (C:\Users\N BHARATH\Downloads\9_Travel-main\9_Travel-main\back-end\node_modules\router\lib\layer.js:152:17)
[2026-09-02T15:40:46.574Z] [ERROR] [HTTP-EXCEPTION] HTTP Exception [403] on GET /workflow/state - "The active session user was not found."
Trace: ForbiddenException: The active session user was not found.
    at RolesGuard.canActivate (C:\Users\N BHARATH\Downloads\9_Travel-main\9_Travel-main\back-end\src\common\roles.guard.ts:40:17)
    at GuardsConsumer.tryActivate (C:\Users\N BHARATH\Downloads\9_Travel-main\9_Travel-main\back-end\node_modules\@nestjs\core\guards\guards-consumer.js:15:34)
    at canActivateFn (C:\Users\N BHARATH\Downloads\9_Travel-main\9_Travel-main\back-end\node_modules\@nestjs\core\router\router-execution-context.js:135:59)
    at C:\Users\N BHARATH\Downloads\9_Travel-main\9_Travel-main\back-end\node_modules\@nestjs\core\router\router-execution-context.js:42:37
    at C:\Users\N BHARATH\Downloads\9_Travel-main\9_Travel-main\back-end\node_modules\@nestjs\core\router\router-proxy.js:9:23
    at Layer.handleRequest (C:\Users\N BHARATH\Downloads\9_Travel-main\9_Travel-main\back-end\node_modules\router\lib\layer.js:152:17)
    at next (C:\Users\N BHARATH\Downloads\9_Travel-main\9_Travel-main\back-end\node_modules\router\lib\route.js:157:13)
    at Route.dispatch (C:\Users\N BHARATH\Downloads\9_Travel-main\9_Travel-main\back-end\node_modules\router\lib\route.js:117:3)
    at handle (C:\Users\N BHARATH\Downloads\9_Travel-main\9_Travel-main\back-end\node_modules\router\index.js:435:11)
    at Layer.handleRequest (C:\Users\N BHARATH\Downloads\9_Travel-main\9_Travel-main\back-end\node_modules\router\lib\layer.js:152:17)
[2026-09-02T15:40:47.138Z] [ERROR] [HTTP-EXCEPTION] HTTP Exception [403] on GET /workflow/state - "The active session user was not found."
Trace: ForbiddenException: The active session user was not found.
    at RolesGuard.canActivate (C:\Users\N BHARATH\Downloads\9_Travel-main\9_Travel-main\back-end\src\common\roles.guard.ts:40:17)
    at GuardsConsumer.tryActivate (C:\Users\N BHARATH\Downloads\9_Travel-main\9_Travel-main\back-end\node_modules\@nestjs\core\guards\guards-consumer.js:15:34)
    at canActivateFn (C:\Users\N BHARATH\Downloads\9_Travel-main\9_Travel-main\back-end\node_modules\@nestjs\core\router\router-execution-context.js:135:59)
    at C:\Users\N BHARATH\Downloads\9_Travel-main\9_Travel-main\back-end\node_modules\@nestjs\core\router\router-execution-context.js:42:37
    at C:\Users\N BHARATH\Downloads\9_Travel-main\9_Travel-main\back-end\node_modules\@nestjs\core\router\router-proxy.js:9:23
    at Layer.handleRequest (C:\Users\N BHARATH\Downloads\9_Travel-main\9_Travel-main\back-end\node_modules\router\lib\layer.js:152:17)
    at next (C:\Users\N BHARATH\Downloads\9_Travel-main\9_Travel-main\back-end\node_modules\router\lib\route.js:157:13)
    at Route.dispatch (C:\Users\N BHARATH\Downloads\9_Travel-main\9_Travel-main\back-end\node_modules\router\lib\route.js:117:3)
    at handle (C:\Users\N BHARATH\Downloads\9_Travel-main\9_Travel-main\back-end\node_modules\router\index.js:435:11)
    at Layer.handleRequest (C:\Users\N BHARATH\Downloads\9_Travel-main\9_Travel-main\back-end\node_modules\router\lib\layer.js:152:17)
[2026-09-02T15:40:47.810Z] [ERROR] [HTTP-EXCEPTION] HTTP Exception [403] on GET /workflow/state - "The active session user was not found."
Trace: ForbiddenException: The active session user was not found.
    at RolesGuard.canActivate (C:\Users\N BHARATH\Downloads\9_Travel-main\9_Travel-main\back-end\src\common\roles.guard.ts:40:17)
    at GuardsConsumer.tryActivate (C:\Users\N BHARATH\Downloads\9_Travel-main\9_Travel-main\back-end\node_modules\@nestjs\core\guards\guards-consumer.js:15:34)
    at canActivateFn (C:\Users\N BHARATH\Downloads\9_Travel-main\9_Travel-main\back-end\node_modules\@nestjs\core\router\router-execution-context.js:135:59)
    at C:\Users\N BHARATH\Downloads\9_Travel-main\9_Travel-main\back-end\node_modules\@nestjs\core\router\router-execution-context.js:42:37
    at C:\Users\N BHARATH\Downloads\9_Travel-main\9_Travel-main\back-end\node_modules\@nestjs\core\router\router-proxy.js:9:23
    at Layer.handleRequest (C:\Users\N BHARATH\Downloads\9_Travel-main\9_Travel-main\back-end\node_modules\router\lib\layer.js:152:17)
    at next (C:\Users\N BHARATH\Downloads\9_Travel-main\9_Travel-main\back-end\node_modules\router\lib\route.js:157:13)
    at Route.dispatch (C:\Users\N BHARATH\Downloads\9_Travel-main\9_Travel-main\back-end\node_modules\router\lib\route.js:117:3)
    at handle (C:\Users\N BHARATH\Downloads\9_Travel-main\9_Travel-main\back-end\node_modules\router\index.js:435:11)
    at Layer.handleRequest (C:\Users\N BHARATH\Downloads\9_Travel-main\9_Travel-main\back-end\node_modules\router\lib\layer.js:152:17)
[2026-09-02T15:40:48.420Z] [ERROR] [HTTP-EXCEPTION] HTTP Exception [403] on GET /workflow/state - "The active session user was not found."
Trace: ForbiddenException: The active session user was not found.
    at RolesGuard.canActivate (C:\Users\N BHARATH\Downloads\9_Travel-main\9_Travel-main\back-end\src\common\roles.guard.ts:40:17)
    at GuardsConsumer.tryActivate (C:\Users\N BHARATH\Downloads\9_Travel-main\9_Travel-main\back-end\node_modules\@nestjs\core\guards\guards-consumer.js:15:34)
    at canActivateFn (C:\Users\N BHARATH\Downloads\9_Travel-main\9_Travel-main\back-end\node_modules\@nestjs\core\router\router-execution-context.js:135:59)
    at C:\Users\N BHARATH\Downloads\9_Travel-main\9_Travel-main\back-end\node_modules\@nestjs\core\router\router-execution-context.js:42:37
    at C:\Users\N BHARATH\Downloads\9_Travel-main\9_Travel-main\back-end\node_modules\@nestjs\core\router\router-proxy.js:9:23
    at Layer.handleRequest (C:\Users\N BHARATH\Downloads\9_Travel-main\9_Travel-main\back-end\node_modules\router\lib\layer.js:152:17)
    at next (C:\Users\N BHARATH\Downloads\9_Travel-main\9_Travel-main\back-end\node_modules\router\lib\route.js:157:13)
    at Route.dispatch (C:\Users\N BHARATH\Downloads\9_Travel-main\9_Travel-main\back-end\node_modules\router\lib\route.js:117:3)
    at handle (C:\Users\N BHARATH\Downloads\9_Travel-main\9_Travel-main\back-end\node_modules\router\index.js:435:11)
    at Layer.handleRequest (C:\Users\N BHARATH\Downloads\9_Travel-main\9_Travel-main\back-end\node_modules\router\lib\layer.js:152:17)
[2026-09-02T15:40:48.736Z] [ERROR] [HTTP-EXCEPTION] HTTP Exception [403] on GET /workflow/state - "The active session user was not found."
Trace: ForbiddenException: The active session user was not found.
    at RolesGuard.canActivate (C:\Users\N BHARATH\Downloads\9_Travel-main\9_Travel-main\back-end\src\common\roles.guard.ts:40:17)
    at GuardsConsumer.tryActivate (C:\Users\N BHARATH\Downloads\9_Travel-main\9_Travel-main\back-end\node_modules\@nestjs\core\guards\guards-consumer.js:15:34)
    at canActivateFn (C:\Users\N BHARATH\Downloads\9_Travel-main\9_Travel-main\back-end\node_modules\@nestjs\core\router\router-execution-context.js:135:59)
    at C:\Users\N BHARATH\Downloads\9_Travel-main\9_Travel-main\back-end\node_modules\@nestjs\core\router\router-execution-context.js:42:37
    at C:\Users\N BHARATH\Downloads\9_Travel-main\9_Travel-main\back-end\node_modules\@nestjs\core\router\router-proxy.js:9:23
    at Layer.handleRequest (C:\Users\N BHARATH\Downloads\9_Travel-main\9_Travel-main\back-end\node_modules\router\lib\layer.js:152:17)
    at next (C:\Users\N BHARATH\Downloads\9_Travel-main\9_Travel-main\back-end\node_modules\router\lib\route.js:157:13)
    at Route.dispatch (C:\Users\N BHARATH\Downloads\9_Travel-main\9_Travel-main\back-end\node_modules\router\lib\route.js:117:3)
    at handle (C:\Users\N BHARATH\Downloads\9_Travel-main\9_Travel-main\back-end\node_modules\router\index.js:435:11)
    at Layer.handleRequest (C:\Users\N BHARATH\Downloads\9_Travel-main\9_Travel-main\back-end\node_modules\router\lib\layer.js:152:17)
[2026-09-02T15:40:48.964Z] [ERROR] [HTTP-EXCEPTION] HTTP Exception [403] on GET /workflow/state - "The active session user was not found."
Trace: ForbiddenException: The active session user was not found.
    at RolesGuard.canActivate (C:\Users\N BHARATH\Downloads\9_Travel-main\9_Travel-main\back-end\src\common\roles.guard.ts:40:17)
    at GuardsConsumer.tryActivate (C:\Users\N BHARATH\Downloads\9_Travel-main\9_Travel-main\back-end\node_modules\@nestjs\core\guards\guards-consumer.js:15:34)
    at canActivateFn (C:\Users\N BHARATH\Downloads\9_Travel-main\9_Travel-main\back-end\node_modules\@nestjs\core\router\router-execution-context.js:135:59)
    at C:\Users\N BHARATH\Downloads\9_Travel-main\9_Travel-main\back-end\node_modules\@nestjs\core\router\router-execution-context.js:42:37
    at C:\Users\N BHARATH\Downloads\9_Travel-main\9_Travel-main\back-end\node_modules\@nestjs\core\router\router-proxy.js:9:23
    at Layer.handleRequest (C:\Users\N BHARATH\Downloads\9_Travel-main\9_Travel-main\back-end\node_modules\router\lib\layer.js:152:17)
    at next (C:\Users\N BHARATH\Downloads\9_Travel-main\9_Travel-main\back-end\node_modules\router\lib\route.js:157:13)
    at Route.dispatch (C:\Users\N BHARATH\Downloads\9_Travel-main\9_Travel-main\back-end\node_modules\router\lib\route.js:117:3)
    at handle (C:\Users\N BHARATH\Downloads\9_Travel-main\9_Travel-main\back-end\node_modules\router\index.js:435:11)
    at Layer.handleRequest (C:\Users\N BHARATH\Downloads\9_Travel-main\9_Travel-main\back-end\node_modules\router\lib\layer.js:152:17)
[2026-09-02T15:40:49.724Z] [ERROR] [HTTP-EXCEPTION] HTTP Exception [403] on GET /workflow/state - "The active session user was not found."
Trace: ForbiddenException: The active session user was not found.
    at RolesGuard.canActivate (C:\Users\N BHARATH\Downloads\9_Travel-main\9_Travel-main\back-end\src\common\roles.guard.ts:40:17)
    at GuardsConsumer.tryActivate (C:\Users\N BHARATH\Downloads\9_Travel-main\9_Travel-main\back-end\node_modules\@nestjs\core\guards\guards-consumer.js:15:34)
    at canActivateFn (C:\Users\N BHARATH\Downloads\9_Travel-main\9_Travel-main\back-end\node_modules\@nestjs\core\router\router-execution-context.js:135:59)
    at C:\Users\N BHARATH\Downloads\9_Travel-main\9_Travel-main\back-end\node_modules\@nestjs\core\router\router-execution-context.js:42:37
    at C:\Users\N BHARATH\Downloads\9_Travel-main\9_Travel-main\back-end\node_modules\@nestjs\core\router\router-proxy.js:9:23
    at Layer.handleRequest (C:\Users\N BHARATH\Downloads\9_Travel-main\9_Travel-main\back-end\node_modules\router\lib\layer.js:152:17)
    at next (C:\Users\N BHARATH\Downloads\9_Travel-main\9_Travel-main\back-end\node_modules\router\lib\route.js:157:13)
    at Route.dispatch (C:\Users\N BHARATH\Downloads\9_Travel-main\9_Travel-main\back-end\node_modules\router\lib\route.js:117:3)
    at handle (C:\Users\N BHARATH\Downloads\9_Travel-main\9_Travel-main\back-end\node_modules\router\index.js:435:11)
    at Layer.handleRequest (C:\Users\N BHARATH\Downloads\9_Travel-main\9_Travel-main\back-end\node_modules\router\lib\layer.js:152:17)
[2026-09-02T15:40:50.327Z] [ERROR] [HTTP-EXCEPTION] HTTP Exception [403] on GET /workflow/state - "The active session user was not found."
Trace: ForbiddenException: The active session user was not found.
    at RolesGuard.canActivate (C:\Users\N BHARATH\Downloads\9_Travel-main\9_Travel-main\back-end\src\common\roles.guard.ts:40:17)
    at GuardsConsumer.tryActivate (C:\Users\N BHARATH\Downloads\9_Travel-main\9_Travel-main\back-end\node_modules\@nestjs\core\guards\guards-consumer.js:15:34)
    at canActivateFn (C:\Users\N BHARATH\Downloads\9_Travel-main\9_Travel-main\back-end\node_modules\@nestjs\core\router\router-execution-context.js:135:59)
    at C:\Users\N BHARATH\Downloads\9_Travel-main\9_Travel-main\back-end\node_modules\@nestjs\core\router\router-execution-context.js:42:37
    at C:\Users\N BHARATH\Downloads\9_Travel-main\9_Travel-main\back-end\node_modules\@nestjs\core\router\router-proxy.js:9:23
    at Layer.handleRequest (C:\Users\N BHARATH\Downloads\9_Travel-main\9_Travel-main\back-end\node_modules\router\lib\layer.js:152:17)
    at next (C:\Users\N BHARATH\Downloads\9_Travel-main\9_Travel-main\back-end\node_modules\router\lib\route.js:157:13)
    at Route.dispatch (C:\Users\N BHARATH\Downloads\9_Travel-main\9_Travel-main\back-end\node_modules\router\lib\route.js:117:3)
    at handle (C:\Users\N BHARATH\Downloads\9_Travel-main\9_Travel-main\back-end\node_modules\router\index.js:435:11)
    at Layer.handleRequest (C:\Users\N BHARATH\Downloads\9_Travel-main\9_Travel-main\back-end\node_modules\router\lib\layer.js:152:17)
[2026-09-02T15:40:50.509Z] [ERROR] [HTTP-EXCEPTION] HTTP Exception [403] on GET /workflow/state - "The active session user was not found."
Trace: ForbiddenException: The active session user was not found.
    at RolesGuard.canActivate (C:\Users\N BHARATH\Downloads\9_Travel-main\9_Travel-main\back-end\src\common\roles.guard.ts:40:17)
    at GuardsConsumer.tryActivate (C:\Users\N BHARATH\Downloads\9_Travel-main\9_Travel-main\back-end\node_modules\@nestjs\core\guards\guards-consumer.js:15:34)
    at canActivateFn (C:\Users\N BHARATH\Downloads\9_Travel-main\9_Travel-main\back-end\node_modules\@nestjs\core\router\router-execution-context.js:135:59)
    at C:\Users\N BHARATH\Downloads\9_Travel-main\9_Travel-main\back-end\node_modules\@nestjs\core\router\router-execution-context.js:42:37
    at C:\Users\N BHARATH\Downloads\9_Travel-main\9_Travel-main\back-end\node_modules\@nestjs\core\router\router-proxy.js:9:23
    at Layer.handleRequest (C:\Users\N BHARATH\Downloads\9_Travel-main\9_Travel-main\back-end\node_modules\router\lib\layer.js:152:17)
    at next (C:\Users\N BHARATH\Downloads\9_Travel-main\9_Travel-main\back-end\node_modules\router\lib\route.js:157:13)
    at Route.dispatch (C:\Users\N BHARATH\Downloads\9_Travel-main\9_Travel-main\back-end\node_modules\router\lib\route.js:117:3)
    at handle (C:\Users\N BHARATH\Downloads\9_Travel-main\9_Travel-main\back-end\node_modules\router\index.js:435:11)
    at Layer.handleRequest (C:\Users\N BHARATH\Downloads\9_Travel-main\9_Travel-main\back-end\node_modules\router\lib\layer.js:152:17)
[2026-09-02T15:40:50.779Z] [ERROR] [HTTP-EXCEPTION] HTTP Exception [403] on GET /workflow/state - "The active session user was not found."
Trace: ForbiddenException: The active session user was not found.
    at RolesGuard.canActivate (C:\Users\N BHARATH\Downloads\9_Travel-main\9_Travel-main\back-end\src\common\roles.guard.ts:40:17)
    at GuardsConsumer.tryActivate (C:\Users\N BHARATH\Downloads\9_Travel-main\9_Travel-main\back-end\node_modules\@nestjs\core\guards\guards-consumer.js:15:34)
    at canActivateFn (C:\Users\N BHARATH\Downloads\9_Travel-main\9_Travel-main\back-end\node_modules\@nestjs\core\router\router-execution-context.js:135:59)
    at C:\Users\N BHARATH\Downloads\9_Travel-main\9_Travel-main\back-end\node_modules\@nestjs\core\router\router-execution-context.js:42:37
    at C:\Users\N BHARATH\Downloads\9_Travel-main\9_Travel-main\back-end\node_modules\@nestjs\core\router\router-proxy.js:9:23
    at Layer.handleRequest (C:\Users\N BHARATH\Downloads\9_Travel-main\9_Travel-main\back-end\node_modules\router\lib\layer.js:152:17)
    at next (C:\Users\N BHARATH\Downloads\9_Travel-main\9_Travel-main\back-end\node_modules\router\lib\route.js:157:13)
    at Route.dispatch (C:\Users\N BHARATH\Downloads\9_Travel-main\9_Travel-main\back-end\node_modules\router\lib\route.js:117:3)
    at handle (C:\Users\N BHARATH\Downloads\9_Travel-main\9_Travel-main\back-end\node_modules\router\index.js:435:11)
    at Layer.handleRequest (C:\Users\N BHARATH\Downloads\9_Travel-main\9_Travel-main\back-end\node_modules\router\lib\layer.js:152:17)
[2026-09-02T15:40:51.454Z] [ERROR] [HTTP-EXCEPTION] HTTP Exception [403] on GET /workflow/state - "The active session user was not found."
Trace: ForbiddenException: The active session user was not found.
    at RolesGuard.canActivate (C:\Users\N BHARATH\Downloads\9_Travel-main\9_Travel-main\back-end\src\common\roles.guard.ts:40:17)
    at GuardsConsumer.tryActivate (C:\Users\N BHARATH\Downloads\9_Travel-main\9_Travel-main\back-end\node_modules\@nestjs\core\guards\guards-consumer.js:15:34)
    at canActivateFn (C:\Users\N BHARATH\Downloads\9_Travel-main\9_Travel-main\back-end\node_modules\@nestjs\core\router\router-execution-context.js:135:59)
    at C:\Users\N BHARATH\Downloads\9_Travel-main\9_Travel-main\back-end\node_modules\@nestjs\core\router\router-execution-context.js:42:37
    at C:\Users\N BHARATH\Downloads\9_Travel-main\9_Travel-main\back-end\node_modules\@nestjs\core\router\router-proxy.js:9:23
    at Layer.handleRequest (C:\Users\N BHARATH\Downloads\9_Travel-main\9_Travel-main\back-end\node_modules\router\lib\layer.js:152:17)
    at next (C:\Users\N BHARATH\Downloads\9_Travel-main\9_Travel-main\back-end\node_modules\router\lib\route.js:157:13)
    at Route.dispatch (C:\Users\N BHARATH\Downloads\9_Travel-main\9_Travel-main\back-end\node_modules\router\lib\route.js:117:3)
    at handle (C:\Users\N BHARATH\Downloads\9_Travel-main\9_Travel-main\back-end\node_modules\router\index.js:435:11)
    at Layer.handleRequest (C:\Users\N BHARATH\Downloads\9_Travel-main\9_Travel-main\back-end\node_modules\router\lib\layer.js:152:17)
[2026-09-02T15:40:52.425Z] [ERROR] [HTTP-EXCEPTION] HTTP Exception [403] on GET /workflow/state - "The active session user was not found."
Trace: ForbiddenException: The active session user was not found.
    at RolesGuard.canActivate (C:\Users\N BHARATH\Downloads\9_Travel-main\9_Travel-main\back-end\src\common\roles.guard.ts:40:17)
    at GuardsConsumer.tryActivate (C:\Users\N BHARATH\Downloads\9_Travel-main\9_Travel-main\back-end\node_modules\@nestjs\core\guards\guards-consumer.js:15:34)
    at canActivateFn (C:\Users\N BHARATH\Downloads\9_Travel-main\9_Travel-main\back-end\node_modules\@nestjs\core\router\router-execution-context.js:135:59)
    at C:\Users\N BHARATH\Downloads\9_Travel-main\9_Travel-main\back-end\node_modules\@nestjs\core\router\router-execution-context.js:42:37
    at C:\Users\N BHARATH\Downloads\9_Travel-main\9_Travel-main\back-end\node_modules\@nestjs\core\router\router-proxy.js:9:23
    at Layer.handleRequest (C:\Users\N BHARATH\Downloads\9_Travel-main\9_Travel-main\back-end\node_modules\router\lib\layer.js:152:17)
    at next (C:\Users\N BHARATH\Downloads\9_Travel-main\9_Travel-main\back-end\node_modules\router\lib\route.js:157:13)
    at Route.dispatch (C:\Users\N BHARATH\Downloads\9_Travel-main\9_Travel-main\back-end\node_modules\router\lib\route.js:117:3)
    at handle (C:\Users\N BHARATH\Downloads\9_Travel-main\9_Travel-main\back-end\node_modules\router\index.js:435:11)
    at Layer.handleRequest (C:\Users\N BHARATH\Downloads\9_Travel-main\9_Travel-main\back-end\node_modules\router\lib\layer.js:152:17)
[2026-09-02T15:40:52.948Z] [ERROR] [HTTP-EXCEPTION] HTTP Exception [403] on GET /workflow/state - "The active session user was not found."
Trace: ForbiddenException: The active session user was not found.
    at RolesGuard.canActivate (C:\Users\N BHARATH\Downloads\9_Travel-main\9_Travel-main\back-end\src\common\roles.guard.ts:40:17)
    at GuardsConsumer.tryActivate (C:\Users\N BHARATH\Downloads\9_Travel-main\9_Travel-main\back-end\node_modules\@nestjs\core\guards\guards-consumer.js:15:34)
    at canActivateFn (C:\Users\N BHARATH\Downloads\9_Travel-main\9_Travel-main\back-end\node_modules\@nestjs\core\router\router-execution-context.js:135:59)
    at C:\Users\N BHARATH\Downloads\9_Travel-main\9_Travel-main\back-end\node_modules\@nestjs\core\router\router-execution-context.js:42:37
    at C:\Users\N BHARATH\Downloads\9_Travel-main\9_Travel-main\back-end\node_modules\@nestjs\core\router\router-proxy.js:9:23
    at Layer.handleRequest (C:\Users\N BHARATH\Downloads\9_Travel-main\9_Travel-main\back-end\node_modules\router\lib\layer.js:152:17)
    at next (C:\Users\N BHARATH\Downloads\9_Travel-main\9_Travel-main\back-end\node_modules\router\lib\route.js:157:13)
    at Route.dispatch (C:\Users\N BHARATH\Downloads\9_Travel-main\9_Travel-main\back-end\node_modules\router\lib\route.js:117:3)
    at handle (C:\Users\N BHARATH\Downloads\9_Travel-main\9_Travel-main\back-end\node_modules\router\index.js:435:11)
    at Layer.handleRequest (C:\Users\N BHARATH\Downloads\9_Travel-main\9_Travel-main\back-end\node_modules\router\lib\layer.js:152:17)
[2026-09-02T15:40:53.388Z] [ERROR] [HTTP-EXCEPTION] HTTP Exception [403] on GET /workflow/state - "The active session user was not found."
Trace: ForbiddenException: The active session user was not found.
    at RolesGuard.canActivate (C:\Users\N BHARATH\Downloads\9_Travel-main\9_Travel-main\back-end\src\common\roles.guard.ts:40:17)
    at GuardsConsumer.tryActivate (C:\Users\N BHARATH\Downloads\9_Travel-main\9_Travel-main\back-end\node_modules\@nestjs\core\guards\guards-consumer.js:15:34)
    at canActivateFn (C:\Users\N BHARATH\Downloads\9_Travel-main\9_Travel-main\back-end\node_modules\@nestjs\core\router\router-execution-context.js:135:59)
    at C:\Users\N BHARATH\Downloads\9_Travel-main\9_Travel-main\back-end\node_modules\@nestjs\core\router\router-execution-context.js:42:37
    at C:\Users\N BHARATH\Downloads\9_Travel-main\9_Travel-main\back-end\node_modules\@nestjs\core\router\router-proxy.js:9:23
    at Layer.handleRequest (C:\Users\N BHARATH\Downloads\9_Travel-main\9_Travel-main\back-end\node_modules\router\lib\layer.js:152:17)
    at next (C:\Users\N BHARATH\Downloads\9_Travel-main\9_Travel-main\back-end\node_modules\router\lib\route.js:157:13)
    at Route.dispatch (C:\Users\N BHARATH\Downloads\9_Travel-main\9_Travel-main\back-end\node_modules\router\lib\route.js:117:3)
    at handle (C:\Users\N BHARATH\Downloads\9_Travel-main\9_Travel-main\back-end\node_modules\router\index.js:435:11)
    at Layer.handleRequest (C:\Users\N BHARATH\Downloads\9_Travel-main\9_Travel-main\back-end\node_modules\router\lib\layer.js:152:17)
[2026-09-02T15:40:53.930Z] [ERROR] [HTTP-EXCEPTION] HTTP Exception [403] on GET /workflow/state - "The active session user was not found."
Trace: ForbiddenException: The active session user was not found.
    at RolesGuard.canActivate (C:\Users\N BHARATH\Downloads\9_Travel-main\9_Travel-main\back-end\src\common\roles.guard.ts:40:17)
    at GuardsConsumer.tryActivate (C:\Users\N BHARATH\Downloads\9_Travel-main\9_Travel-main\back-end\node_modules\@nestjs\core\guards\guards-consumer.js:15:34)
    at canActivateFn (C:\Users\N BHARATH\Downloads\9_Travel-main\9_Travel-main\back-end\node_modules\@nestjs\core\router\router-execution-context.js:135:59)
    at C:\Users\N BHARATH\Downloads\9_Travel-main\9_Travel-main\back-end\node_modules\@nestjs\core\router\router-execution-context.js:42:37
    at C:\Users\N BHARATH\Downloads\9_Travel-main\9_Travel-main\back-end\node_modules\@nestjs\core\router\router-proxy.js:9:23
    at Layer.handleRequest (C:\Users\N BHARATH\Downloads\9_Travel-main\9_Travel-main\back-end\node_modules\router\lib\layer.js:152:17)
    at next (C:\Users\N BHARATH\Downloads\9_Travel-main\9_Travel-main\back-end\node_modules\router\lib\route.js:157:13)
    at Route.dispatch (C:\Users\N BHARATH\Downloads\9_Travel-main\9_Travel-main\back-end\node_modules\router\lib\route.js:117:3)
    at handle (C:\Users\N BHARATH\Downloads\9_Travel-main\9_Travel-main\back-end\node_modules\router\index.js:435:11)
    at Layer.handleRequest (C:\Users\N BHARATH\Downloads\9_Travel-main\9_Travel-main\back-end\node_modules\router\lib\layer.js:152:17)
[2026-09-02T15:40:54.589Z] [ERROR] [HTTP-EXCEPTION] HTTP Exception [403] on GET /workflow/state - "The active session user was not found."
Trace: ForbiddenException: The active session user was not found.
    at RolesGuard.canActivate (C:\Users\N BHARATH\Downloads\9_Travel-main\9_Travel-main\back-end\src\common\roles.guard.ts:40:17)
    at GuardsConsumer.tryActivate (C:\Users\N BHARATH\Downloads\9_Travel-main\9_Travel-main\back-end\node_modules\@nestjs\core\guards\guards-consumer.js:15:34)
    at canActivateFn (C:\Users\N BHARATH\Downloads\9_Travel-main\9_Travel-main\back-end\node_modules\@nestjs\core\router\router-execution-context.js:135:59)
    at C:\Users\N BHARATH\Downloads\9_Travel-main\9_Travel-main\back-end\node_modules\@nestjs\core\router\router-execution-context.js:42:37
    at C:\Users\N BHARATH\Downloads\9_Travel-main\9_Travel-main\back-end\node_modules\@nestjs\core\router\router-proxy.js:9:23
    at Layer.handleRequest (C:\Users\N BHARATH\Downloads\9_Travel-main\9_Travel-main\back-end\node_modules\router\lib\layer.js:152:17)
    at next (C:\Users\N BHARATH\Downloads\9_Travel-main\9_Travel-main\back-end\node_modules\router\lib\route.js:157:13)
    at Route.dispatch (C:\Users\N BHARATH\Downloads\9_Travel-main\9_Travel-main\back-end\node_modules\router\lib\route.js:117:3)
    at handle (C:\Users\N BHARATH\Downloads\9_Travel-main\9_Travel-main\back-end\node_modules\router\index.js:435:11)
    at Layer.handleRequest (C:\Users\N BHARATH\Downloads\9_Travel-main\9_Travel-main\back-end\node_modules\router\lib\layer.js:152:17)
[2026-09-02T15:40:55.248Z] [ERROR] [HTTP-EXCEPTION] HTTP Exception [403] on GET /workflow/state - "The active session user was not found."
Trace: ForbiddenException: The active session user was not found.
    at RolesGuard.canActivate (C:\Users\N BHARATH\Downloads\9_Travel-main\9_Travel-main\back-end\src\common\roles.guard.ts:40:17)
    at GuardsConsumer.tryActivate (C:\Users\N BHARATH\Downloads\9_Travel-main\9_Travel-main\back-end\node_modules\@nestjs\core\guards\guards-consumer.js:15:34)
    at canActivateFn (C:\Users\N BHARATH\Downloads\9_Travel-main\9_Travel-main\back-end\node_modules\@nestjs\core\router\router-execution-context.js:135:59)
    at C:\Users\N BHARATH\Downloads\9_Travel-main\9_Travel-main\back-end\node_modules\@nestjs\core\router\router-execution-context.js:42:37
    at C:\Users\N BHARATH\Downloads\9_Travel-main\9_Travel-main\back-end\node_modules\@nestjs\core\router\router-proxy.js:9:23
    at Layer.handleRequest (C:\Users\N BHARATH\Downloads\9_Travel-main\9_Travel-main\back-end\node_modules\router\lib\layer.js:152:17)
    at next (C:\Users\N BHARATH\Downloads\9_Travel-main\9_Travel-main\back-end\node_modules\router\lib\route.js:157:13)
    at Route.dispatch (C:\Users\N BHARATH\Downloads\9_Travel-main\9_Travel-main\back-end\node_modules\router\lib\route.js:117:3)
    at handle (C:\Users\N BHARATH\Downloads\9_Travel-main\9_Travel-main\back-end\node_modules\router\index.js:435:11)
    at Layer.handleRequest (C:\Users\N BHARATH\Downloads\9_Travel-main\9_Travel-main\back-end\node_modules\router\lib\layer.js:152:17)
[2026-09-02T15:40:55.544Z] [ERROR] [HTTP-EXCEPTION] HTTP Exception [403] on GET /workflow/state - "The active session user was not found."
Trace: ForbiddenException: The active session user was not found.
    at RolesGuard.canActivate (C:\Users\N BHARATH\Downloads\9_Travel-main\9_Travel-main\back-end\src\common\roles.guard.ts:40:17)
    at GuardsConsumer.tryActivate (C:\Users\N BHARATH\Downloads\9_Travel-main\9_Travel-main\back-end\node_modules\@nestjs\core\guards\guards-consumer.js:15:34)
    at canActivateFn (C:\Users\N BHARATH\Downloads\9_Travel-main\9_Travel-main\back-end\node_modules\@nestjs\core\router\router-execution-context.js:135:59)
    at C:\Users\N BHARATH\Downloads\9_Travel-main\9_Travel-main\back-end\node_modules\@nestjs\core\router\router-execution-context.js:42:37
    at C:\Users\N BHARATH\Downloads\9_Travel-main\9_Travel-main\back-end\node_modules\@nestjs\core\router\router-proxy.js:9:23
    at Layer.handleRequest (C:\Users\N BHARATH\Downloads\9_Travel-main\9_Travel-main\back-end\node_modules\router\lib\layer.js:152:17)
    at next (C:\Users\N BHARATH\Downloads\9_Travel-main\9_Travel-main\back-end\node_modules\router\lib\route.js:157:13)
    at Route.dispatch (C:\Users\N BHARATH\Downloads\9_Travel-main\9_Travel-main\back-end\node_modules\router\lib\route.js:117:3)
    at handle (C:\Users\N BHARATH\Downloads\9_Travel-main\9_Travel-main\back-end\node_modules\router\index.js:435:11)
    at Layer.handleRequest (C:\Users\N BHARATH\Downloads\9_Travel-main\9_Travel-main\back-end\node_modules\router\lib\layer.js:152:17)
[2026-09-02T15:40:56.134Z] [ERROR] [HTTP-EXCEPTION] HTTP Exception [403] on GET /workflow/state - "The active session user was not found."
Trace: ForbiddenException: The active session user was not found.
    at RolesGuard.canActivate (C:\Users\N BHARATH\Downloads\9_Travel-main\9_Travel-main\back-end\src\common\roles.guard.ts:40:17)
    at GuardsConsumer.tryActivate (C:\Users\N BHARATH\Downloads\9_Travel-main\9_Travel-main\back-end\node_modules\@nestjs\core\guards\guards-consumer.js:15:34)
    at canActivateFn (C:\Users\N BHARATH\Downloads\9_Travel-main\9_Travel-main\back-end\node_modules\@nestjs\core\router\router-execution-context.js:135:59)
    at C:\Users\N BHARATH\Downloads\9_Travel-main\9_Travel-main\back-end\node_modules\@nestjs\core\router\router-execution-context.js:42:37
    at C:\Users\N BHARATH\Downloads\9_Travel-main\9_Travel-main\back-end\node_modules\@nestjs\core\router\router-proxy.js:9:23
    at Layer.handleRequest (C:\Users\N BHARATH\Downloads\9_Travel-main\9_Travel-main\back-end\node_modules\router\lib\layer.js:152:17)
    at next (C:\Users\N BHARATH\Downloads\9_Travel-main\9_Travel-main\back-end\node_modules\router\lib\route.js:157:13)
    at Route.dispatch (C:\Users\N BHARATH\Downloads\9_Travel-main\9_Travel-main\back-end\node_modules\router\lib\route.js:117:3)
    at handle (C:\Users\N BHARATH\Downloads\9_Travel-main\9_Travel-main\back-end\node_modules\router\index.js:435:11)
    at Layer.handleRequest (C:\Users\N BHARATH\Downloads\9_Travel-main\9_Travel-main\back-end\node_modules\router\lib\layer.js:152:17)
[2026-09-02T15:41:55.698Z] [ERROR] [HTTP-EXCEPTION] HTTP Exception [403] on GET /workflow/state - "The active session user was not found."
Trace: ForbiddenException: The active session user was not found.
    at RolesGuard.canActivate (C:\Users\N BHARATH\Downloads\9_Travel-main\9_Travel-main\back-end\src\common\roles.guard.ts:40:17)
    at GuardsConsumer.tryActivate (C:\Users\N BHARATH\Downloads\9_Travel-main\9_Travel-main\back-end\node_modules\@nestjs\core\guards\guards-consumer.js:15:34)
    at canActivateFn (C:\Users\N BHARATH\Downloads\9_Travel-main\9_Travel-main\back-end\node_modules\@nestjs\core\router\router-execution-context.js:135:59)
    at C:\Users\N BHARATH\Downloads\9_Travel-main\9_Travel-main\back-end\node_modules\@nestjs\core\router\router-execution-context.js:42:37
    at C:\Users\N BHARATH\Downloads\9_Travel-main\9_Travel-main\back-end\node_modules\@nestjs\core\router\router-proxy.js:9:23
    at Layer.handleRequest (C:\Users\N BHARATH\Downloads\9_Travel-main\9_Travel-main\back-end\node_modules\router\lib\layer.js:152:17)
    at next (C:\Users\N BHARATH\Downloads\9_Travel-main\9_Travel-main\back-end\node_modules\router\lib\route.js:157:13)
    at Route.dispatch (C:\Users\N BHARATH\Downloads\9_Travel-main\9_Travel-main\back-end\node_modules\router\lib\route.js:117:3)
    at handle (C:\Users\N BHARATH\Downloads\9_Travel-main\9_Travel-main\back-end\node_modules\router\index.js:435:11)
    at Layer.handleRequest (C:\Users\N BHARATH\Downloads\9_Travel-main\9_Travel-main\back-end\node_modules\router\lib\layer.js:152:17)
[2026-09-02T15:41:56.355Z] [ERROR] [HTTP-EXCEPTION] HTTP Exception [403] on GET /workflow/state - "The active session user was not found."
Trace: ForbiddenException: The active session user was not found.
    at RolesGuard.canActivate (C:\Users\N BHARATH\Downloads\9_Travel-main\9_Travel-main\back-end\src\common\roles.guard.ts:40:17)
    at GuardsConsumer.tryActivate (C:\Users\N BHARATH\Downloads\9_Travel-main\9_Travel-main\back-end\node_modules\@nestjs\core\guards\guards-consumer.js:15:34)
    at canActivateFn (C:\Users\N BHARATH\Downloads\9_Travel-main\9_Travel-main\back-end\node_modules\@nestjs\core\router\router-execution-context.js:135:59)
    at C:\Users\N BHARATH\Downloads\9_Travel-main\9_Travel-main\back-end\node_modules\@nestjs\core\router\router-execution-context.js:42:37
    at C:\Users\N BHARATH\Downloads\9_Travel-main\9_Travel-main\back-end\node_modules\@nestjs\core\router\router-proxy.js:9:23
    at Layer.handleRequest (C:\Users\N BHARATH\Downloads\9_Travel-main\9_Travel-main\back-end\node_modules\router\lib\layer.js:152:17)
    at next (C:\Users\N BHARATH\Downloads\9_Travel-main\9_Travel-main\back-end\node_modules\router\lib\route.js:157:13)
    at Route.dispatch (C:\Users\N BHARATH\Downloads\9_Travel-main\9_Travel-main\back-end\node_modules\router\lib\route.js:117:3)
    at handle (C:\Users\N BHARATH\Downloads\9_Travel-main\9_Travel-main\back-end\node_modules\router\index.js:435:11)
    at Layer.handleRequest (C:\Users\N BHARATH\Downloads\9_Travel-main\9_Travel-main\back-end\node_modules\router\lib\layer.js:152:17)
[2026-09-02T15:41:56.514Z] [ERROR] [HTTP-EXCEPTION] HTTP Exception [403] on GET /workflow/state - "The active session user was not found."
Trace: ForbiddenException: The active session user was not found.
    at RolesGuard.canActivate (C:\Users\N BHARATH\Downloads\9_Travel-main\9_Travel-main\back-end\src\common\roles.guard.ts:40:17)
    at GuardsConsumer.tryActivate (C:\Users\N BHARATH\Downloads\9_Travel-main\9_Travel-main\back-end\node_modules\@nestjs\core\guards\guards-consumer.js:15:34)
    at canActivateFn (C:\Users\N BHARATH\Downloads\9_Travel-main\9_Travel-main\back-end\node_modules\@nestjs\core\router\router-execution-context.js:135:59)
    at C:\Users\N BHARATH\Downloads\9_Travel-main\9_Travel-main\back-end\node_modules\@nestjs\core\router\router-execution-context.js:42:37
    at C:\Users\N BHARATH\Downloads\9_Travel-main\9_Travel-main\back-end\node_modules\@nestjs\core\router\router-proxy.js:9:23
    at Layer.handleRequest (C:\Users\N BHARATH\Downloads\9_Travel-main\9_Travel-main\back-end\node_modules\router\lib\layer.js:152:17)
    at next (C:\Users\N BHARATH\Downloads\9_Travel-main\9_Travel-main\back-end\node_modules\router\lib\route.js:157:13)
    at Route.dispatch (C:\Users\N BHARATH\Downloads\9_Travel-main\9_Travel-main\back-end\node_modules\router\lib\route.js:117:3)
    at handle (C:\Users\N BHARATH\Downloads\9_Travel-main\9_Travel-main\back-end\node_modules\router\index.js:435:11)
    at Layer.handleRequest (C:\Users\N BHARATH\Downloads\9_Travel-main\9_Travel-main\back-end\node_modules\router\lib\layer.js:152:17)
[2026-09-02T15:41:56.781Z] [ERROR] [HTTP-EXCEPTION] HTTP Exception [403] on GET /workflow/state - "The active session user was not found."
Trace: ForbiddenException: The active session user was not found.
    at RolesGuard.canActivate (C:\Users\N BHARATH\Downloads\9_Travel-main\9_Travel-main\back-end\src\common\roles.guard.ts:40:17)
    at GuardsConsumer.tryActivate (C:\Users\N BHARATH\Downloads\9_Travel-main\9_Travel-main\back-end\node_modules\@nestjs\core\guards\guards-consumer.js:15:34)
    at canActivateFn (C:\Users\N BHARATH\Downloads\9_Travel-main\9_Travel-main\back-end\node_modules\@nestjs\core\router\router-execution-context.js:135:59)
    at C:\Users\N BHARATH\Downloads\9_Travel-main\9_Travel-main\back-end\node_modules\@nestjs\core\router\router-execution-context.js:42:37
    at C:\Users\N BHARATH\Downloads\9_Travel-main\9_Travel-main\back-end\node_modules\@nestjs\core\router\router-proxy.js:9:23
    at Layer.handleRequest (C:\Users\N BHARATH\Downloads\9_Travel-main\9_Travel-main\back-end\node_modules\router\lib\layer.js:152:17)
    at next (C:\Users\N BHARATH\Downloads\9_Travel-main\9_Travel-main\back-end\node_modules\router\lib\route.js:157:13)
    at Route.dispatch (C:\Users\N BHARATH\Downloads\9_Travel-main\9_Travel-main\back-end\node_modules\router\lib\route.js:117:3)
    at handle (C:\Users\N BHARATH\Downloads\9_Travel-main\9_Travel-main\back-end\node_modules\router\index.js:435:11)
    at Layer.handleRequest (C:\Users\N BHARATH\Downloads\9_Travel-main\9_Travel-main\back-end\node_modules\router\lib\layer.js:152:17)
[2026-09-02T15:41:57.703Z] [ERROR] [HTTP-EXCEPTION] HTTP Exception [403] on GET /workflow/state - "The active session user was not found."
Trace: ForbiddenException: The active session user was not found.
    at RolesGuard.canActivate (C:\Users\N BHARATH\Downloads\9_Travel-main\9_Travel-main\back-end\src\common\roles.guard.ts:40:17)
    at GuardsConsumer.tryActivate (C:\Users\N BHARATH\Downloads\9_Travel-main\9_Travel-main\back-end\node_modules\@nestjs\core\guards\guards-consumer.js:15:34)
    at canActivateFn (C:\Users\N BHARATH\Downloads\9_Travel-main\9_Travel-main\back-end\node_modules\@nestjs\core\router\router-execution-context.js:135:59)
    at C:\Users\N BHARATH\Downloads\9_Travel-main\9_Travel-main\back-end\node_modules\@nestjs\core\router\router-execution-context.js:42:37
    at C:\Users\N BHARATH\Downloads\9_Travel-main\9_Travel-main\back-end\node_modules\@nestjs\core\router\router-proxy.js:9:23
    at Layer.handleRequest (C:\Users\N BHARATH\Downloads\9_Travel-main\9_Travel-main\back-end\node_modules\router\lib\layer.js:152:17)
    at next (C:\Users\N BHARATH\Downloads\9_Travel-main\9_Travel-main\back-end\node_modules\router\lib\route.js:157:13)
    at Route.dispatch (C:\Users\N BHARATH\Downloads\9_Travel-main\9_Travel-main\back-end\node_modules\router\lib\route.js:117:3)
    at handle (C:\Users\N BHARATH\Downloads\9_Travel-main\9_Travel-main\back-end\node_modules\router\index.js:435:11)
    at Layer.handleRequest (C:\Users\N BHARATH\Downloads\9_Travel-main\9_Travel-main\back-end\node_modules\router\lib\layer.js:152:17)
[2026-09-02T15:41:58.376Z] [ERROR] [HTTP-EXCEPTION] HTTP Exception [403] on GET /workflow/state - "The active session user was not found."
Trace: ForbiddenException: The active session user was not found.
    at RolesGuard.canActivate (C:\Users\N BHARATH\Downloads\9_Travel-main\9_Travel-main\back-end\src\common\roles.guard.ts:40:17)
    at GuardsConsumer.tryActivate (C:\Users\N BHARATH\Downloads\9_Travel-main\9_Travel-main\back-end\node_modules\@nestjs\core\guards\guards-consumer.js:15:34)
    at canActivateFn (C:\Users\N BHARATH\Downloads\9_Travel-main\9_Travel-main\back-end\node_modules\@nestjs\core\router\router-execution-context.js:135:59)
    at C:\Users\N BHARATH\Downloads\9_Travel-main\9_Travel-main\back-end\node_modules\@nestjs\core\router\router-execution-context.js:42:37
    at C:\Users\N BHARATH\Downloads\9_Travel-main\9_Travel-main\back-end\node_modules\@nestjs\core\router\router-proxy.js:9:23
    at Layer.handleRequest (C:\Users\N BHARATH\Downloads\9_Travel-main\9_Travel-main\back-end\node_modules\router\lib\layer.js:152:17)
    at next (C:\Users\N BHARATH\Downloads\9_Travel-main\9_Travel-main\back-end\node_modules\router\lib\route.js:157:13)
    at Route.dispatch (C:\Users\N BHARATH\Downloads\9_Travel-main\9_Travel-main\back-end\node_modules\router\lib\route.js:117:3)
    at handle (C:\Users\N BHARATH\Downloads\9_Travel-main\9_Travel-main\back-end\node_modules\router\index.js:435:11)
    at Layer.handleRequest (C:\Users\N BHARATH\Downloads\9_Travel-main\9_Travel-main\back-end\node_modules\router\lib\layer.js:152:17)
[2026-09-02T15:41:58.995Z] [ERROR] [HTTP-EXCEPTION] HTTP Exception [403] on GET /workflow/state - "The active session user was not found."
Trace: ForbiddenException: The active session user was not found.
    at RolesGuard.canActivate (C:\Users\N BHARATH\Downloads\9_Travel-main\9_Travel-main\back-end\src\common\roles.guard.ts:40:17)
    at GuardsConsumer.tryActivate (C:\Users\N BHARATH\Downloads\9_Travel-main\9_Travel-main\back-end\node_modules\@nestjs\core\guards\guards-consumer.js:15:34)
    at canActivateFn (C:\Users\N BHARATH\Downloads\9_Travel-main\9_Travel-main\back-end\node_modules\@nestjs\core\router\router-execution-context.js:135:59)
    at C:\Users\N BHARATH\Downloads\9_Travel-main\9_Travel-main\back-end\node_modules\@nestjs\core\router\router-execution-context.js:42:37
    at C:\Users\N BHARATH\Downloads\9_Travel-main\9_Travel-main\back-end\node_modules\@nestjs\core\router\router-proxy.js:9:23
    at Layer.handleRequest (C:\Users\N BHARATH\Downloads\9_Travel-main\9_Travel-main\back-end\node_modules\router\lib\layer.js:152:17)
    at next (C:\Users\N BHARATH\Downloads\9_Travel-main\9_Travel-main\back-end\node_modules\router\lib\route.js:157:13)
    at Route.dispatch (C:\Users\N BHARATH\Downloads\9_Travel-main\9_Travel-main\back-end\node_modules\router\lib\route.js:117:3)
    at handle (C:\Users\N BHARATH\Downloads\9_Travel-main\9_Travel-main\back-end\node_modules\router\index.js:435:11)
    at Layer.handleRequest (C:\Users\N BHARATH\Downloads\9_Travel-main\9_Travel-main\back-end\node_modules\router\lib\layer.js:152:17)
[2026-09-02T15:41:59.194Z] [ERROR] [HTTP-EXCEPTION] HTTP Exception [403] on GET /workflow/state - "The active session user was not found."
Trace: ForbiddenException: The active session user was not found.
    at RolesGuard.canActivate (C:\Users\N BHARATH\Downloads\9_Travel-main\9_Travel-main\back-end\src\common\roles.guard.ts:40:17)
    at GuardsConsumer.tryActivate (C:\Users\N BHARATH\Downloads\9_Travel-main\9_Travel-main\back-end\node_modules\@nestjs\core\guards\guards-consumer.js:15:34)
    at canActivateFn (C:\Users\N BHARATH\Downloads\9_Travel-main\9_Travel-main\back-end\node_modules\@nestjs\core\router\router-execution-context.js:135:59)
    at C:\Users\N BHARATH\Downloads\9_Travel-main\9_Travel-main\back-end\node_modules\@nestjs\core\router\router-execution-context.js:42:37
    at C:\Users\N BHARATH\Downloads\9_Travel-main\9_Travel-main\back-end\node_modules\@nestjs\core\router\router-proxy.js:9:23
    at Layer.handleRequest (C:\Users\N BHARATH\Downloads\9_Travel-main\9_Travel-main\back-end\node_modules\router\lib\layer.js:152:17)
    at next (C:\Users\N BHARATH\Downloads\9_Travel-main\9_Travel-main\back-end\node_modules\router\lib\route.js:157:13)
    at Route.dispatch (C:\Users\N BHARATH\Downloads\9_Travel-main\9_Travel-main\back-end\node_modules\router\lib\route.js:117:3)
    at handle (C:\Users\N BHARATH\Downloads\9_Travel-main\9_Travel-main\back-end\node_modules\router\index.js:435:11)
    at Layer.handleRequest (C:\Users\N BHARATH\Downloads\9_Travel-main\9_Travel-main\back-end\node_modules\router\lib\layer.js:152:17)
[2026-09-02T15:41:59.382Z] [ERROR] [HTTP-EXCEPTION] HTTP Exception [403] on GET /workflow/state - "The active session user was not found."
Trace: ForbiddenException: The active session user was not found.
    at RolesGuard.canActivate (C:\Users\N BHARATH\Downloads\9_Travel-main\9_Travel-main\back-end\src\common\roles.guard.ts:40:17)
    at GuardsConsumer.tryActivate (C:\Users\N BHARATH\Downloads\9_Travel-main\9_Travel-main\back-end\node_modules\@nestjs\core\guards\guards-consumer.js:15:34)
    at canActivateFn (C:\Users\N BHARATH\Downloads\9_Travel-main\9_Travel-main\back-end\node_modules\@nestjs\core\router\router-execution-context.js:135:59)
    at C:\Users\N BHARATH\Downloads\9_Travel-main\9_Travel-main\back-end\node_modules\@nestjs\core\router\router-execution-context.js:42:37
    at C:\Users\N BHARATH\Downloads\9_Travel-main\9_Travel-main\back-end\node_modules\@nestjs\core\router\router-proxy.js:9:23
    at Layer.handleRequest (C:\Users\N BHARATH\Downloads\9_Travel-main\9_Travel-main\back-end\node_modules\router\lib\layer.js:152:17)
    at next (C:\Users\N BHARATH\Downloads\9_Travel-main\9_Travel-main\back-end\node_modules\router\lib\route.js:157:13)
    at Route.dispatch (C:\Users\N BHARATH\Downloads\9_Travel-main\9_Travel-main\back-end\node_modules\router\lib\route.js:117:3)
    at handle (C:\Users\N BHARATH\Downloads\9_Travel-main\9_Travel-main\back-end\node_modules\router\index.js:435:11)
    at Layer.handleRequest (C:\Users\N BHARATH\Downloads\9_Travel-main\9_Travel-main\back-end\node_modules\router\lib\layer.js:152:17)
[2026-09-02T15:41:59.656Z] [ERROR] [HTTP-EXCEPTION] HTTP Exception [403] on GET /workflow/state - "The active session user was not found."
Trace: ForbiddenException: The active session user was not found.
    at RolesGuard.canActivate (C:\Users\N BHARATH\Downloads\9_Travel-main\9_Travel-main\back-end\src\common\roles.guard.ts:40:17)
    at GuardsConsumer.tryActivate (C:\Users\N BHARATH\Downloads\9_Travel-main\9_Travel-main\back-end\node_modules\@nestjs\core\guards\guards-consumer.js:15:34)
    at canActivateFn (C:\Users\N BHARATH\Downloads\9_Travel-main\9_Travel-main\back-end\node_modules\@nestjs\core\router\router-execution-context.js:135:59)
    at C:\Users\N BHARATH\Downloads\9_Travel-main\9_Travel-main\back-end\node_modules\@nestjs\core\router\router-execution-context.js:42:37
    at C:\Users\N BHARATH\Downloads\9_Travel-main\9_Travel-main\back-end\node_modules\@nestjs\core\router\router-proxy.js:9:23
    at Layer.handleRequest (C:\Users\N BHARATH\Downloads\9_Travel-main\9_Travel-main\back-end\node_modules\router\lib\layer.js:152:17)
    at next (C:\Users\N BHARATH\Downloads\9_Travel-main\9_Travel-main\back-end\node_modules\router\lib\route.js:157:13)
    at Route.dispatch (C:\Users\N BHARATH\Downloads\9_Travel-main\9_Travel-main\back-end\node_modules\router\lib\route.js:117:3)
    at handle (C:\Users\N BHARATH\Downloads\9_Travel-main\9_Travel-main\back-end\node_modules\router\index.js:435:11)
    at Layer.handleRequest (C:\Users\N BHARATH\Downloads\9_Travel-main\9_Travel-main\back-end\node_modules\router\lib\layer.js:152:17)
[2026-09-02T15:42:00.011Z] [ERROR] [HTTP-EXCEPTION] HTTP Exception [403] on GET /workflow/state - "The active session user was not found."
Trace: ForbiddenException: The active session user was not found.
    at RolesGuard.canActivate (C:\Users\N BHARATH\Downloads\9_Travel-main\9_Travel-main\back-end\src\common\roles.guard.ts:40:17)
    at GuardsConsumer.tryActivate (C:\Users\N BHARATH\Downloads\9_Travel-main\9_Travel-main\back-end\node_modules\@nestjs\core\guards\guards-consumer.js:15:34)
    at canActivateFn (C:\Users\N BHARATH\Downloads\9_Travel-main\9_Travel-main\back-end\node_modules\@nestjs\core\router\router-execution-context.js:135:59)
    at C:\Users\N BHARATH\Downloads\9_Travel-main\9_Travel-main\back-end\node_modules\@nestjs\core\router\router-execution-context.js:42:37
    at C:\Users\N BHARATH\Downloads\9_Travel-main\9_Travel-main\back-end\node_modules\@nestjs\core\router\router-proxy.js:9:23
    at Layer.handleRequest (C:\Users\N BHARATH\Downloads\9_Travel-main\9_Travel-main\back-end\node_modules\router\lib\layer.js:152:17)
    at next (C:\Users\N BHARATH\Downloads\9_Travel-main\9_Travel-main\back-end\node_modules\router\lib\route.js:157:13)
    at Route.dispatch (C:\Users\N BHARATH\Downloads\9_Travel-main\9_Travel-main\back-end\node_modules\router\lib\route.js:117:3)
    at handle (C:\Users\N BHARATH\Downloads\9_Travel-main\9_Travel-main\back-end\node_modules\router\index.js:435:11)
    at Layer.handleRequest (C:\Users\N BHARATH\Downloads\9_Travel-main\9_Travel-main\back-end\node_modules\router\lib\layer.js:152:17)
[2026-09-02T15:42:00.233Z] [ERROR] [HTTP-EXCEPTION] HTTP Exception [403] on GET /workflow/state - "The active session user was not found."
Trace: ForbiddenException: The active session user was not found.
    at RolesGuard.canActivate (C:\Users\N BHARATH\Downloads\9_Travel-main\9_Travel-main\back-end\src\common\roles.guard.ts:40:17)
    at GuardsConsumer.tryActivate (C:\Users\N BHARATH\Downloads\9_Travel-main\9_Travel-main\back-end\node_modules\@nestjs\core\guards\guards-consumer.js:15:34)
    at canActivateFn (C:\Users\N BHARATH\Downloads\9_Travel-main\9_Travel-main\back-end\node_modules\@nestjs\core\router\router-execution-context.js:135:59)
    at C:\Users\N BHARATH\Downloads\9_Travel-main\9_Travel-main\back-end\node_modules\@nestjs\core\router\router-execution-context.js:42:37
    at C:\Users\N BHARATH\Downloads\9_Travel-main\9_Travel-main\back-end\node_modules\@nestjs\core\router\router-proxy.js:9:23
    at Layer.handleRequest (C:\Users\N BHARATH\Downloads\9_Travel-main\9_Travel-main\back-end\node_modules\router\lib\layer.js:152:17)
    at next (C:\Users\N BHARATH\Downloads\9_Travel-main\9_Travel-main\back-end\node_modules\router\lib\route.js:157:13)
    at Route.dispatch (C:\Users\N BHARATH\Downloads\9_Travel-main\9_Travel-main\back-end\node_modules\router\lib\route.js:117:3)
    at handle (C:\Users\N BHARATH\Downloads\9_Travel-main\9_Travel-main\back-end\node_modules\router\index.js:435:11)
    at Layer.handleRequest (C:\Users\N BHARATH\Downloads\9_Travel-main\9_Travel-main\back-end\node_modules\router\lib\layer.js:152:17)
[2026-09-02T15:42:00.984Z] [ERROR] [HTTP-EXCEPTION] HTTP Exception [403] on GET /workflow/state - "The active session user was not found."
Trace: ForbiddenException: The active session user was not found.
    at RolesGuard.canActivate (C:\Users\N BHARATH\Downloads\9_Travel-main\9_Travel-main\back-end\src\common\roles.guard.ts:40:17)
    at GuardsConsumer.tryActivate (C:\Users\N BHARATH\Downloads\9_Travel-main\9_Travel-main\back-end\node_modules\@nestjs\core\guards\guards-consumer.js:15:34)
    at canActivateFn (C:\Users\N BHARATH\Downloads\9_Travel-main\9_Travel-main\back-end\node_modules\@nestjs\core\router\router-execution-context.js:135:59)
    at C:\Users\N BHARATH\Downloads\9_Travel-main\9_Travel-main\back-end\node_modules\@nestjs\core\router\router-execution-context.js:42:37
    at C:\Users\N BHARATH\Downloads\9_Travel-main\9_Travel-main\back-end\node_modules\@nestjs\core\router\router-proxy.js:9:23
    at Layer.handleRequest (C:\Users\N BHARATH\Downloads\9_Travel-main\9_Travel-main\back-end\node_modules\router\lib\layer.js:152:17)
    at next (C:\Users\N BHARATH\Downloads\9_Travel-main\9_Travel-main\back-end\node_modules\router\lib\route.js:157:13)
    at Route.dispatch (C:\Users\N BHARATH\Downloads\9_Travel-main\9_Travel-main\back-end\node_modules\router\lib\route.js:117:3)
    at handle (C:\Users\N BHARATH\Downloads\9_Travel-main\9_Travel-main\back-end\node_modules\router\index.js:435:11)
    at Layer.handleRequest (C:\Users\N BHARATH\Downloads\9_Travel-main\9_Travel-main\back-end\node_modules\router\lib\layer.js:152:17)
[2026-09-02T15:43:24.986Z] [ERROR] [HTTP-EXCEPTION] HTTP Exception [403] on GET /workflow/state - "The active session user was not found."
Trace: ForbiddenException: The active session user was not found.
    at RolesGuard.canActivate (C:\Users\N BHARATH\Downloads\9_Travel-main\9_Travel-main\back-end\src\common\roles.guard.ts:40:17)
    at GuardsConsumer.tryActivate (C:\Users\N BHARATH\Downloads\9_Travel-main\9_Travel-main\back-end\node_modules\@nestjs\core\guards\guards-consumer.js:15:34)
    at canActivateFn (C:\Users\N BHARATH\Downloads\9_Travel-main\9_Travel-main\back-end\node_modules\@nestjs\core\router\router-execution-context.js:135:59)
    at C:\Users\N BHARATH\Downloads\9_Travel-main\9_Travel-main\back-end\node_modules\@nestjs\core\router\router-execution-context.js:42:37
    at C:\Users\N BHARATH\Downloads\9_Travel-main\9_Travel-main\back-end\node_modules\@nestjs\core\router\router-proxy.js:9:23
    at Layer.handleRequest (C:\Users\N BHARATH\Downloads\9_Travel-main\9_Travel-main\back-end\node_modules\router\lib\layer.js:152:17)
    at next (C:\Users\N BHARATH\Downloads\9_Travel-main\9_Travel-main\back-end\node_modules\router\lib\route.js:157:13)
    at Route.dispatch (C:\Users\N BHARATH\Downloads\9_Travel-main\9_Travel-main\back-end\node_modules\router\lib\route.js:117:3)
    at handle (C:\Users\N BHARATH\Downloads\9_Travel-main\9_Travel-main\back-end\node_modules\router\index.js:435:11)
    at Layer.handleRequest (C:\Users\N BHARATH\Downloads\9_Travel-main\9_Travel-main\back-end\node_modules\router\lib\layer.js:152:17)
[2026-09-02T15:43:25.289Z] [ERROR] [HTTP-EXCEPTION] HTTP Exception [403] on GET /workflow/state - "The active session user was not found."
Trace: ForbiddenException: The active session user was not found.
    at RolesGuard.canActivate (C:\Users\N BHARATH\Downloads\9_Travel-main\9_Travel-main\back-end\src\common\roles.guard.ts:40:17)
    at GuardsConsumer.tryActivate (C:\Users\N BHARATH\Downloads\9_Travel-main\9_Travel-main\back-end\node_modules\@nestjs\core\guards\guards-consumer.js:15:34)
    at canActivateFn (C:\Users\N BHARATH\Downloads\9_Travel-main\9_Travel-main\back-end\node_modules\@nestjs\core\router\router-execution-context.js:135:59)
    at C:\Users\N BHARATH\Downloads\9_Travel-main\9_Travel-main\back-end\node_modules\@nestjs\core\router\router-execution-context.js:42:37
    at C:\Users\N BHARATH\Downloads\9_Travel-main\9_Travel-main\back-end\node_modules\@nestjs\core\router\router-proxy.js:9:23
    at Layer.handleRequest (C:\Users\N BHARATH\Downloads\9_Travel-main\9_Travel-main\back-end\node_modules\router\lib\layer.js:152:17)
    at next (C:\Users\N BHARATH\Downloads\9_Travel-main\9_Travel-main\back-end\node_modules\router\lib\route.js:157:13)
    at Route.dispatch (C:\Users\N BHARATH\Downloads\9_Travel-main\9_Travel-main\back-end\node_modules\router\lib\route.js:117:3)
    at handle (C:\Users\N BHARATH\Downloads\9_Travel-main\9_Travel-main\back-end\node_modules\router\index.js:435:11)
    at Layer.handleRequest (C:\Users\N BHARATH\Downloads\9_Travel-main\9_Travel-main\back-end\node_modules\router\lib\layer.js:152:17)
[2026-09-02T15:43:25.506Z] [ERROR] [HTTP-EXCEPTION] HTTP Exception [403] on GET /workflow/state - "The active session user was not found."
Trace: ForbiddenException: The active session user was not found.
    at RolesGuard.canActivate (C:\Users\N BHARATH\Downloads\9_Travel-main\9_Travel-main\back-end\src\common\roles.guard.ts:40:17)
    at GuardsConsumer.tryActivate (C:\Users\N BHARATH\Downloads\9_Travel-main\9_Travel-main\back-end\node_modules\@nestjs\core\guards\guards-consumer.js:15:34)
    at canActivateFn (C:\Users\N BHARATH\Downloads\9_Travel-main\9_Travel-main\back-end\node_modules\@nestjs\core\router\router-execution-context.js:135:59)
    at C:\Users\N BHARATH\Downloads\9_Travel-main\9_Travel-main\back-end\node_modules\@nestjs\core\router\router-execution-context.js:42:37
    at C:\Users\N BHARATH\Downloads\9_Travel-main\9_Travel-main\back-end\node_modules\@nestjs\core\router\router-proxy.js:9:23
    at Layer.handleRequest (C:\Users\N BHARATH\Downloads\9_Travel-main\9_Travel-main\back-end\node_modules\router\lib\layer.js:152:17)
    at next (C:\Users\N BHARATH\Downloads\9_Travel-main\9_Travel-main\back-end\node_modules\router\lib\route.js:157:13)
    at Route.dispatch (C:\Users\N BHARATH\Downloads\9_Travel-main\9_Travel-main\back-end\node_modules\router\lib\route.js:117:3)
    at handle (C:\Users\N BHARATH\Downloads\9_Travel-main\9_Travel-main\back-end\node_modules\router\index.js:435:11)
    at Layer.handleRequest (C:\Users\N BHARATH\Downloads\9_Travel-main\9_Travel-main\back-end\node_modules\router\lib\layer.js:152:17)
[2026-09-02T15:43:25.694Z] [ERROR] [HTTP-EXCEPTION] HTTP Exception [403] on GET /workflow/state - "The active session user was not found."
Trace: ForbiddenException: The active session user was not found.
    at RolesGuard.canActivate (C:\Users\N BHARATH\Downloads\9_Travel-main\9_Travel-main\back-end\src\common\roles.guard.ts:40:17)
    at GuardsConsumer.tryActivate (C:\Users\N BHARATH\Downloads\9_Travel-main\9_Travel-main\back-end\node_modules\@nestjs\core\guards\guards-consumer.js:15:34)
    at canActivateFn (C:\Users\N BHARATH\Downloads\9_Travel-main\9_Travel-main\back-end\node_modules\@nestjs\core\router\router-execution-context.js:135:59)
    at C:\Users\N BHARATH\Downloads\9_Travel-main\9_Travel-main\back-end\node_modules\@nestjs\core\router\router-execution-context.js:42:37
    at C:\Users\N BHARATH\Downloads\9_Travel-main\9_Travel-main\back-end\node_modules\@nestjs\core\router\router-proxy.js:9:23
    at Layer.handleRequest (C:\Users\N BHARATH\Downloads\9_Travel-main\9_Travel-main\back-end\node_modules\router\lib\layer.js:152:17)
    at next (C:\Users\N BHARATH\Downloads\9_Travel-main\9_Travel-main\back-end\node_modules\router\lib\route.js:157:13)
    at Route.dispatch (C:\Users\N BHARATH\Downloads\9_Travel-main\9_Travel-main\back-end\node_modules\router\lib\route.js:117:3)
    at handle (C:\Users\N BHARATH\Downloads\9_Travel-main\9_Travel-main\back-end\node_modules\router\index.js:435:11)
    at Layer.handleRequest (C:\Users\N BHARATH\Downloads\9_Travel-main\9_Travel-main\back-end\node_modules\router\lib\layer.js:152:17)
[2026-09-02T15:43:25.943Z] [ERROR] [HTTP-EXCEPTION] HTTP Exception [403] on GET /workflow/state - "The active session user was not found."
Trace: ForbiddenException: The active session user was not found.
    at RolesGuard.canActivate (C:\Users\N BHARATH\Downloads\9_Travel-main\9_Travel-main\back-end\src\common\roles.guard.ts:40:17)
    at GuardsConsumer.tryActivate (C:\Users\N BHARATH\Downloads\9_Travel-main\9_Travel-main\back-end\node_modules\@nestjs\core\guards\guards-consumer.js:15:34)
    at canActivateFn (C:\Users\N BHARATH\Downloads\9_Travel-main\9_Travel-main\back-end\node_modules\@nestjs\core\router\router-execution-context.js:135:59)
    at C:\Users\N BHARATH\Downloads\9_Travel-main\9_Travel-main\back-end\node_modules\@nestjs\core\router\router-execution-context.js:42:37
    at C:\Users\N BHARATH\Downloads\9_Travel-main\9_Travel-main\back-end\node_modules\@nestjs\core\router\router-proxy.js:9:23
    at Layer.handleRequest (C:\Users\N BHARATH\Downloads\9_Travel-main\9_Travel-main\back-end\node_modules\router\lib\layer.js:152:17)
    at next (C:\Users\N BHARATH\Downloads\9_Travel-main\9_Travel-main\back-end\node_modules\router\lib\route.js:157:13)
    at Route.dispatch (C:\Users\N BHARATH\Downloads\9_Travel-main\9_Travel-main\back-end\node_modules\router\lib\route.js:117:3)
    at handle (C:\Users\N BHARATH\Downloads\9_Travel-main\9_Travel-main\back-end\node_modules\router\index.js:435:11)
    at Layer.handleRequest (C:\Users\N BHARATH\Downloads\9_Travel-main\9_Travel-main\back-end\node_modules\router\lib\layer.js:152:17)
[2026-09-02T15:43:26.209Z] [ERROR] [HTTP-EXCEPTION] HTTP Exception [403] on GET /workflow/state - "The active session user was not found."
Trace: ForbiddenException: The active session user was not found.
    at RolesGuard.canActivate (C:\Users\N BHARATH\Downloads\9_Travel-main\9_Travel-main\back-end\src\common\roles.guard.ts:40:17)
    at GuardsConsumer.tryActivate (C:\Users\N BHARATH\Downloads\9_Travel-main\9_Travel-main\back-end\node_modules\@nestjs\core\guards\guards-consumer.js:15:34)
    at canActivateFn (C:\Users\N BHARATH\Downloads\9_Travel-main\9_Travel-main\back-end\node_modules\@nestjs\core\router\router-execution-context.js:135:59)
    at C:\Users\N BHARATH\Downloads\9_Travel-main\9_Travel-main\back-end\node_modules\@nestjs\core\router\router-execution-context.js:42:37
    at C:\Users\N BHARATH\Downloads\9_Travel-main\9_Travel-main\back-end\node_modules\@nestjs\core\router\router-proxy.js:9:23
    at Layer.handleRequest (C:\Users\N BHARATH\Downloads\9_Travel-main\9_Travel-main\back-end\node_modules\router\lib\layer.js:152:17)
    at next (C:\Users\N BHARATH\Downloads\9_Travel-main\9_Travel-main\back-end\node_modules\router\lib\route.js:157:13)
    at Route.dispatch (C:\Users\N BHARATH\Downloads\9_Travel-main\9_Travel-main\back-end\node_modules\router\lib\route.js:117:3)
    at handle (C:\Users\N BHARATH\Downloads\9_Travel-main\9_Travel-main\back-end\node_modules\router\index.js:435:11)
    at Layer.handleRequest (C:\Users\N BHARATH\Downloads\9_Travel-main\9_Travel-main\back-end\node_modules\router\lib\layer.js:152:17)
[2026-09-02T15:43:26.422Z] [ERROR] [HTTP-EXCEPTION] HTTP Exception [403] on GET /workflow/state - "The active session user was not found."
Trace: ForbiddenException: The active session user was not found.
    at RolesGuard.canActivate (C:\Users\N BHARATH\Downloads\9_Travel-main\9_Travel-main\back-end\src\common\roles.guard.ts:40:17)
    at GuardsConsumer.tryActivate (C:\Users\N BHARATH\Downloads\9_Travel-main\9_Travel-main\back-end\node_modules\@nestjs\core\guards\guards-consumer.js:15:34)
    at canActivateFn (C:\Users\N BHARATH\Downloads\9_Travel-main\9_Travel-main\back-end\node_modules\@nestjs\core\router\router-execution-context.js:135:59)
    at C:\Users\N BHARATH\Downloads\9_Travel-main\9_Travel-main\back-end\node_modules\@nestjs\core\router\router-execution-context.js:42:37
    at C:\Users\N BHARATH\Downloads\9_Travel-main\9_Travel-main\back-end\node_modules\@nestjs\core\router\router-proxy.js:9:23
    at Layer.handleRequest (C:\Users\N BHARATH\Downloads\9_Travel-main\9_Travel-main\back-end\node_modules\router\lib\layer.js:152:17)
    at next (C:\Users\N BHARATH\Downloads\9_Travel-main\9_Travel-main\back-end\node_modules\router\lib\route.js:157:13)
    at Route.dispatch (C:\Users\N BHARATH\Downloads\9_Travel-main\9_Travel-main\back-end\node_modules\router\lib\route.js:117:3)
    at handle (C:\Users\N BHARATH\Downloads\9_Travel-main\9_Travel-main\back-end\node_modules\router\index.js:435:11)
    at Layer.handleRequest (C:\Users\N BHARATH\Downloads\9_Travel-main\9_Travel-main\back-end\node_modules\router\lib\layer.js:152:17)
[2026-09-02T15:43:26.686Z] [ERROR] [HTTP-EXCEPTION] HTTP Exception [403] on GET /workflow/state - "The active session user was not found."
Trace: ForbiddenException: The active session user was not found.
    at RolesGuard.canActivate (C:\Users\N BHARATH\Downloads\9_Travel-main\9_Travel-main\back-end\src\common\roles.guard.ts:40:17)
    at GuardsConsumer.tryActivate (C:\Users\N BHARATH\Downloads\9_Travel-main\9_Travel-main\back-end\node_modules\@nestjs\core\guards\guards-consumer.js:15:34)
    at canActivateFn (C:\Users\N BHARATH\Downloads\9_Travel-main\9_Travel-main\back-end\node_modules\@nestjs\core\router\router-execution-context.js:135:59)
    at C:\Users\N BHARATH\Downloads\9_Travel-main\9_Travel-main\back-end\node_modules\@nestjs\core\router\router-execution-context.js:42:37
    at C:\Users\N BHARATH\Downloads\9_Travel-main\9_Travel-main\back-end\node_modules\@nestjs\core\router\router-proxy.js:9:23
    at Layer.handleRequest (C:\Users\N BHARATH\Downloads\9_Travel-main\9_Travel-main\back-end\node_modules\router\lib\layer.js:152:17)
    at next (C:\Users\N BHARATH\Downloads\9_Travel-main\9_Travel-main\back-end\node_modules\router\lib\route.js:157:13)
    at Route.dispatch (C:\Users\N BHARATH\Downloads\9_Travel-main\9_Travel-main\back-end\node_modules\router\lib\route.js:117:3)
    at handle (C:\Users\N BHARATH\Downloads\9_Travel-main\9_Travel-main\back-end\node_modules\router\index.js:435:11)
    at Layer.handleRequest (C:\Users\N BHARATH\Downloads\9_Travel-main\9_Travel-main\back-end\node_modules\router\lib\layer.js:152:17)
[2026-09-02T15:43:26.910Z] [ERROR] [HTTP-EXCEPTION] HTTP Exception [403] on GET /workflow/state - "The active session user was not found."
Trace: ForbiddenException: The active session user was not found.
    at RolesGuard.canActivate (C:\Users\N BHARATH\Downloads\9_Travel-main\9_Travel-main\back-end\src\common\roles.guard.ts:40:17)
    at GuardsConsumer.tryActivate (C:\Users\N BHARATH\Downloads\9_Travel-main\9_Travel-main\back-end\node_modules\@nestjs\core\guards\guards-consumer.js:15:34)
    at canActivateFn (C:\Users\N BHARATH\Downloads\9_Travel-main\9_Travel-main\back-end\node_modules\@nestjs\core\router\router-execution-context.js:135:59)
    at C:\Users\N BHARATH\Downloads\9_Travel-main\9_Travel-main\back-end\node_modules\@nestjs\core\router\router-execution-context.js:42:37
    at C:\Users\N BHARATH\Downloads\9_Travel-main\9_Travel-main\back-end\node_modules\@nestjs\core\router\router-proxy.js:9:23
    at Layer.handleRequest (C:\Users\N BHARATH\Downloads\9_Travel-main\9_Travel-main\back-end\node_modules\router\lib\layer.js:152:17)
    at next (C:\Users\N BHARATH\Downloads\9_Travel-main\9_Travel-main\back-end\node_modules\router\lib\route.js:157:13)
    at Route.dispatch (C:\Users\N BHARATH\Downloads\9_Travel-main\9_Travel-main\back-end\node_modules\router\lib\route.js:117:3)
    at handle (C:\Users\N BHARATH\Downloads\9_Travel-main\9_Travel-main\back-end\node_modules\router\index.js:435:11)
    at Layer.handleRequest (C:\Users\N BHARATH\Downloads\9_Travel-main\9_Travel-main\back-end\node_modules\router\lib\layer.js:152:17)
[2026-09-02T15:43:27.179Z] [ERROR] [HTTP-EXCEPTION] HTTP Exception [403] on GET /workflow/state - "The active session user was not found."
Trace: ForbiddenException: The active session user was not found.
    at RolesGuard.canActivate (C:\Users\N BHARATH\Downloads\9_Travel-main\9_Travel-main\back-end\src\common\roles.guard.ts:40:17)
    at GuardsConsumer.tryActivate (C:\Users\N BHARATH\Downloads\9_Travel-main\9_Travel-main\back-end\node_modules\@nestjs\core\guards\guards-consumer.js:15:34)
    at canActivateFn (C:\Users\N BHARATH\Downloads\9_Travel-main\9_Travel-main\back-end\node_modules\@nestjs\core\router\router-execution-context.js:135:59)
    at C:\Users\N BHARATH\Downloads\9_Travel-main\9_Travel-main\back-end\node_modules\@nestjs\core\router\router-execution-context.js:42:37
    at C:\Users\N BHARATH\Downloads\9_Travel-main\9_Travel-main\back-end\node_modules\@nestjs\core\router\router-proxy.js:9:23
    at Layer.handleRequest (C:\Users\N BHARATH\Downloads\9_Travel-main\9_Travel-main\back-end\node_modules\router\lib\layer.js:152:17)
    at next (C:\Users\N BHARATH\Downloads\9_Travel-main\9_Travel-main\back-end\node_modules\router\lib\route.js:157:13)
    at Route.dispatch (C:\Users\N BHARATH\Downloads\9_Travel-main\9_Travel-main\back-end\node_modules\router\lib\route.js:117:3)
    at handle (C:\Users\N BHARATH\Downloads\9_Travel-main\9_Travel-main\back-end\node_modules\router\index.js:435:11)
    at Layer.handleRequest (C:\Users\N BHARATH\Downloads\9_Travel-main\9_Travel-main\back-end\node_modules\router\lib\layer.js:152:17)
[2026-09-02T15:43:27.383Z] [ERROR] [HTTP-EXCEPTION] HTTP Exception [403] on GET /workflow/state - "The active session user was not found."
Trace: ForbiddenException: The active session user was not found.
    at RolesGuard.canActivate (C:\Users\N BHARATH\Downloads\9_Travel-main\9_Travel-main\back-end\src\common\roles.guard.ts:40:17)
    at GuardsConsumer.tryActivate (C:\Users\N BHARATH\Downloads\9_Travel-main\9_Travel-main\back-end\node_modules\@nestjs\core\guards\guards-consumer.js:15:34)
    at canActivateFn (C:\Users\N BHARATH\Downloads\9_Travel-main\9_Travel-main\back-end\node_modules\@nestjs\core\router\router-execution-context.js:135:59)
    at C:\Users\N BHARATH\Downloads\9_Travel-main\9_Travel-main\back-end\node_modules\@nestjs\core\router\router-execution-context.js:42:37
    at C:\Users\N BHARATH\Downloads\9_Travel-main\9_Travel-main\back-end\node_modules\@nestjs\core\router\router-proxy.js:9:23
    at Layer.handleRequest (C:\Users\N BHARATH\Downloads\9_Travel-main\9_Travel-main\back-end\node_modules\router\lib\layer.js:152:17)
    at next (C:\Users\N BHARATH\Downloads\9_Travel-main\9_Travel-main\back-end\node_modules\router\lib\route.js:157:13)
    at Route.dispatch (C:\Users\N BHARATH\Downloads\9_Travel-main\9_Travel-main\back-end\node_modules\router\lib\route.js:117:3)
    at handle (C:\Users\N BHARATH\Downloads\9_Travel-main\9_Travel-main\back-end\node_modules\router\index.js:435:11)
    at Layer.handleRequest (C:\Users\N BHARATH\Downloads\9_Travel-main\9_Travel-main\back-end\node_modules\router\lib\layer.js:152:17)
[2026-09-02T15:43:27.608Z] [ERROR] [HTTP-EXCEPTION] HTTP Exception [403] on GET /workflow/state - "The active session user was not found."
Trace: ForbiddenException: The active session user was not found.
    at RolesGuard.canActivate (C:\Users\N BHARATH\Downloads\9_Travel-main\9_Travel-main\back-end\src\common\roles.guard.ts:40:17)
    at GuardsConsumer.tryActivate (C:\Users\N BHARATH\Downloads\9_Travel-main\9_Travel-main\back-end\node_modules\@nestjs\core\guards\guards-consumer.js:15:34)
    at canActivateFn (C:\Users\N BHARATH\Downloads\9_Travel-main\9_Travel-main\back-end\node_modules\@nestjs\core\router\router-execution-context.js:135:59)
    at C:\Users\N BHARATH\Downloads\9_Travel-main\9_Travel-main\back-end\node_modules\@nestjs\core\router\router-execution-context.js:42:37
    at C:\Users\N BHARATH\Downloads\9_Travel-main\9_Travel-main\back-end\node_modules\@nestjs\core\router\router-proxy.js:9:23
    at Layer.handleRequest (C:\Users\N BHARATH\Downloads\9_Travel-main\9_Travel-main\back-end\node_modules\router\lib\layer.js:152:17)
    at next (C:\Users\N BHARATH\Downloads\9_Travel-main\9_Travel-main\back-end\node_modules\router\lib\route.js:157:13)
    at Route.dispatch (C:\Users\N BHARATH\Downloads\9_Travel-main\9_Travel-main\back-end\node_modules\router\lib\route.js:117:3)
    at handle (C:\Users\N BHARATH\Downloads\9_Travel-main\9_Travel-main\back-end\node_modules\router\index.js:435:11)
    at Layer.handleRequest (C:\Users\N BHARATH\Downloads\9_Travel-main\9_Travel-main\back-end\node_modules\router\lib\layer.js:152:17)
[2026-09-02T15:43:27.848Z] [ERROR] [HTTP-EXCEPTION] HTTP Exception [403] on GET /workflow/state - "The active session user was not found."
Trace: ForbiddenException: The active session user was not found.
    at RolesGuard.canActivate (C:\Users\N BHARATH\Downloads\9_Travel-main\9_Travel-main\back-end\src\common\roles.guard.ts:40:17)
    at GuardsConsumer.tryActivate (C:\Users\N BHARATH\Downloads\9_Travel-main\9_Travel-main\back-end\node_modules\@nestjs\core\guards\guards-consumer.js:15:34)
    at canActivateFn (C:\Users\N BHARATH\Downloads\9_Travel-main\9_Travel-main\back-end\node_modules\@nestjs\core\router\router-execution-context.js:135:59)
    at C:\Users\N BHARATH\Downloads\9_Travel-main\9_Travel-main\back-end\node_modules\@nestjs\core\router\router-execution-context.js:42:37
    at C:\Users\N BHARATH\Downloads\9_Travel-main\9_Travel-main\back-end\node_modules\@nestjs\core\router\router-proxy.js:9:23
    at Layer.handleRequest (C:\Users\N BHARATH\Downloads\9_Travel-main\9_Travel-main\back-end\node_modules\router\lib\layer.js:152:17)
    at next (C:\Users\N BHARATH\Downloads\9_Travel-main\9_Travel-main\back-end\node_modules\router\lib\route.js:157:13)
    at Route.dispatch (C:\Users\N BHARATH\Downloads\9_Travel-main\9_Travel-main\back-end\node_modules\router\lib\route.js:117:3)
    at handle (C:\Users\N BHARATH\Downloads\9_Travel-main\9_Travel-main\back-end\node_modules\router\index.js:435:11)
    at Layer.handleRequest (C:\Users\N BHARATH\Downloads\9_Travel-main\9_Travel-main\back-end\node_modules\router\lib\layer.js:152:17)
[2026-09-02T15:43:28.089Z] [ERROR] [HTTP-EXCEPTION] HTTP Exception [403] on GET /workflow/state - "The active session user was not found."
Trace: ForbiddenException: The active session user was not found.
    at RolesGuard.canActivate (C:\Users\N BHARATH\Downloads\9_Travel-main\9_Travel-main\back-end\src\common\roles.guard.ts:40:17)
    at GuardsConsumer.tryActivate (C:\Users\N BHARATH\Downloads\9_Travel-main\9_Travel-main\back-end\node_modules\@nestjs\core\guards\guards-consumer.js:15:34)
    at canActivateFn (C:\Users\N BHARATH\Downloads\9_Travel-main\9_Travel-main\back-end\node_modules\@nestjs\core\router\router-execution-context.js:135:59)
    at C:\Users\N BHARATH\Downloads\9_Travel-main\9_Travel-main\back-end\node_modules\@nestjs\core\router\router-execution-context.js:42:37
    at C:\Users\N BHARATH\Downloads\9_Travel-main\9_Travel-main\back-end\node_modules\@nestjs\core\router\router-proxy.js:9:23
    at Layer.handleRequest (C:\Users\N BHARATH\Downloads\9_Travel-main\9_Travel-main\back-end\node_modules\router\lib\layer.js:152:17)
    at next (C:\Users\N BHARATH\Downloads\9_Travel-main\9_Travel-main\back-end\node_modules\router\lib\route.js:157:13)
    at Route.dispatch (C:\Users\N BHARATH\Downloads\9_Travel-main\9_Travel-main\back-end\node_modules\router\lib\route.js:117:3)
    at handle (C:\Users\N BHARATH\Downloads\9_Travel-main\9_Travel-main\back-end\node_modules\router\index.js:435:11)
    at Layer.handleRequest (C:\Users\N BHARATH\Downloads\9_Travel-main\9_Travel-main\back-end\node_modules\router\lib\layer.js:152:17)
[2026-09-02T15:43:28.460Z] [ERROR] [HTTP-EXCEPTION] HTTP Exception [403] on GET /workflow/state - "The active session user was not found."
Trace: ForbiddenException: The active session user was not found.
    at RolesGuard.canActivate (C:\Users\N BHARATH\Downloads\9_Travel-main\9_Travel-main\back-end\src\common\roles.guard.ts:40:17)
    at GuardsConsumer.tryActivate (C:\Users\N BHARATH\Downloads\9_Travel-main\9_Travel-main\back-end\node_modules\@nestjs\core\guards\guards-consumer.js:15:34)
    at canActivateFn (C:\Users\N BHARATH\Downloads\9_Travel-main\9_Travel-main\back-end\node_modules\@nestjs\core\router\router-execution-context.js:135:59)
    at C:\Users\N BHARATH\Downloads\9_Travel-main\9_Travel-main\back-end\node_modules\@nestjs\core\router\router-execution-context.js:42:37
    at C:\Users\N BHARATH\Downloads\9_Travel-main\9_Travel-main\back-end\node_modules\@nestjs\core\router\router-proxy.js:9:23
    at Layer.handleRequest (C:\Users\N BHARATH\Downloads\9_Travel-main\9_Travel-main\back-end\node_modules\router\lib\layer.js:152:17)
    at next (C:\Users\N BHARATH\Downloads\9_Travel-main\9_Travel-main\back-end\node_modules\router\lib\route.js:157:13)
    at Route.dispatch (C:\Users\N BHARATH\Downloads\9_Travel-main\9_Travel-main\back-end\node_modules\router\lib\route.js:117:3)
    at handle (C:\Users\N BHARATH\Downloads\9_Travel-main\9_Travel-main\back-end\node_modules\router\index.js:435:11)
    at Layer.handleRequest (C:\Users\N BHARATH\Downloads\9_Travel-main\9_Travel-main\back-end\node_modules\router\lib\layer.js:152:17)
[2026-09-02T15:43:28.803Z] [ERROR] [HTTP-EXCEPTION] HTTP Exception [403] on GET /workflow/state - "The active session user was not found."
Trace: ForbiddenException: The active session user was not found.
    at RolesGuard.canActivate (C:\Users\N BHARATH\Downloads\9_Travel-main\9_Travel-main\back-end\src\common\roles.guard.ts:40:17)
    at GuardsConsumer.tryActivate (C:\Users\N BHARATH\Downloads\9_Travel-main\9_Travel-main\back-end\node_modules\@nestjs\core\guards\guards-consumer.js:15:34)
    at canActivateFn (C:\Users\N BHARATH\Downloads\9_Travel-main\9_Travel-main\back-end\node_modules\@nestjs\core\router\router-execution-context.js:135:59)
    at C:\Users\N BHARATH\Downloads\9_Travel-main\9_Travel-main\back-end\node_modules\@nestjs\core\router\router-execution-context.js:42:37
    at C:\Users\N BHARATH\Downloads\9_Travel-main\9_Travel-main\back-end\node_modules\@nestjs\core\router\router-proxy.js:9:23
    at Layer.handleRequest (C:\Users\N BHARATH\Downloads\9_Travel-main\9_Travel-main\back-end\node_modules\router\lib\layer.js:152:17)
    at next (C:\Users\N BHARATH\Downloads\9_Travel-main\9_Travel-main\back-end\node_modules\router\lib\route.js:157:13)
    at Route.dispatch (C:\Users\N BHARATH\Downloads\9_Travel-main\9_Travel-main\back-end\node_modules\router\lib\route.js:117:3)
    at handle (C:\Users\N BHARATH\Downloads\9_Travel-main\9_Travel-main\back-end\node_modules\router\index.js:435:11)
    at Layer.handleRequest (C:\Users\N BHARATH\Downloads\9_Travel-main\9_Travel-main\back-end\node_modules\router\lib\layer.js:152:17)
[2026-09-02T15:43:29.112Z] [ERROR] [HTTP-EXCEPTION] HTTP Exception [403] on GET /workflow/state - "The active session user was not found."
Trace: ForbiddenException: The active session user was not found.
    at RolesGuard.canActivate (C:\Users\N BHARATH\Downloads\9_Travel-main\9_Travel-main\back-end\src\common\roles.guard.ts:40:17)
    at GuardsConsumer.tryActivate (C:\Users\N BHARATH\Downloads\9_Travel-main\9_Travel-main\back-end\node_modules\@nestjs\core\guards\guards-consumer.js:15:34)
    at canActivateFn (C:\Users\N BHARATH\Downloads\9_Travel-main\9_Travel-main\back-end\node_modules\@nestjs\core\router\router-execution-context.js:135:59)
    at C:\Users\N BHARATH\Downloads\9_Travel-main\9_Travel-main\back-end\node_modules\@nestjs\core\router\router-execution-context.js:42:37
    at C:\Users\N BHARATH\Downloads\9_Travel-main\9_Travel-main\back-end\node_modules\@nestjs\core\router\router-proxy.js:9:23
    at Layer.handleRequest (C:\Users\N BHARATH\Downloads\9_Travel-main\9_Travel-main\back-end\node_modules\router\lib\layer.js:152:17)
    at next (C:\Users\N BHARATH\Downloads\9_Travel-main\9_Travel-main\back-end\node_modules\router\lib\route.js:157:13)
    at Route.dispatch (C:\Users\N BHARATH\Downloads\9_Travel-main\9_Travel-main\back-end\node_modules\router\lib\route.js:117:3)
    at handle (C:\Users\N BHARATH\Downloads\9_Travel-main\9_Travel-main\back-end\node_modules\router\index.js:435:11)
    at Layer.handleRequest (C:\Users\N BHARATH\Downloads\9_Travel-main\9_Travel-main\back-end\node_modules\router\lib\layer.js:152:17)
[2026-09-02T15:43:29.326Z] [ERROR] [HTTP-EXCEPTION] HTTP Exception [403] on GET /workflow/state - "The active session user was not found."
Trace: ForbiddenException: The active session user was not found.
    at RolesGuard.canActivate (C:\Users\N BHARATH\Downloads\9_Travel-main\9_Travel-main\back-end\src\common\roles.guard.ts:40:17)
    at GuardsConsumer.tryActivate (C:\Users\N BHARATH\Downloads\9_Travel-main\9_Travel-main\back-end\node_modules\@nestjs\core\guards\guards-consumer.js:15:34)
    at canActivateFn (C:\Users\N BHARATH\Downloads\9_Travel-main\9_Travel-main\back-end\node_modules\@nestjs\core\router\router-execution-context.js:135:59)
    at C:\Users\N BHARATH\Downloads\9_Travel-main\9_Travel-main\back-end\node_modules\@nestjs\core\router\router-execution-context.js:42:37
    at C:\Users\N BHARATH\Downloads\9_Travel-main\9_Travel-main\back-end\node_modules\@nestjs\core\router\router-proxy.js:9:23
    at Layer.handleRequest (C:\Users\N BHARATH\Downloads\9_Travel-main\9_Travel-main\back-end\node_modules\router\lib\layer.js:152:17)
    at next (C:\Users\N BHARATH\Downloads\9_Travel-main\9_Travel-main\back-end\node_modules\router\lib\route.js:157:13)
    at Route.dispatch (C:\Users\N BHARATH\Downloads\9_Travel-main\9_Travel-main\back-end\node_modules\router\lib\route.js:117:3)
    at handle (C:\Users\N BHARATH\Downloads\9_Travel-main\9_Travel-main\back-end\node_modules\router\index.js:435:11)
    at Layer.handleRequest (C:\Users\N BHARATH\Downloads\9_Travel-main\9_Travel-main\back-end\node_modules\router\lib\layer.js:152:17)
[2026-09-02T15:43:29.499Z] [ERROR] [HTTP-EXCEPTION] HTTP Exception [403] on GET /workflow/state - "The active session user was not found."
Trace: ForbiddenException: The active session user was not found.
    at RolesGuard.canActivate (C:\Users\N BHARATH\Downloads\9_Travel-main\9_Travel-main\back-end\src\common\roles.guard.ts:40:17)
    at GuardsConsumer.tryActivate (C:\Users\N BHARATH\Downloads\9_Travel-main\9_Travel-main\back-end\node_modules\@nestjs\core\guards\guards-consumer.js:15:34)
    at canActivateFn (C:\Users\N BHARATH\Downloads\9_Travel-main\9_Travel-main\back-end\node_modules\@nestjs\core\router\router-execution-context.js:135:59)
    at C:\Users\N BHARATH\Downloads\9_Travel-main\9_Travel-main\back-end\node_modules\@nestjs\core\router\router-execution-context.js:42:37
    at C:\Users\N BHARATH\Downloads\9_Travel-main\9_Travel-main\back-end\node_modules\@nestjs\core\router\router-proxy.js:9:23
    at Layer.handleRequest (C:\Users\N BHARATH\Downloads\9_Travel-main\9_Travel-main\back-end\node_modules\router\lib\layer.js:152:17)
    at next (C:\Users\N BHARATH\Downloads\9_Travel-main\9_Travel-main\back-end\node_modules\router\lib\route.js:157:13)
    at Route.dispatch (C:\Users\N BHARATH\Downloads\9_Travel-main\9_Travel-main\back-end\node_modules\router\lib\route.js:117:3)
    at handle (C:\Users\N BHARATH\Downloads\9_Travel-main\9_Travel-main\back-end\node_modules\router\index.js:435:11)
    at Layer.handleRequest (C:\Users\N BHARATH\Downloads\9_Travel-main\9_Travel-main\back-end\node_modules\router\lib\layer.js:152:17)
[2026-09-02T15:43:29.769Z] [ERROR] [HTTP-EXCEPTION] HTTP Exception [403] on GET /workflow/state - "The active session user was not found."
Trace: ForbiddenException: The active session user was not found.
    at RolesGuard.canActivate (C:\Users\N BHARATH\Downloads\9_Travel-main\9_Travel-main\back-end\src\common\roles.guard.ts:40:17)
    at GuardsConsumer.tryActivate (C:\Users\N BHARATH\Downloads\9_Travel-main\9_Travel-main\back-end\node_modules\@nestjs\core\guards\guards-consumer.js:15:34)
    at canActivateFn (C:\Users\N BHARATH\Downloads\9_Travel-main\9_Travel-main\back-end\node_modules\@nestjs\core\router\router-execution-context.js:135:59)
    at C:\Users\N BHARATH\Downloads\9_Travel-main\9_Travel-main\back-end\node_modules\@nestjs\core\router\router-execution-context.js:42:37
    at C:\Users\N BHARATH\Downloads\9_Travel-main\9_Travel-main\back-end\node_modules\@nestjs\core\router\router-proxy.js:9:23
    at Layer.handleRequest (C:\Users\N BHARATH\Downloads\9_Travel-main\9_Travel-main\back-end\node_modules\router\lib\layer.js:152:17)
    at next (C:\Users\N BHARATH\Downloads\9_Travel-main\9_Travel-main\back-end\node_modules\router\lib\route.js:157:13)
    at Route.dispatch (C:\Users\N BHARATH\Downloads\9_Travel-main\9_Travel-main\back-end\node_modules\router\lib\route.js:117:3)
    at handle (C:\Users\N BHARATH\Downloads\9_Travel-main\9_Travel-main\back-end\node_modules\router\index.js:435:11)
    at Layer.handleRequest (C:\Users\N BHARATH\Downloads\9_Travel-main\9_Travel-main\back-end\node_modules\router\lib\layer.js:152:17)
[2026-09-02T15:43:30.011Z] [ERROR] [HTTP-EXCEPTION] HTTP Exception [403] on GET /workflow/state - "The active session user was not found."
Trace: ForbiddenException: The active session user was not found.
    at RolesGuard.canActivate (C:\Users\N BHARATH\Downloads\9_Travel-main\9_Travel-main\back-end\src\common\roles.guard.ts:40:17)
    at GuardsConsumer.tryActivate (C:\Users\N BHARATH\Downloads\9_Travel-main\9_Travel-main\back-end\node_modules\@nestjs\core\guards\guards-consumer.js:15:34)
    at canActivateFn (C:\Users\N BHARATH\Downloads\9_Travel-main\9_Travel-main\back-end\node_modules\@nestjs\core\router\router-execution-context.js:135:59)
    at C:\Users\N BHARATH\Downloads\9_Travel-main\9_Travel-main\back-end\node_modules\@nestjs\core\router\router-execution-context.js:42:37
    at C:\Users\N BHARATH\Downloads\9_Travel-main\9_Travel-main\back-end\node_modules\@nestjs\core\router\router-proxy.js:9:23
    at Layer.handleRequest (C:\Users\N BHARATH\Downloads\9_Travel-main\9_Travel-main\back-end\node_modules\router\lib\layer.js:152:17)
    at next (C:\Users\N BHARATH\Downloads\9_Travel-main\9_Travel-main\back-end\node_modules\router\lib\route.js:157:13)
    at Route.dispatch (C:\Users\N BHARATH\Downloads\9_Travel-main\9_Travel-main\back-end\node_modules\router\lib\route.js:117:3)
    at handle (C:\Users\N BHARATH\Downloads\9_Travel-main\9_Travel-main\back-end\node_modules\router\index.js:435:11)
    at Layer.handleRequest (C:\Users\N BHARATH\Downloads\9_Travel-main\9_Travel-main\back-end\node_modules\router\lib\layer.js:152:17)
[2026-09-02T15:43:30.382Z] [ERROR] [HTTP-EXCEPTION] HTTP Exception [403] on GET /workflow/state - "The active session user was not found."
Trace: ForbiddenException: The active session user was not found.
    at RolesGuard.canActivate (C:\Users\N BHARATH\Downloads\9_Travel-main\9_Travel-main\back-end\src\common\roles.guard.ts:40:17)
    at GuardsConsumer.tryActivate (C:\Users\N BHARATH\Downloads\9_Travel-main\9_Travel-main\back-end\node_modules\@nestjs\core\guards\guards-consumer.js:15:34)
    at canActivateFn (C:\Users\N BHARATH\Downloads\9_Travel-main\9_Travel-main\back-end\node_modules\@nestjs\core\router\router-execution-context.js:135:59)
    at C:\Users\N BHARATH\Downloads\9_Travel-main\9_Travel-main\back-end\node_modules\@nestjs\core\router\router-execution-context.js:42:37
    at C:\Users\N BHARATH\Downloads\9_Travel-main\9_Travel-main\back-end\node_modules\@nestjs\core\router\router-proxy.js:9:23
    at Layer.handleRequest (C:\Users\N BHARATH\Downloads\9_Travel-main\9_Travel-main\back-end\node_modules\router\lib\layer.js:152:17)
    at next (C:\Users\N BHARATH\Downloads\9_Travel-main\9_Travel-main\back-end\node_modules\router\lib\route.js:157:13)
    at Route.dispatch (C:\Users\N BHARATH\Downloads\9_Travel-main\9_Travel-main\back-end\node_modules\router\lib\route.js:117:3)
    at handle (C:\Users\N BHARATH\Downloads\9_Travel-main\9_Travel-main\back-end\node_modules\router\index.js:435:11)
    at Layer.handleRequest (C:\Users\N BHARATH\Downloads\9_Travel-main\9_Travel-main\back-end\node_modules\router\lib\layer.js:152:17)
[2026-09-02T15:43:30.595Z] [ERROR] [HTTP-EXCEPTION] HTTP Exception [403] on GET /workflow/state - "The active session user was not found."
Trace: ForbiddenException: The active session user was not found.
    at RolesGuard.canActivate (C:\Users\N BHARATH\Downloads\9_Travel-main\9_Travel-main\back-end\src\common\roles.guard.ts:40:17)
    at GuardsConsumer.tryActivate (C:\Users\N BHARATH\Downloads\9_Travel-main\9_Travel-main\back-end\node_modules\@nestjs\core\guards\guards-consumer.js:15:34)
    at canActivateFn (C:\Users\N BHARATH\Downloads\9_Travel-main\9_Travel-main\back-end\node_modules\@nestjs\core\router\router-execution-context.js:135:59)
    at C:\Users\N BHARATH\Downloads\9_Travel-main\9_Travel-main\back-end\node_modules\@nestjs\core\router\router-execution-context.js:42:37
    at C:\Users\N BHARATH\Downloads\9_Travel-main\9_Travel-main\back-end\node_modules\@nestjs\core\router\router-proxy.js:9:23
    at Layer.handleRequest (C:\Users\N BHARATH\Downloads\9_Travel-main\9_Travel-main\back-end\node_modules\router\lib\layer.js:152:17)
    at next (C:\Users\N BHARATH\Downloads\9_Travel-main\9_Travel-main\back-end\node_modules\router\lib\route.js:157:13)
    at Route.dispatch (C:\Users\N BHARATH\Downloads\9_Travel-main\9_Travel-main\back-end\node_modules\router\lib\route.js:117:3)
    at handle (C:\Users\N BHARATH\Downloads\9_Travel-main\9_Travel-main\back-end\node_modules\router\index.js:435:11)
    at Layer.handleRequest (C:\Users\N BHARATH\Downloads\9_Travel-main\9_Travel-main\back-end\node_modules\router\lib\layer.js:152:17)
[2026-09-02T15:43:30.869Z] [ERROR] [HTTP-EXCEPTION] HTTP Exception [403] on GET /workflow/state - "The active session user was not found."
Trace: ForbiddenException: The active session user was not found.
    at RolesGuard.canActivate (C:\Users\N BHARATH\Downloads\9_Travel-main\9_Travel-main\back-end\src\common\roles.guard.ts:40:17)
    at GuardsConsumer.tryActivate (C:\Users\N BHARATH\Downloads\9_Travel-main\9_Travel-main\back-end\node_modules\@nestjs\core\guards\guards-consumer.js:15:34)
    at canActivateFn (C:\Users\N BHARATH\Downloads\9_Travel-main\9_Travel-main\back-end\node_modules\@nestjs\core\router\router-execution-context.js:135:59)
    at C:\Users\N BHARATH\Downloads\9_Travel-main\9_Travel-main\back-end\node_modules\@nestjs\core\router\router-execution-context.js:42:37
    at C:\Users\N BHARATH\Downloads\9_Travel-main\9_Travel-main\back-end\node_modules\@nestjs\core\router\router-proxy.js:9:23
    at Layer.handleRequest (C:\Users\N BHARATH\Downloads\9_Travel-main\9_Travel-main\back-end\node_modules\router\lib\layer.js:152:17)
    at next (C:\Users\N BHARATH\Downloads\9_Travel-main\9_Travel-main\back-end\node_modules\router\lib\route.js:157:13)
    at Route.dispatch (C:\Users\N BHARATH\Downloads\9_Travel-main\9_Travel-main\back-end\node_modules\router\lib\route.js:117:3)
    at handle (C:\Users\N BHARATH\Downloads\9_Travel-main\9_Travel-main\back-end\node_modules\router\index.js:435:11)
    at Layer.handleRequest (C:\Users\N BHARATH\Downloads\9_Travel-main\9_Travel-main\back-end\node_modules\router\lib\layer.js:152:17)
[2026-09-02T15:43:31.126Z] [ERROR] [HTTP-EXCEPTION] HTTP Exception [403] on GET /workflow/state - "The active session user was not found."
Trace: ForbiddenException: The active session user was not found.
    at RolesGuard.canActivate (C:\Users\N BHARATH\Downloads\9_Travel-main\9_Travel-main\back-end\src\common\roles.guard.ts:40:17)
    at GuardsConsumer.tryActivate (C:\Users\N BHARATH\Downloads\9_Travel-main\9_Travel-main\back-end\node_modules\@nestjs\core\guards\guards-consumer.js:15:34)
    at canActivateFn (C:\Users\N BHARATH\Downloads\9_Travel-main\9_Travel-main\back-end\node_modules\@nestjs\core\router\router-execution-context.js:135:59)
    at C:\Users\N BHARATH\Downloads\9_Travel-main\9_Travel-main\back-end\node_modules\@nestjs\core\router\router-execution-context.js:42:37
    at C:\Users\N BHARATH\Downloads\9_Travel-main\9_Travel-main\back-end\node_modules\@nestjs\core\router\router-proxy.js:9:23
    at Layer.handleRequest (C:\Users\N BHARATH\Downloads\9_Travel-main\9_Travel-main\back-end\node_modules\router\lib\layer.js:152:17)
    at next (C:\Users\N BHARATH\Downloads\9_Travel-main\9_Travel-main\back-end\node_modules\router\lib\route.js:157:13)
    at Route.dispatch (C:\Users\N BHARATH\Downloads\9_Travel-main\9_Travel-main\back-end\node_modules\router\lib\route.js:117:3)
    at handle (C:\Users\N BHARATH\Downloads\9_Travel-main\9_Travel-main\back-end\node_modules\router\index.js:435:11)
    at Layer.handleRequest (C:\Users\N BHARATH\Downloads\9_Travel-main\9_Travel-main\back-end\node_modules\router\lib\layer.js:152:17)
[2026-09-02T15:43:31.455Z] [ERROR] [HTTP-EXCEPTION] HTTP Exception [403] on GET /workflow/state - "The active session user was not found."
Trace: ForbiddenException: The active session user was not found.
    at RolesGuard.canActivate (C:\Users\N BHARATH\Downloads\9_Travel-main\9_Travel-main\back-end\src\common\roles.guard.ts:40:17)
    at GuardsConsumer.tryActivate (C:\Users\N BHARATH\Downloads\9_Travel-main\9_Travel-main\back-end\node_modules\@nestjs\core\guards\guards-consumer.js:15:34)
    at canActivateFn (C:\Users\N BHARATH\Downloads\9_Travel-main\9_Travel-main\back-end\node_modules\@nestjs\core\router\router-execution-context.js:135:59)
    at C:\Users\N BHARATH\Downloads\9_Travel-main\9_Travel-main\back-end\node_modules\@nestjs\core\router\router-execution-context.js:42:37
    at C:\Users\N BHARATH\Downloads\9_Travel-main\9_Travel-main\back-end\node_modules\@nestjs\core\router\router-proxy.js:9:23
    at Layer.handleRequest (C:\Users\N BHARATH\Downloads\9_Travel-main\9_Travel-main\back-end\node_modules\router\lib\layer.js:152:17)
    at next (C:\Users\N BHARATH\Downloads\9_Travel-main\9_Travel-main\back-end\node_modules\router\lib\route.js:157:13)
    at Route.dispatch (C:\Users\N BHARATH\Downloads\9_Travel-main\9_Travel-main\back-end\node_modules\router\lib\route.js:117:3)
    at handle (C:\Users\N BHARATH\Downloads\9_Travel-main\9_Travel-main\back-end\node_modules\router\index.js:435:11)
    at Layer.handleRequest (C:\Users\N BHARATH\Downloads\9_Travel-main\9_Travel-main\back-end\node_modules\router\lib\layer.js:152:17)
[2026-09-02T15:43:31.728Z] [ERROR] [HTTP-EXCEPTION] HTTP Exception [403] on GET /workflow/state - "The active session user was not found."
Trace: ForbiddenException: The active session user was not found.
    at RolesGuard.canActivate (C:\Users\N BHARATH\Downloads\9_Travel-main\9_Travel-main\back-end\src\common\roles.guard.ts:40:17)
    at GuardsConsumer.tryActivate (C:\Users\N BHARATH\Downloads\9_Travel-main\9_Travel-main\back-end\node_modules\@nestjs\core\guards\guards-consumer.js:15:34)
    at canActivateFn (C:\Users\N BHARATH\Downloads\9_Travel-main\9_Travel-main\back-end\node_modules\@nestjs\core\router\router-execution-context.js:135:59)
    at C:\Users\N BHARATH\Downloads\9_Travel-main\9_Travel-main\back-end\node_modules\@nestjs\core\router\router-execution-context.js:42:37
    at C:\Users\N BHARATH\Downloads\9_Travel-main\9_Travel-main\back-end\node_modules\@nestjs\core\router\router-proxy.js:9:23
    at Layer.handleRequest (C:\Users\N BHARATH\Downloads\9_Travel-main\9_Travel-main\back-end\node_modules\router\lib\layer.js:152:17)
    at next (C:\Users\N BHARATH\Downloads\9_Travel-main\9_Travel-main\back-end\node_modules\router\lib\route.js:157:13)
    at Route.dispatch (C:\Users\N BHARATH\Downloads\9_Travel-main\9_Travel-main\back-end\node_modules\router\lib\route.js:117:3)
    at handle (C:\Users\N BHARATH\Downloads\9_Travel-main\9_Travel-main\back-end\node_modules\router\index.js:435:11)
    at Layer.handleRequest (C:\Users\N BHARATH\Downloads\9_Travel-main\9_Travel-main\back-end\node_modules\router\lib\layer.js:152:17)
[2026-09-02T15:43:31.976Z] [ERROR] [HTTP-EXCEPTION] HTTP Exception [403] on GET /workflow/state - "The active session user was not found."
Trace: ForbiddenException: The active session user was not found.
    at RolesGuard.canActivate (C:\Users\N BHARATH\Downloads\9_Travel-main\9_Travel-main\back-end\src\common\roles.guard.ts:40:17)
    at GuardsConsumer.tryActivate (C:\Users\N BHARATH\Downloads\9_Travel-main\9_Travel-main\back-end\node_modules\@nestjs\core\guards\guards-consumer.js:15:34)
    at canActivateFn (C:\Users\N BHARATH\Downloads\9_Travel-main\9_Travel-main\back-end\node_modules\@nestjs\core\router\router-execution-context.js:135:59)
    at C:\Users\N BHARATH\Downloads\9_Travel-main\9_Travel-main\back-end\node_modules\@nestjs\core\router\router-execution-context.js:42:37
    at C:\Users\N BHARATH\Downloads\9_Travel-main\9_Travel-main\back-end\node_modules\@nestjs\core\router\router-proxy.js:9:23
    at Layer.handleRequest (C:\Users\N BHARATH\Downloads\9_Travel-main\9_Travel-main\back-end\node_modules\router\lib\layer.js:152:17)
    at next (C:\Users\N BHARATH\Downloads\9_Travel-main\9_Travel-main\back-end\node_modules\router\lib\route.js:157:13)
    at Route.dispatch (C:\Users\N BHARATH\Downloads\9_Travel-main\9_Travel-main\back-end\node_modules\router\lib\route.js:117:3)
    at handle (C:\Users\N BHARATH\Downloads\9_Travel-main\9_Travel-main\back-end\node_modules\router\index.js:435:11)
    at Layer.handleRequest (C:\Users\N BHARATH\Downloads\9_Travel-main\9_Travel-main\back-end\node_modules\router\lib\layer.js:152:17)
[2026-09-02T15:43:32.322Z] [ERROR] [HTTP-EXCEPTION] HTTP Exception [403] on GET /workflow/state - "The active session user was not found."
Trace: ForbiddenException: The active session user was not found.
    at RolesGuard.canActivate (C:\Users\N BHARATH\Downloads\9_Travel-main\9_Travel-main\back-end\src\common\roles.guard.ts:40:17)
    at GuardsConsumer.tryActivate (C:\Users\N BHARATH\Downloads\9_Travel-main\9_Travel-main\back-end\node_modules\@nestjs\core\guards\guards-consumer.js:15:34)
    at canActivateFn (C:\Users\N BHARATH\Downloads\9_Travel-main\9_Travel-main\back-end\node_modules\@nestjs\core\router\router-execution-context.js:135:59)
    at C:\Users\N BHARATH\Downloads\9_Travel-main\9_Travel-main\back-end\node_modules\@nestjs\core\router\router-execution-context.js:42:37
    at C:\Users\N BHARATH\Downloads\9_Travel-main\9_Travel-main\back-end\node_modules\@nestjs\core\router\router-proxy.js:9:23
    at Layer.handleRequest (C:\Users\N BHARATH\Downloads\9_Travel-main\9_Travel-main\back-end\node_modules\router\lib\layer.js:152:17)
    at next (C:\Users\N BHARATH\Downloads\9_Travel-main\9_Travel-main\back-end\node_modules\router\lib\route.js:157:13)
    at Route.dispatch (C:\Users\N BHARATH\Downloads\9_Travel-main\9_Travel-main\back-end\node_modules\router\lib\route.js:117:3)
    at handle (C:\Users\N BHARATH\Downloads\9_Travel-main\9_Travel-main\back-end\node_modules\router\index.js:435:11)
    at Layer.handleRequest (C:\Users\N BHARATH\Downloads\9_Travel-main\9_Travel-main\back-end\node_modules\router\lib\layer.js:152:17)
[2026-09-02T15:43:32.578Z] [ERROR] [HTTP-EXCEPTION] HTTP Exception [403] on GET /workflow/state - "The active session user was not found."
Trace: ForbiddenException: The active session user was not found.
    at RolesGuard.canActivate (C:\Users\N BHARATH\Downloads\9_Travel-main\9_Travel-main\back-end\src\common\roles.guard.ts:40:17)
    at GuardsConsumer.tryActivate (C:\Users\N BHARATH\Downloads\9_Travel-main\9_Travel-main\back-end\node_modules\@nestjs\core\guards\guards-consumer.js:15:34)
    at canActivateFn (C:\Users\N BHARATH\Downloads\9_Travel-main\9_Travel-main\back-end\node_modules\@nestjs\core\router\router-execution-context.js:135:59)
    at C:\Users\N BHARATH\Downloads\9_Travel-main\9_Travel-main\back-end\node_modules\@nestjs\core\router\router-execution-context.js:42:37
    at C:\Users\N BHARATH\Downloads\9_Travel-main\9_Travel-main\back-end\node_modules\@nestjs\core\router\router-proxy.js:9:23
    at Layer.handleRequest (C:\Users\N BHARATH\Downloads\9_Travel-main\9_Travel-main\back-end\node_modules\router\lib\layer.js:152:17)
    at next (C:\Users\N BHARATH\Downloads\9_Travel-main\9_Travel-main\back-end\node_modules\router\lib\route.js:157:13)
    at Route.dispatch (C:\Users\N BHARATH\Downloads\9_Travel-main\9_Travel-main\back-end\node_modules\router\lib\route.js:117:3)
    at handle (C:\Users\N BHARATH\Downloads\9_Travel-main\9_Travel-main\back-end\node_modules\router\index.js:435:11)
    at Layer.handleRequest (C:\Users\N BHARATH\Downloads\9_Travel-main\9_Travel-main\back-end\node_modules\router\lib\layer.js:152:17)
[2026-09-02T15:43:32.788Z] [ERROR] [HTTP-EXCEPTION] HTTP Exception [403] on GET /workflow/state - "The active session user was not found."
Trace: ForbiddenException: The active session user was not found.
    at RolesGuard.canActivate (C:\Users\N BHARATH\Downloads\9_Travel-main\9_Travel-main\back-end\src\common\roles.guard.ts:40:17)
    at GuardsConsumer.tryActivate (C:\Users\N BHARATH\Downloads\9_Travel-main\9_Travel-main\back-end\node_modules\@nestjs\core\guards\guards-consumer.js:15:34)
    at canActivateFn (C:\Users\N BHARATH\Downloads\9_Travel-main\9_Travel-main\back-end\node_modules\@nestjs\core\router\router-execution-context.js:135:59)
    at C:\Users\N BHARATH\Downloads\9_Travel-main\9_Travel-main\back-end\node_modules\@nestjs\core\router\router-execution-context.js:42:37
    at C:\Users\N BHARATH\Downloads\9_Travel-main\9_Travel-main\back-end\node_modules\@nestjs\core\router\router-proxy.js:9:23
    at Layer.handleRequest (C:\Users\N BHARATH\Downloads\9_Travel-main\9_Travel-main\back-end\node_modules\router\lib\layer.js:152:17)
    at next (C:\Users\N BHARATH\Downloads\9_Travel-main\9_Travel-main\back-end\node_modules\router\lib\route.js:157:13)
    at Route.dispatch (C:\Users\N BHARATH\Downloads\9_Travel-main\9_Travel-main\back-end\node_modules\router\lib\route.js:117:3)
    at handle (C:\Users\N BHARATH\Downloads\9_Travel-main\9_Travel-main\back-end\node_modules\router\index.js:435:11)
    at Layer.handleRequest (C:\Users\N BHARATH\Downloads\9_Travel-main\9_Travel-main\back-end\node_modules\router\lib\layer.js:152:17)
[2026-09-02T15:43:33.074Z] [ERROR] [HTTP-EXCEPTION] HTTP Exception [403] on GET /workflow/state - "The active session user was not found."
Trace: ForbiddenException: The active session user was not found.
    at RolesGuard.canActivate (C:\Users\N BHARATH\Downloads\9_Travel-main\9_Travel-main\back-end\src\common\roles.guard.ts:40:17)
    at GuardsConsumer.tryActivate (C:\Users\N BHARATH\Downloads\9_Travel-main\9_Travel-main\back-end\node_modules\@nestjs\core\guards\guards-consumer.js:15:34)
    at canActivateFn (C:\Users\N BHARATH\Downloads\9_Travel-main\9_Travel-main\back-end\node_modules\@nestjs\core\router\router-execution-context.js:135:59)
    at C:\Users\N BHARATH\Downloads\9_Travel-main\9_Travel-main\back-end\node_modules\@nestjs\core\router\router-execution-context.js:42:37
    at C:\Users\N BHARATH\Downloads\9_Travel-main\9_Travel-main\back-end\node_modules\@nestjs\core\router\router-proxy.js:9:23
    at Layer.handleRequest (C:\Users\N BHARATH\Downloads\9_Travel-main\9_Travel-main\back-end\node_modules\router\lib\layer.js:152:17)
    at next (C:\Users\N BHARATH\Downloads\9_Travel-main\9_Travel-main\back-end\node_modules\router\lib\route.js:157:13)
    at Route.dispatch (C:\Users\N BHARATH\Downloads\9_Travel-main\9_Travel-main\back-end\node_modules\router\lib\route.js:117:3)
    at handle (C:\Users\N BHARATH\Downloads\9_Travel-main\9_Travel-main\back-end\node_modules\router\index.js:435:11)
    at Layer.handleRequest (C:\Users\N BHARATH\Downloads\9_Travel-main\9_Travel-main\back-end\node_modules\router\lib\layer.js:152:17)
[2026-09-02T15:43:33.296Z] [ERROR] [HTTP-EXCEPTION] HTTP Exception [403] on GET /workflow/state - "The active session user was not found."
Trace: ForbiddenException: The active session user was not found.
    at RolesGuard.canActivate (C:\Users\N BHARATH\Downloads\9_Travel-main\9_Travel-main\back-end\src\common\roles.guard.ts:40:17)
    at GuardsConsumer.tryActivate (C:\Users\N BHARATH\Downloads\9_Travel-main\9_Travel-main\back-end\node_modules\@nestjs\core\guards\guards-consumer.js:15:34)
    at canActivateFn (C:\Users\N BHARATH\Downloads\9_Travel-main\9_Travel-main\back-end\node_modules\@nestjs\core\router\router-execution-context.js:135:59)
    at C:\Users\N BHARATH\Downloads\9_Travel-main\9_Travel-main\back-end\node_modules\@nestjs\core\router\router-execution-context.js:42:37
    at C:\Users\N BHARATH\Downloads\9_Travel-main\9_Travel-main\back-end\node_modules\@nestjs\core\router\router-proxy.js:9:23
    at Layer.handleRequest (C:\Users\N BHARATH\Downloads\9_Travel-main\9_Travel-main\back-end\node_modules\router\lib\layer.js:152:17)
    at next (C:\Users\N BHARATH\Downloads\9_Travel-main\9_Travel-main\back-end\node_modules\router\lib\route.js:157:13)
    at Route.dispatch (C:\Users\N BHARATH\Downloads\9_Travel-main\9_Travel-main\back-end\node_modules\router\lib\route.js:117:3)
    at handle (C:\Users\N BHARATH\Downloads\9_Travel-main\9_Travel-main\back-end\node_modules\router\index.js:435:11)
    at Layer.handleRequest (C:\Users\N BHARATH\Downloads\9_Travel-main\9_Travel-main\back-end\node_modules\router\lib\layer.js:152:17)
[2026-09-02T15:43:33.561Z] [ERROR] [HTTP-EXCEPTION] HTTP Exception [403] on GET /workflow/state - "The active session user was not found."
Trace: ForbiddenException: The active session user was not found.
    at RolesGuard.canActivate (C:\Users\N BHARATH\Downloads\9_Travel-main\9_Travel-main\back-end\src\common\roles.guard.ts:40:17)
    at GuardsConsumer.tryActivate (C:\Users\N BHARATH\Downloads\9_Travel-main\9_Travel-main\back-end\node_modules\@nestjs\core\guards\guards-consumer.js:15:34)
    at canActivateFn (C:\Users\N BHARATH\Downloads\9_Travel-main\9_Travel-main\back-end\node_modules\@nestjs\core\router\router-execution-context.js:135:59)
    at C:\Users\N BHARATH\Downloads\9_Travel-main\9_Travel-main\back-end\node_modules\@nestjs\core\router\router-execution-context.js:42:37
    at C:\Users\N BHARATH\Downloads\9_Travel-main\9_Travel-main\back-end\node_modules\@nestjs\core\router\router-proxy.js:9:23
    at Layer.handleRequest (C:\Users\N BHARATH\Downloads\9_Travel-main\9_Travel-main\back-end\node_modules\router\lib\layer.js:152:17)
    at next (C:\Users\N BHARATH\Downloads\9_Travel-main\9_Travel-main\back-end\node_modules\router\lib\route.js:157:13)
    at Route.dispatch (C:\Users\N BHARATH\Downloads\9_Travel-main\9_Travel-main\back-end\node_modules\router\lib\route.js:117:3)
    at handle (C:\Users\N BHARATH\Downloads\9_Travel-main\9_Travel-main\back-end\node_modules\router\index.js:435:11)
    at Layer.handleRequest (C:\Users\N BHARATH\Downloads\9_Travel-main\9_Travel-main\back-end\node_modules\router\lib\layer.js:152:17)
[2026-09-02T15:43:33.755Z] [ERROR] [HTTP-EXCEPTION] HTTP Exception [403] on GET /workflow/state - "The active session user was not found."
Trace: ForbiddenException: The active session user was not found.
    at RolesGuard.canActivate (C:\Users\N BHARATH\Downloads\9_Travel-main\9_Travel-main\back-end\src\common\roles.guard.ts:40:17)
    at GuardsConsumer.tryActivate (C:\Users\N BHARATH\Downloads\9_Travel-main\9_Travel-main\back-end\node_modules\@nestjs\core\guards\guards-consumer.js:15:34)
    at canActivateFn (C:\Users\N BHARATH\Downloads\9_Travel-main\9_Travel-main\back-end\node_modules\@nestjs\core\router\router-execution-context.js:135:59)
    at C:\Users\N BHARATH\Downloads\9_Travel-main\9_Travel-main\back-end\node_modules\@nestjs\core\router\router-execution-context.js:42:37
    at C:\Users\N BHARATH\Downloads\9_Travel-main\9_Travel-main\back-end\node_modules\@nestjs\core\router\router-proxy.js:9:23
    at Layer.handleRequest (C:\Users\N BHARATH\Downloads\9_Travel-main\9_Travel-main\back-end\node_modules\router\lib\layer.js:152:17)
    at next (C:\Users\N BHARATH\Downloads\9_Travel-main\9_Travel-main\back-end\node_modules\router\lib\route.js:157:13)
    at Route.dispatch (C:\Users\N BHARATH\Downloads\9_Travel-main\9_Travel-main\back-end\node_modules\router\lib\route.js:117:3)
    at handle (C:\Users\N BHARATH\Downloads\9_Travel-main\9_Travel-main\back-end\node_modules\router\index.js:435:11)
    at Layer.handleRequest (C:\Users\N BHARATH\Downloads\9_Travel-main\9_Travel-main\back-end\node_modules\router\lib\layer.js:152:17)
[2026-09-02T15:43:33.969Z] [ERROR] [HTTP-EXCEPTION] HTTP Exception [403] on GET /workflow/state - "The active session user was not found."
Trace: ForbiddenException: The active session user was not found.
    at RolesGuard.canActivate (C:\Users\N BHARATH\Downloads\9_Travel-main\9_Travel-main\back-end\src\common\roles.guard.ts:40:17)
    at GuardsConsumer.tryActivate (C:\Users\N BHARATH\Downloads\9_Travel-main\9_Travel-main\back-end\node_modules\@nestjs\core\guards\guards-consumer.js:15:34)
    at canActivateFn (C:\Users\N BHARATH\Downloads\9_Travel-main\9_Travel-main\back-end\node_modules\@nestjs\core\router\router-execution-context.js:135:59)
    at C:\Users\N BHARATH\Downloads\9_Travel-main\9_Travel-main\back-end\node_modules\@nestjs\core\router\router-execution-context.js:42:37
    at C:\Users\N BHARATH\Downloads\9_Travel-main\9_Travel-main\back-end\node_modules\@nestjs\core\router\router-proxy.js:9:23
    at Layer.handleRequest (C:\Users\N BHARATH\Downloads\9_Travel-main\9_Travel-main\back-end\node_modules\router\lib\layer.js:152:17)
    at next (C:\Users\N BHARATH\Downloads\9_Travel-main\9_Travel-main\back-end\node_modules\router\lib\route.js:157:13)
    at Route.dispatch (C:\Users\N BHARATH\Downloads\9_Travel-main\9_Travel-main\back-end\node_modules\router\lib\route.js:117:3)
    at handle (C:\Users\N BHARATH\Downloads\9_Travel-main\9_Travel-main\back-end\node_modules\router\index.js:435:11)
    at Layer.handleRequest (C:\Users\N BHARATH\Downloads\9_Travel-main\9_Travel-main\back-end\node_modules\router\lib\layer.js:152:17)
[2026-09-02T15:44:29.036Z] [ERROR] [HTTP-EXCEPTION] HTTP Exception [404] on POST /notifications - "Cannot POST /notifications"
Trace: NotFoundException: Cannot POST /notifications
    at callback (C:\Users\N BHARATH\Downloads\9_Travel-main\9_Travel-main\back-end\node_modules\@nestjs\core\router\routes-resolver.js:77:19)
    at C:\Users\N BHARATH\Downloads\9_Travel-main\9_Travel-main\back-end\node_modules\@nestjs\core\router\router-proxy.js:9:23
    at Layer.handleRequest (C:\Users\N BHARATH\Downloads\9_Travel-main\9_Travel-main\back-end\node_modules\router\lib\layer.js:152:17)
    at trimPrefix (C:\Users\N BHARATH\Downloads\9_Travel-main\9_Travel-main\back-end\node_modules\router\index.js:342:13)
    at C:\Users\N BHARATH\Downloads\9_Travel-main\9_Travel-main\back-end\node_modules\router\index.js:297:9
    at processParams (C:\Users\N BHARATH\Downloads\9_Travel-main\9_Travel-main\back-end\node_modules\router\index.js:582:12)
    at next (C:\Users\N BHARATH\Downloads\9_Travel-main\9_Travel-main\back-end\node_modules\router\index.js:291:5)
    at next (C:\Users\N BHARATH\Downloads\9_Travel-main\9_Travel-main\back-end\node_modules\router\lib\route.js:151:14)
    at LoggingMiddleware.use (C:\Users\N BHARATH\Downloads\9_Travel-main\9_Travel-main\back-end\src\common\middleware\logging.middleware.ts:27:5)
    at C:\Users\N BHARATH\Downloads\9_Travel-main\9_Travel-main\back-end\node_modules\@nestjs\core\router\router-proxy.js:9:23
