[2026-08-27T16:43:05.887Z] [LOG] [NestFactory] Starting Nest application...
[2026-08-27T16:43:05.909Z] [LOG] [InstanceLoader] DataModule dependencies initialized
[2026-08-27T16:43:05.911Z] [LOG] [InstanceLoader] AppModule dependencies initialized
[2026-08-27T16:43:05.913Z] [LOG] [InstanceLoader] UploadModule dependencies initialized
[2026-08-27T16:43:05.914Z] [LOG] [InstanceLoader] WorkflowModule dependencies initialized
[2026-08-27T16:43:05.914Z] [LOG] [InstanceLoader] TripRequestsModule dependencies initialized
[2026-08-27T16:43:05.915Z] [LOG] [InstanceLoader] AuthModule dependencies initialized
[2026-08-27T16:43:05.915Z] [LOG] [InstanceLoader] UsersModule dependencies initialized
[2026-08-27T16:43:05.916Z] [LOG] [InstanceLoader] GuidesModule dependencies initialized
[2026-08-27T16:43:05.917Z] [LOG] [InstanceLoader] VendorsModule dependencies initialized
[2026-08-27T16:43:05.924Z] [LOG] [InstanceLoader] TripsModule dependencies initialized
[2026-08-27T16:43:05.926Z] [LOG] [InstanceLoader] IssuesModule dependencies initialized
[2026-08-27T16:43:05.928Z] [LOG] [InstanceLoader] MessagesModule dependencies initialized
[2026-08-27T16:43:05.928Z] [LOG] [InstanceLoader] NotificationsModule dependencies initialized
[2026-08-27T16:43:05.980Z] [LOG] [RoutesResolver] AuthController {/auth}:
[2026-08-27T16:43:05.984Z] [LOG] [RouterExplorer] Mapped {/auth/register, POST} route
[2026-08-27T16:43:05.984Z] [LOG] [RouterExplorer] Mapped {/auth/login, POST} route
[2026-08-27T16:43:05.985Z] [LOG] [RoutesResolver] UsersController {/users}:
[2026-08-27T16:43:05.986Z] [LOG] [RouterExplorer] Mapped {/users, GET} route
[2026-08-27T16:43:05.986Z] [LOG] [RouterExplorer] Mapped {/users, POST} route
[2026-08-27T16:43:05.990Z] [LOG] [RouterExplorer] Mapped {/users/:id, GET} route
[2026-08-27T16:43:05.990Z] [LOG] [RouterExplorer] Mapped {/users/:id, PATCH} route
[2026-08-27T16:43:05.992Z] [LOG] [RouterExplorer] Mapped {/users/:id, DELETE} route
[2026-08-27T16:43:05.992Z] [LOG] [RoutesResolver] GuidesController {/guides}:
[2026-08-27T16:43:05.993Z] [LOG] [RouterExplorer] Mapped {/guides, GET} route
[2026-08-27T16:43:05.994Z] [LOG] [RouterExplorer] Mapped {/guides, POST} route
[2026-08-27T16:43:05.995Z] [LOG] [RouterExplorer] Mapped {/guides/:id, GET} route
[2026-08-27T16:43:05.995Z] [LOG] [RouterExplorer] Mapped {/guides/:id, PATCH} route
[2026-08-27T16:43:05.996Z] [LOG] [RouterExplorer] Mapped {/guides/:id, DELETE} route
[2026-08-27T16:43:05.996Z] [LOG] [RoutesResolver] VendorsController {/vendors}:
[2026-08-27T16:43:05.998Z] [LOG] [RouterExplorer] Mapped {/vendors, GET} route
[2026-08-27T16:43:05.999Z] [LOG] [RouterExplorer] Mapped {/vendors, POST} route
[2026-08-27T16:43:05.999Z] [LOG] [RouterExplorer] Mapped {/vendors/:id, GET} route
[2026-08-27T16:43:06.000Z] [LOG] [RouterExplorer] Mapped {/vendors/:id, PATCH} route
[2026-08-27T16:43:06.000Z] [LOG] [RouterExplorer] Mapped {/vendors/:id, DELETE} route
[2026-08-27T16:43:06.001Z] [LOG] [RoutesResolver] TripsController {/trips}:
[2026-08-27T16:43:06.002Z] [LOG] [RouterExplorer] Mapped {/trips, GET} route
[2026-08-27T16:43:06.002Z] [LOG] [RouterExplorer] Mapped {/trips, POST} route
[2026-08-27T16:43:06.003Z] [LOG] [RouterExplorer] Mapped {/trips/:id, GET} route
[2026-08-27T16:43:06.003Z] [LOG] [RouterExplorer] Mapped {/trips/:id, PATCH} route
[2026-08-27T16:43:06.006Z] [LOG] [RouterExplorer] Mapped {/trips/:id, DELETE} route
[2026-08-27T16:43:06.006Z] [LOG] [RouterExplorer] Mapped {/trips/:id/assign-guide, POST} route
[2026-08-27T16:43:06.007Z] [LOG] [RouterExplorer] Mapped {/trips/:id/guide/accept, POST} route
[2026-08-27T16:43:06.008Z] [LOG] [RouterExplorer] Mapped {/trips/:id/guide/reject, POST} route
[2026-08-27T16:43:06.009Z] [LOG] [RouterExplorer] Mapped {/trips/:id/assign-vendor, POST} route
[2026-08-27T16:43:06.009Z] [LOG] [RouterExplorer] Mapped {/trips/:id/vendor/accept, POST} route
[2026-08-27T16:43:06.009Z] [LOG] [RouterExplorer] Mapped {/trips/:id/vendor/reject, POST} route
[2026-08-27T16:43:06.010Z] [LOG] [RouterExplorer] Mapped {/trips/:id/start, POST} route
[2026-08-27T16:43:06.010Z] [LOG] [RouterExplorer] Mapped {/trips/:id/schedule, GET} route
[2026-08-27T16:43:06.010Z] [LOG] [RouterExplorer] Mapped {/trips/:id/schedule/:scheduleItemId, PATCH} route
[2026-08-27T16:43:06.013Z] [LOG] [RouterExplorer] Mapped {/trips/:id/guide-updates, POST} route
[2026-08-27T16:43:06.013Z] [LOG] [RouterExplorer] Mapped {/trips/:id/vendor-updates, POST} route
[2026-08-27T16:43:06.013Z] [LOG] [RouterExplorer] Mapped {/trips/:id/updates, GET} route
[2026-08-27T16:43:06.014Z] [LOG] [RoutesResolver] TripRequestsController {/trip-requests}:
[2026-08-27T16:43:06.014Z] [LOG] [RouterExplorer] Mapped {/trip-requests, GET} route
[2026-08-27T16:43:06.015Z] [LOG] [RouterExplorer] Mapped {/trip-requests, POST} route
[2026-08-27T16:43:06.015Z] [LOG] [RouterExplorer] Mapped {/trip-requests/:id/accept, POST} route
[2026-08-27T16:43:06.015Z] [LOG] [RouterExplorer] Mapped {/trip-requests/:id, DELETE} route
[2026-08-27T16:43:06.016Z] [LOG] [RoutesResolver] IssuesController {/issues}:
[2026-08-27T16:43:06.016Z] [LOG] [RouterExplorer] Mapped {/issues, GET} route
[2026-08-27T16:43:06.018Z] [LOG] [RouterExplorer] Mapped {/issues, POST} route
[2026-08-27T16:43:06.018Z] [LOG] [RouterExplorer] Mapped {/issues/:id, GET} route
[2026-08-27T16:43:06.018Z] [LOG] [RouterExplorer] Mapped {/issues/:id, PATCH} route
[2026-08-27T16:43:06.019Z] [LOG] [RouterExplorer] Mapped {/issues/:id/resolve, POST} route
[2026-08-27T16:43:06.019Z] [LOG] [RouterExplorer] Mapped {/issues/:id, DELETE} route
[2026-08-27T16:43:06.019Z] [LOG] [RoutesResolver] MessagesController {/messages}:
[2026-08-27T16:43:06.021Z] [LOG] [RouterExplorer] Mapped {/messages, GET} route
[2026-08-27T16:43:06.021Z] [LOG] [RouterExplorer] Mapped {/messages, POST} route
[2026-08-27T16:43:06.021Z] [LOG] [RouterExplorer] Mapped {/messages/:id, GET} route
[2026-08-27T16:43:06.022Z] [LOG] [RouterExplorer] Mapped {/messages/:id, PATCH} route
[2026-08-27T16:43:06.024Z] [LOG] [RouterExplorer] Mapped {/messages/:id, DELETE} route
[2026-08-27T16:43:06.024Z] [LOG] [RoutesResolver] NotificationsController {/notifications}:
[2026-08-27T16:43:06.025Z] [LOG] [RouterExplorer] Mapped {/notifications, GET} route
[2026-08-27T16:43:06.026Z] [LOG] [RouterExplorer] Mapped {/notifications/:id/read, PATCH} route
[2026-08-27T16:43:06.026Z] [LOG] [RouterExplorer] Mapped {/notifications/:id, DELETE} route
[2026-08-27T16:43:06.027Z] [LOG] [RoutesResolver] WorkflowController {/workflow}:
[2026-08-27T16:43:06.027Z] [LOG] [RouterExplorer] Mapped {/workflow/state, GET} route
[2026-08-27T16:43:06.028Z] [LOG] [RouterExplorer] Mapped {/workflow/state, PUT} route
[2026-08-27T16:43:06.028Z] [LOG] [RouterExplorer] Mapped {/workflow/reset, POST} route
[2026-08-27T16:43:06.028Z] [LOG] [RoutesResolver] UploadController {/upload}:
[2026-08-27T16:43:21.051Z] [HEARTBEAT] Log sync check. Status: OK
[2026-08-27T16:43:36.065Z] [HEARTBEAT] Log sync check. Status: OK
[2026-08-27T16:43:52.392Z] [LOG] [NestFactory] Starting Nest application...
[2026-08-27T16:43:52.409Z] [LOG] [InstanceLoader] DataModule dependencies initialized
[2026-08-27T16:43:52.410Z] [LOG] [InstanceLoader] AppModule dependencies initialized
[2026-08-27T16:43:52.411Z] [LOG] [InstanceLoader] UploadModule dependencies initialized
[2026-08-27T16:43:52.412Z] [LOG] [InstanceLoader] WorkflowModule dependencies initialized
[2026-08-27T16:43:52.412Z] [LOG] [InstanceLoader] TripRequestsModule dependencies initialized
[2026-08-27T16:43:52.413Z] [LOG] [InstanceLoader] AuthModule dependencies initialized
[2026-08-27T16:43:52.413Z] [LOG] [InstanceLoader] UsersModule dependencies initialized
[2026-08-27T16:43:52.414Z] [LOG] [InstanceLoader] GuidesModule dependencies initialized
[2026-08-27T16:43:52.414Z] [LOG] [InstanceLoader] VendorsModule dependencies initialized
[2026-08-27T16:43:52.417Z] [LOG] [InstanceLoader] TripsModule dependencies initialized
[2026-08-27T16:43:52.417Z] [LOG] [InstanceLoader] IssuesModule dependencies initialized
[2026-08-27T16:43:52.418Z] [LOG] [InstanceLoader] MessagesModule dependencies initialized
[2026-08-27T16:43:52.418Z] [LOG] [InstanceLoader] NotificationsModule dependencies initialized
[2026-08-27T16:43:52.461Z] [LOG] [RoutesResolver] AuthController {/auth}:
[2026-08-27T16:43:52.463Z] [LOG] [RouterExplorer] Mapped {/auth/register, POST} route
[2026-08-27T16:43:52.464Z] [LOG] [RouterExplorer] Mapped {/auth/login, POST} route
[2026-08-27T16:43:52.464Z] [LOG] [RoutesResolver] UsersController {/users}:
[2026-08-27T16:43:52.465Z] [LOG] [RouterExplorer] Mapped {/users, GET} route
[2026-08-27T16:43:52.465Z] [LOG] [RouterExplorer] Mapped {/users, POST} route
[2026-08-27T16:43:52.468Z] [LOG] [RouterExplorer] Mapped {/users/:id, GET} route
[2026-08-27T16:43:52.469Z] [LOG] [RouterExplorer] Mapped {/users/:id, PATCH} route
[2026-08-27T16:43:52.470Z] [LOG] [RouterExplorer] Mapped {/users/:id, DELETE} route
[2026-08-27T16:43:52.470Z] [LOG] [RoutesResolver] GuidesController {/guides}:
[2026-08-27T16:43:52.470Z] [LOG] [RouterExplorer] Mapped {/guides, GET} route
[2026-08-27T16:43:52.470Z] [LOG] [RouterExplorer] Mapped {/guides, POST} route
[2026-08-27T16:43:52.471Z] [LOG] [RouterExplorer] Mapped {/guides/:id, GET} route
[2026-08-27T16:43:52.471Z] [LOG] [RouterExplorer] Mapped {/guides/:id, PATCH} route
[2026-08-27T16:43:52.471Z] [LOG] [RouterExplorer] Mapped {/guides/:id, DELETE} route
[2026-08-27T16:43:52.471Z] [LOG] [RoutesResolver] VendorsController {/vendors}:
[2026-08-27T16:43:52.473Z] [LOG] [RouterExplorer] Mapped {/vendors, GET} route
[2026-08-27T16:43:52.474Z] [LOG] [RouterExplorer] Mapped {/vendors, POST} route
[2026-08-27T16:43:52.474Z] [LOG] [RouterExplorer] Mapped {/vendors/:id, GET} route
[2026-08-27T16:43:52.474Z] [LOG] [RouterExplorer] Mapped {/vendors/:id, PATCH} route
[2026-08-27T16:43:52.475Z] [LOG] [RouterExplorer] Mapped {/vendors/:id, DELETE} route
[2026-08-27T16:43:52.475Z] [LOG] [RoutesResolver] TripsController {/trips}:
[2026-08-27T16:43:52.475Z] [LOG] [RouterExplorer] Mapped {/trips, GET} route
[2026-08-27T16:43:52.476Z] [LOG] [RouterExplorer] Mapped {/trips, POST} route
[2026-08-27T16:43:52.476Z] [LOG] [RouterExplorer] Mapped {/trips/:id, GET} route
[2026-08-27T16:43:52.476Z] [LOG] [RouterExplorer] Mapped {/trips/:id, PATCH} route
[2026-08-27T16:43:52.478Z] [LOG] [RouterExplorer] Mapped {/trips/:id, DELETE} route
[2026-08-27T16:43:52.479Z] [LOG] [RouterExplorer] Mapped {/trips/:id/assign-guide, POST} route
[2026-08-27T16:43:52.480Z] [LOG] [RouterExplorer] Mapped {/trips/:id/guide/accept, POST} route
[2026-08-27T16:43:52.480Z] [LOG] [RouterExplorer] Mapped {/trips/:id/guide/reject, POST} route
[2026-08-27T16:43:52.481Z] [LOG] [RouterExplorer] Mapped {/trips/:id/assign-vendor, POST} route
[2026-08-27T16:43:52.481Z] [LOG] [RouterExplorer] Mapped {/trips/:id/vendor/accept, POST} route
[2026-08-27T16:43:52.481Z] [LOG] [RouterExplorer] Mapped {/trips/:id/vendor/reject, POST} route
[2026-08-27T16:43:52.482Z] [LOG] [RouterExplorer] Mapped {/trips/:id/start, POST} route
[2026-08-27T16:43:52.482Z] [LOG] [RouterExplorer] Mapped {/trips/:id/schedule, GET} route
[2026-08-27T16:43:52.483Z] [LOG] [RouterExplorer] Mapped {/trips/:id/schedule/:scheduleItemId, PATCH} route
[2026-08-27T16:43:52.485Z] [LOG] [RouterExplorer] Mapped {/trips/:id/guide-updates, POST} route
[2026-08-27T16:43:52.485Z] [LOG] [RouterExplorer] Mapped {/trips/:id/vendor-updates, POST} route
[2026-08-27T16:43:52.486Z] [LOG] [RouterExplorer] Mapped {/trips/:id/updates, GET} route
[2026-08-27T16:43:52.486Z] [LOG] [RoutesResolver] TripRequestsController {/trip-requests}:
[2026-08-27T16:43:52.486Z] [LOG] [RouterExplorer] Mapped {/trip-requests, GET} route
[2026-08-27T16:43:52.487Z] [LOG] [RouterExplorer] Mapped {/trip-requests, POST} route
[2026-08-27T16:43:52.487Z] [LOG] [RouterExplorer] Mapped {/trip-requests/:id/accept, POST} route
[2026-08-27T16:43:52.487Z] [LOG] [RouterExplorer] Mapped {/trip-requests/:id, DELETE} route
[2026-08-27T16:43:52.488Z] [LOG] [RoutesResolver] IssuesController {/issues}:
[2026-08-27T16:43:52.488Z] [LOG] [RouterExplorer] Mapped {/issues, GET} route
[2026-08-27T16:43:52.491Z] [LOG] [RouterExplorer] Mapped {/issues, POST} route
[2026-08-27T16:43:52.491Z] [LOG] [RouterExplorer] Mapped {/issues/:id, GET} route
[2026-08-27T16:43:52.492Z] [LOG] [RouterExplorer] Mapped {/issues/:id, PATCH} route
[2026-08-27T16:43:52.492Z] [LOG] [RouterExplorer] Mapped {/issues/:id/resolve, POST} route
[2026-08-27T16:43:52.492Z] [LOG] [RouterExplorer] Mapped {/issues/:id, DELETE} route
[2026-08-27T16:43:52.493Z] [LOG] [RoutesResolver] MessagesController {/messages}:
[2026-08-27T16:43:52.493Z] [LOG] [RouterExplorer] Mapped {/messages, GET} route
[2026-08-27T16:43:52.493Z] [LOG] [RouterExplorer] Mapped {/messages, POST} route
[2026-08-27T16:43:52.494Z] [LOG] [RouterExplorer] Mapped {/messages/:id, GET} route
[2026-08-27T16:43:52.494Z] [LOG] [RouterExplorer] Mapped {/messages/:id, PATCH} route
[2026-08-27T16:43:52.496Z] [LOG] [RouterExplorer] Mapped {/messages/:id, DELETE} route
[2026-08-27T16:43:52.496Z] [LOG] [RoutesResolver] NotificationsController {/notifications}:
[2026-08-27T16:43:52.497Z] [LOG] [RouterExplorer] Mapped {/notifications, GET} route
[2026-08-27T16:43:52.498Z] [LOG] [RouterExplorer] Mapped {/notifications/:id/read, PATCH} route
[2026-08-27T16:43:52.499Z] [LOG] [RouterExplorer] Mapped {/notifications/:id, DELETE} route
[2026-08-27T16:43:52.500Z] [LOG] [RoutesResolver] WorkflowController {/workflow}:
[2026-08-27T16:43:52.500Z] [LOG] [RouterExplorer] Mapped {/workflow/state, GET} route
[2026-08-27T16:43:52.502Z] [LOG] [RouterExplorer] Mapped {/workflow/state, PUT} route
[2026-08-27T16:43:52.503Z] [LOG] [RouterExplorer] Mapped {/workflow/reset, POST} route
[2026-08-27T16:43:52.504Z] [LOG] [RoutesResolver] UploadController {/upload}:
[2026-08-27T16:44:07.515Z] [HEARTBEAT] Log sync check. Status: OK
[2026-08-27T16:44:13.570Z] [LOG] [HTTP-REQUEST] POST /auth/login 201 - 39ms - Role: Support Executive - IP: 127.0.0.1 - UA: Mozilla/5.0 (Windows NT 10.0; Win64; x64) AppleWebKit/537.36 (KHTML, like Gecko) Chrome/151.0.0.0 Safari/537.36
[2026-08-27T16:44:14.257Z] [LOG] [HTTP-REQUEST] GET /workflow/state 200 - 4ms - Role: Traveler - IP: 127.0.0.1 - UA: Mozilla/5.0 (Windows NT 10.0; Win64; x64) AppleWebKit/537.36 (KHTML, like Gecko) Chrome/151.0.0.0 Safari/537.36
[2026-08-27T16:44:22.522Z] [HEARTBEAT] Log sync check. Status: OK
[2026-08-27T16:44:22.765Z] [LOG] [HTTP-REQUEST] GET /workflow/state 304 - 2ms - Role: Traveler - IP: 127.0.0.1 - UA: Mozilla/5.0 (Windows NT 10.0; Win64; x64) AppleWebKit/537.36 (KHTML, like Gecko) Chrome/151.0.0.0 Safari/537.36
[2026-08-27T16:44:25.111Z] [LOG] [HTTP-REQUEST] GET /workflow/state 304 - 2ms - Role: Traveler - IP: 127.0.0.1 - UA: Mozilla/5.0 (Windows NT 10.0; Win64; x64) AppleWebKit/537.36 (KHTML, like Gecko) Chrome/151.0.0.0 Safari/537.36
[2026-08-27T16:44:30.253Z] [LOG] [HTTP-REQUEST] GET /workflow/state 304 - 2ms - Role: Traveler - IP: 127.0.0.1 - UA: Mozilla/5.0 (Windows NT 10.0; Win64; x64) AppleWebKit/537.36 (KHTML, like Gecko) Chrome/151.0.0.0 Safari/537.36
[2026-08-27T16:44:37.527Z] [HEARTBEAT] Log sync check. Status: OK
[2026-08-27T16:44:37.728Z] [LOG] [HTTP-REQUEST] GET /workflow/state 304 - 3ms - Role: Traveler - IP: 127.0.0.1 - UA: Mozilla/5.0 (Windows NT 10.0; Win64; x64) AppleWebKit/537.36 (KHTML, like Gecko) Chrome/151.0.0.0 Safari/537.36
[2026-08-27T16:44:52.530Z] [HEARTBEAT] Log sync check. Status: OK
[2026-08-27T16:44:52.786Z] [LOG] [HTTP-REQUEST] GET /workflow/state 304 - 2ms - Role: Traveler - IP: 127.0.0.1 - UA: Mozilla/5.0 (Windows NT 10.0; Win64; x64) AppleWebKit/537.36 (KHTML, like Gecko) Chrome/151.0.0.0 Safari/537.36
[2026-08-27T16:45:07.540Z] [HEARTBEAT] Log sync check. Status: OK
[2026-08-27T16:45:07.815Z] [LOG] [HTTP-REQUEST] GET /workflow/state 304 - 3ms - Role: Traveler - IP: 127.0.0.1 - UA: Mozilla/5.0 (Windows NT 10.0; Win64; x64) AppleWebKit/537.36 (KHTML, like Gecko) Chrome/151.0.0.0 Safari/537.36
[2026-08-27T16:45:22.554Z] [HEARTBEAT] Log sync check. Status: OK
[2026-08-27T16:45:22.926Z] [LOG] [HTTP-REQUEST] GET /workflow/state 304 - 4ms - Role: Traveler - IP: 127.0.0.1 - UA: Mozilla/5.0 (Windows NT 10.0; Win64; x64) AppleWebKit/537.36 (KHTML, like Gecko) Chrome/151.0.0.0 Safari/537.36
[2026-08-27T16:45:37.559Z] [HEARTBEAT] Log sync check. Status: OK
[2026-08-27T16:45:37.828Z] [LOG] [HTTP-REQUEST] GET /workflow/state 304 - 2ms - Role: Traveler - IP: 127.0.0.1 - UA: Mozilla/5.0 (Windows NT 10.0; Win64; x64) AppleWebKit/537.36 (KHTML, like Gecko) Chrome/151.0.0.0 Safari/537.36
[2026-08-27T16:45:52.563Z] [HEARTBEAT] Log sync check. Status: OK
[2026-08-27T16:45:52.834Z] [LOG] [HTTP-REQUEST] GET /workflow/state 304 - 3ms - Role: Traveler - IP: 127.0.0.1 - UA: Mozilla/5.0 (Windows NT 10.0; Win64; x64) AppleWebKit/537.36 (KHTML, like Gecko) Chrome/151.0.0.0 Safari/537.36
[2026-08-27T16:46:04.680Z] [LOG] [HTTP-REQUEST] GET /workflow/state 304 - 1ms - Role: Traveler - IP: 127.0.0.1 - UA: Mozilla/5.0 (Windows NT 10.0; Win64; x64) AppleWebKit/537.36 (KHTML, like Gecko) Chrome/151.0.0.0 Safari/537.36
[2026-08-27T16:46:05.543Z] [LOG] [HTTP-REQUEST] GET /workflow/state 304 - 2ms - Role: Traveler - IP: 127.0.0.1 - UA: Mozilla/5.0 (Windows NT 10.0; Win64; x64) AppleWebKit/537.36 (KHTML, like Gecko) Chrome/151.0.0.0 Safari/537.36
[2026-08-27T16:46:05.678Z] [LOG] [HTTP-REQUEST] GET /workflow/state 304 - 1ms - Role: Traveler - IP: 127.0.0.1 - UA: Mozilla/5.0 (Windows NT 10.0; Win64; x64) AppleWebKit/537.36 (KHTML, like Gecko) Chrome/151.0.0.0 Safari/537.36
[2026-08-27T16:46:05.858Z] [LOG] [HTTP-REQUEST] GET /workflow/state 304 - 2ms - Role: Traveler - IP: 127.0.0.1 - UA: Mozilla/5.0 (Windows NT 10.0; Win64; x64) AppleWebKit/537.36 (KHTML, like Gecko) Chrome/151.0.0.0 Safari/537.36
[2026-08-27T16:46:06.038Z] [LOG] [HTTP-REQUEST] GET /workflow/state 304 - 1ms - Role: Traveler - IP: 127.0.0.1 - UA: Mozilla/5.0 (Windows NT 10.0; Win64; x64) AppleWebKit/537.36 (KHTML, like Gecko) Chrome/151.0.0.0 Safari/537.36
[2026-08-27T16:46:06.215Z] [LOG] [HTTP-REQUEST] GET /workflow/state 304 - 1ms - Role: Traveler - IP: 127.0.0.1 - UA: Mozilla/5.0 (Windows NT 10.0; Win64; x64) AppleWebKit/537.36 (KHTML, like Gecko) Chrome/151.0.0.0 Safari/537.36
[2026-08-27T16:46:06.455Z] [LOG] [HTTP-REQUEST] GET /workflow/state 304 - 2ms - Role: Traveler - IP: 127.0.0.1 - UA: Mozilla/5.0 (Windows NT 10.0; Win64; x64) AppleWebKit/537.36 (KHTML, like Gecko) Chrome/151.0.0.0 Safari/537.36
[2026-08-27T16:46:07.573Z] [HEARTBEAT] Log sync check. Status: OK
[2026-08-27T16:46:07.859Z] [LOG] [HTTP-REQUEST] GET /workflow/state 304 - 2ms - Role: Traveler - IP: 127.0.0.1 - UA: Mozilla/5.0 (Windows NT 10.0; Win64; x64) AppleWebKit/537.36 (KHTML, like Gecko) Chrome/151.0.0.0 Safari/537.36
[2026-08-27T16:46:20.532Z] [LOG] [HTTP-REQUEST] GET /workflow/state 304 - 2ms - Role: Traveler - IP: 127.0.0.1 - UA: Mozilla/5.0 (Windows NT 10.0; Win64; x64) AppleWebKit/537.36 (KHTML, like Gecko) Chrome/151.0.0.0 Safari/537.36
[2026-08-27T16:46:22.587Z] [HEARTBEAT] Log sync check. Status: OK
[2026-08-27T16:46:22.836Z] [LOG] [HTTP-REQUEST] GET /workflow/state 304 - 1ms - Role: Traveler - IP: 127.0.0.1 - UA: Mozilla/5.0 (Windows NT 10.0; Win64; x64) AppleWebKit/537.36 (KHTML, like Gecko) Chrome/151.0.0.0 Safari/537.36
[2026-08-27T16:46:22.856Z] [LOG] [HTTP-REQUEST] GET /workflow/state 304 - 2ms - Role: Traveler - IP: 127.0.0.1 - UA: Mozilla/5.0 (Windows NT 10.0; Win64; x64) AppleWebKit/537.36 (KHTML, like Gecko) Chrome/151.0.0.0 Safari/537.36
[2026-08-27T16:46:25.560Z] [LOG] [HTTP-REQUEST] GET /workflow/state 304 - 2ms - Role: Traveler - IP: 127.0.0.1 - UA: Mozilla/5.0 (Windows NT 10.0; Win64; x64) AppleWebKit/537.36 (KHTML, like Gecko) Chrome/151.0.0.0 Safari/537.36
[2026-08-27T16:46:37.596Z] [HEARTBEAT] Log sync check. Status: OK
[2026-08-27T16:46:37.794Z] [LOG] [HTTP-REQUEST] GET /workflow/state 304 - 2ms - Role: Traveler - IP: 127.0.0.1 - UA: Mozilla/5.0 (Windows NT 10.0; Win64; x64) AppleWebKit/537.36 (KHTML, like Gecko) Chrome/151.0.0.0 Safari/537.36
[2026-08-27T16:46:37.816Z] [LOG] [HTTP-REQUEST] GET /workflow/state 304 - 1ms - Role: Traveler - IP: 127.0.0.1 - UA: Mozilla/5.0 (Windows NT 10.0; Win64; x64) AppleWebKit/537.36 (KHTML, like Gecko) Chrome/151.0.0.0 Safari/537.36
[2026-08-27T16:46:52.599Z] [HEARTBEAT] Log sync check. Status: OK
[2026-08-27T16:46:52.848Z] [LOG] [HTTP-REQUEST] GET /workflow/state 304 - 1ms - Role: Traveler - IP: 127.0.0.1 - UA: Mozilla/5.0 (Windows NT 10.0; Win64; x64) AppleWebKit/537.36 (KHTML, like Gecko) Chrome/151.0.0.0 Safari/537.36
[2026-08-27T16:46:52.855Z] [LOG] [HTTP-REQUEST] GET /workflow/state 304 - 1ms - Role: Traveler - IP: 127.0.0.1 - UA: Mozilla/5.0 (Windows NT 10.0; Win64; x64) AppleWebKit/537.36 (KHTML, like Gecko) Chrome/151.0.0.0 Safari/537.36
[2026-08-27T16:47:07.614Z] [HEARTBEAT] Log sync check. Status: OK
[2026-08-27T16:47:20.988Z] [LOG] [NestFactory] Starting Nest application...
[2026-08-27T16:47:21.003Z] [LOG] [InstanceLoader] DataModule dependencies initialized
[2026-08-27T16:47:21.003Z] [LOG] [InstanceLoader] AppModule dependencies initialized
[2026-08-27T16:47:21.004Z] [LOG] [InstanceLoader] UploadModule dependencies initialized
[2026-08-27T16:47:21.004Z] [LOG] [InstanceLoader] WorkflowModule dependencies initialized
[2026-08-27T16:47:21.005Z] [LOG] [InstanceLoader] TripRequestsModule dependencies initialized
[2026-08-27T16:47:21.005Z] [LOG] [InstanceLoader] AuthModule dependencies initialized
[2026-08-27T16:47:21.005Z] [LOG] [InstanceLoader] UsersModule dependencies initialized
[2026-08-27T16:47:21.005Z] [LOG] [InstanceLoader] GuidesModule dependencies initialized
[2026-08-27T16:47:21.005Z] [LOG] [InstanceLoader] VendorsModule dependencies initialized
[2026-08-27T16:47:21.007Z] [LOG] [InstanceLoader] TripsModule dependencies initialized
[2026-08-27T16:47:21.007Z] [LOG] [InstanceLoader] IssuesModule dependencies initialized
[2026-08-27T16:47:21.008Z] [LOG] [InstanceLoader] MessagesModule dependencies initialized
[2026-08-27T16:47:21.008Z] [LOG] [InstanceLoader] NotificationsModule dependencies initialized
[2026-08-27T16:47:21.046Z] [LOG] [RoutesResolver] AuthController {/auth}:
[2026-08-27T16:47:21.048Z] [LOG] [RouterExplorer] Mapped {/auth/register, POST} route
[2026-08-27T16:47:21.049Z] [LOG] [RouterExplorer] Mapped {/auth/login, POST} route
[2026-08-27T16:47:21.049Z] [LOG] [RoutesResolver] UsersController {/users}:
[2026-08-27T16:47:21.050Z] [LOG] [RouterExplorer] Mapped {/users, GET} route
[2026-08-27T16:47:21.050Z] [LOG] [RouterExplorer] Mapped {/users, POST} route
[2026-08-27T16:47:21.052Z] [LOG] [RouterExplorer] Mapped {/users/:id, GET} route
[2026-08-27T16:47:21.053Z] [LOG] [RouterExplorer] Mapped {/users/:id, PATCH} route
[2026-08-27T16:47:21.054Z] [LOG] [RouterExplorer] Mapped {/users/:id, DELETE} route
[2026-08-27T16:47:21.054Z] [LOG] [RoutesResolver] GuidesController {/guides}:
[2026-08-27T16:47:21.054Z] [LOG] [RouterExplorer] Mapped {/guides, GET} route
[2026-08-27T16:47:21.055Z] [LOG] [RouterExplorer] Mapped {/guides, POST} route
[2026-08-27T16:47:21.055Z] [LOG] [RouterExplorer] Mapped {/guides/:id, GET} route
[2026-08-27T16:47:21.055Z] [LOG] [RouterExplorer] Mapped {/guides/:id, PATCH} route
[2026-08-27T16:47:21.056Z] [LOG] [RouterExplorer] Mapped {/guides/:id, DELETE} route
[2026-08-27T16:47:21.056Z] [LOG] [RoutesResolver] VendorsController {/vendors}:
[2026-08-27T16:47:21.058Z] [LOG] [RouterExplorer] Mapped {/vendors, GET} route
[2026-08-27T16:47:21.059Z] [LOG] [RouterExplorer] Mapped {/vendors, POST} route
[2026-08-27T16:47:21.059Z] [LOG] [RouterExplorer] Mapped {/vendors/:id, GET} route
[2026-08-27T16:47:21.060Z] [LOG] [RouterExplorer] Mapped {/vendors/:id, PATCH} route
[2026-08-27T16:47:21.060Z] [LOG] [RouterExplorer] Mapped {/vendors/:id, DELETE} route
[2026-08-27T16:47:21.060Z] [LOG] [RoutesResolver] TripsController {/trips}:
[2026-08-27T16:47:21.061Z] [LOG] [RouterExplorer] Mapped {/trips, GET} route
[2026-08-27T16:47:21.062Z] [LOG] [RouterExplorer] Mapped {/trips, POST} route
[2026-08-27T16:47:21.063Z] [LOG] [RouterExplorer] Mapped {/trips/:id, GET} route
[2026-08-27T16:47:21.063Z] [LOG] [RouterExplorer] Mapped {/trips/:id, PATCH} route
[2026-08-27T16:47:21.068Z] [LOG] [RouterExplorer] Mapped {/trips/:id, DELETE} route
[2026-08-27T16:47:21.069Z] [LOG] [RouterExplorer] Mapped {/trips/:id/assign-guide, POST} route
[2026-08-27T16:47:21.070Z] [LOG] [RouterExplorer] Mapped {/trips/:id/guide/accept, POST} route
[2026-08-27T16:47:21.070Z] [LOG] [RouterExplorer] Mapped {/trips/:id/guide/reject, POST} route
[2026-08-27T16:47:21.071Z] [LOG] [RouterExplorer] Mapped {/trips/:id/assign-vendor, POST} route
[2026-08-27T16:47:21.072Z] [LOG] [RouterExplorer] Mapped {/trips/:id/vendor/accept, POST} route
[2026-08-27T16:47:21.072Z] [LOG] [RouterExplorer] Mapped {/trips/:id/vendor/reject, POST} route
[2026-08-27T16:47:21.073Z] [LOG] [RouterExplorer] Mapped {/trips/:id/start, POST} route
[2026-08-27T16:47:21.073Z] [LOG] [RouterExplorer] Mapped {/trips/:id/schedule, GET} route
[2026-08-27T16:47:21.073Z] [LOG] [RouterExplorer] Mapped {/trips/:id/schedule/:scheduleItemId, PATCH} route
[2026-08-27T16:47:21.076Z] [LOG] [RouterExplorer] Mapped {/trips/:id/guide-updates, POST} route
[2026-08-27T16:47:21.077Z] [LOG] [RouterExplorer] Mapped {/trips/:id/vendor-updates, POST} route
[2026-08-27T16:47:21.077Z] [LOG] [RouterExplorer] Mapped {/trips/:id/updates, GET} route
[2026-08-27T16:47:21.077Z] [LOG] [RoutesResolver] TripRequestsController {/trip-requests}:
[2026-08-27T16:47:21.078Z] [LOG] [RouterExplorer] Mapped {/trip-requests, GET} route
[2026-08-27T16:47:21.078Z] [LOG] [RouterExplorer] Mapped {/trip-requests, POST} route
[2026-08-27T16:47:21.078Z] [LOG] [RouterExplorer] Mapped {/trip-requests/:id/accept, POST} route
[2026-08-27T16:47:21.079Z] [LOG] [RouterExplorer] Mapped {/trip-requests/:id, DELETE} route
[2026-08-27T16:47:21.079Z] [LOG] [RoutesResolver] IssuesController {/issues}:
[2026-08-27T16:47:21.079Z] [LOG] [RouterExplorer] Mapped {/issues, GET} route
[2026-08-27T16:47:21.081Z] [LOG] [RouterExplorer] Mapped {/issues, POST} route
[2026-08-27T16:47:21.081Z] [LOG] [RouterExplorer] Mapped {/issues/:id, GET} route
[2026-08-27T16:47:21.082Z] [LOG] [RouterExplorer] Mapped {/issues/:id, PATCH} route
[2026-08-27T16:47:21.082Z] [LOG] [RouterExplorer] Mapped {/issues/:id/resolve, POST} route
[2026-08-27T16:47:21.083Z] [LOG] [RouterExplorer] Mapped {/issues/:id, DELETE} route
[2026-08-27T16:47:21.083Z] [LOG] [RoutesResolver] MessagesController {/messages}:
[2026-08-27T16:47:21.083Z] [LOG] [RouterExplorer] Mapped {/messages, GET} route
[2026-08-27T16:47:21.083Z] [LOG] [RouterExplorer] Mapped {/messages, POST} route
[2026-08-27T16:47:21.084Z] [LOG] [RouterExplorer] Mapped {/messages/:id, GET} route
[2026-08-27T16:47:21.084Z] [LOG] [RouterExplorer] Mapped {/messages/:id, PATCH} route
[2026-08-27T16:47:21.086Z] [LOG] [RouterExplorer] Mapped {/messages/:id, DELETE} route
[2026-08-27T16:47:21.086Z] [LOG] [RoutesResolver] NotificationsController {/notifications}:
[2026-08-27T16:47:21.086Z] [LOG] [RouterExplorer] Mapped {/notifications, GET} route
[2026-08-27T16:47:21.087Z] [LOG] [RouterExplorer] Mapped {/notifications/:id/read, PATCH} route
[2026-08-27T16:47:21.087Z] [LOG] [RouterExplorer] Mapped {/notifications/:id, DELETE} route
[2026-08-27T16:47:21.087Z] [LOG] [RoutesResolver] WorkflowController {/workflow}:
[2026-08-27T16:47:21.088Z] [LOG] [RouterExplorer] Mapped {/workflow/state, GET} route
[2026-08-27T16:47:21.088Z] [LOG] [RouterExplorer] Mapped {/workflow/state, PUT} route
[2026-08-27T16:47:21.089Z] [LOG] [RouterExplorer] Mapped {/workflow/reset, POST} route
[2026-08-27T16:47:21.089Z] [LOG] [RoutesResolver] UploadController {/upload}:
[2026-08-27T16:47:21.339Z] [LOG] [HTTP-REQUEST] GET /workflow/state 304 - 19ms - Role: Traveler - IP: 127.0.0.1 - UA: Mozilla/5.0 (Windows NT 10.0; Win64; x64) AppleWebKit/537.36 (KHTML, like Gecko) Chrome/151.0.0.0 Safari/537.36
[2026-08-27T16:47:36.099Z] [HEARTBEAT] Log sync check. Status: OK
[2026-08-27T16:47:36.331Z] [LOG] [HTTP-REQUEST] GET /workflow/state 304 - 4ms - Role: Traveler - IP: 127.0.0.1 - UA: Mozilla/5.0 (Windows NT 10.0; Win64; x64) AppleWebKit/537.36 (KHTML, like Gecko) Chrome/151.0.0.0 Safari/537.36
[2026-08-27T16:47:51.112Z] [HEARTBEAT] Log sync check. Status: OK
[2026-08-27T16:47:51.372Z] [LOG] [HTTP-REQUEST] GET /workflow/state 304 - 2ms - Role: Traveler - IP: 127.0.0.1 - UA: Mozilla/5.0 (Windows NT 10.0; Win64; x64) AppleWebKit/537.36 (KHTML, like Gecko) Chrome/151.0.0.0 Safari/537.36
[2026-08-27T16:48:06.123Z] [HEARTBEAT] Log sync check. Status: OK
[2026-08-27T16:48:06.359Z] [LOG] [HTTP-REQUEST] GET /workflow/state 304 - 1ms - Role: Traveler - IP: 127.0.0.1 - UA: Mozilla/5.0 (Windows NT 10.0; Win64; x64) AppleWebKit/537.36 (KHTML, like Gecko) Chrome/151.0.0.0 Safari/537.36
[2026-08-27T16:48:21.124Z] [HEARTBEAT] Log sync check. Status: OK
[2026-08-27T16:48:21.377Z] [LOG] [HTTP-REQUEST] GET /workflow/state 304 - 1ms - Role: Traveler - IP: 127.0.0.1 - UA: Mozilla/5.0 (Windows NT 10.0; Win64; x64) AppleWebKit/537.36 (KHTML, like Gecko) Chrome/151.0.0.0 Safari/537.36
[2026-08-27T16:48:36.135Z] [HEARTBEAT] Log sync check. Status: OK
[2026-08-27T16:48:38.697Z] [LOG] [NestFactory] Starting Nest application...
[2026-08-27T16:48:38.709Z] [LOG] [InstanceLoader] DataModule dependencies initialized
[2026-08-27T16:48:38.710Z] [LOG] [InstanceLoader] AppModule dependencies initialized
[2026-08-27T16:48:38.711Z] [LOG] [InstanceLoader] UploadModule dependencies initialized
[2026-08-27T16:48:38.711Z] [LOG] [InstanceLoader] WorkflowModule dependencies initialized
[2026-08-27T16:48:38.711Z] [LOG] [InstanceLoader] TripRequestsModule dependencies initialized
[2026-08-27T16:48:38.712Z] [LOG] [InstanceLoader] AuthModule dependencies initialized
[2026-08-27T16:48:38.712Z] [LOG] [InstanceLoader] UsersModule dependencies initialized
[2026-08-27T16:48:38.712Z] [LOG] [InstanceLoader] GuidesModule dependencies initialized
[2026-08-27T16:48:38.712Z] [LOG] [InstanceLoader] VendorsModule dependencies initialized
[2026-08-27T16:48:38.714Z] [LOG] [InstanceLoader] TripsModule dependencies initialized
[2026-08-27T16:48:38.714Z] [LOG] [InstanceLoader] IssuesModule dependencies initialized
[2026-08-27T16:48:38.715Z] [LOG] [InstanceLoader] MessagesModule dependencies initialized
[2026-08-27T16:48:38.715Z] [LOG] [InstanceLoader] NotificationsModule dependencies initialized
[2026-08-27T16:48:38.751Z] [WARN] [LegacyRouteConverter] Unsupported route path: "/users/*". In previous versions, the symbols ?, *, and + were used to denote optional or repeating path parameters. The latest version of "path-to-regexp" now requires the use of named parameters. For example, instead of using a route like /users/* to capture all routes starting with "/users", you should use /users/*path. For more details, refer to the migration guide. Attempting to auto-convert...
[2026-08-27T16:48:38.752Z] [WARN] [LegacyRouteConverter] Unsupported route path: "/vendors/*". In previous versions, the symbols ?, *, and + were used to denote optional or repeating path parameters. The latest version of "path-to-regexp" now requires the use of named parameters. For example, instead of using a route like /users/* to capture all routes starting with "/users", you should use /users/*path. For more details, refer to the migration guide. Attempting to auto-convert...
[2026-08-27T16:48:38.753Z] [WARN] [LegacyRouteConverter] Unsupported route path: "/guides/*". In previous versions, the symbols ?, *, and + were used to denote optional or repeating path parameters. The latest version of "path-to-regexp" now requires the use of named parameters. For example, instead of using a route like /users/* to capture all routes starting with "/users", you should use /users/*path. For more details, refer to the migration guide. Attempting to auto-convert...
[2026-08-27T16:48:38.754Z] [LOG] [RoutesResolver] AuthController {/auth}:
[2026-08-27T16:48:38.756Z] [LOG] [RouterExplorer] Mapped {/auth/register, POST} route
[2026-08-27T16:48:38.757Z] [LOG] [RouterExplorer] Mapped {/auth/login, POST} route
[2026-08-27T16:48:38.758Z] [LOG] [RoutesResolver] UsersController {/users}:
[2026-08-27T16:48:38.759Z] [LOG] [RouterExplorer] Mapped {/users, GET} route
[2026-08-27T16:48:38.759Z] [LOG] [RouterExplorer] Mapped {/users, POST} route
[2026-08-27T16:48:38.760Z] [LOG] [RouterExplorer] Mapped {/users/:id, GET} route
[2026-08-27T16:48:38.761Z] [LOG] [RouterExplorer] Mapped {/users/:id, PATCH} route
[2026-08-27T16:48:38.761Z] [LOG] [RouterExplorer] Mapped {/users/:id, DELETE} route
[2026-08-27T16:48:38.761Z] [LOG] [RoutesResolver] GuidesController {/guides}:
[2026-08-27T16:48:38.762Z] [LOG] [RouterExplorer] Mapped {/guides, GET} route
[2026-08-27T16:48:38.762Z] [LOG] [RouterExplorer] Mapped {/guides, POST} route
[2026-08-27T16:48:38.763Z] [LOG] [RouterExplorer] Mapped {/guides/:id, GET} route
[2026-08-27T16:48:38.765Z] [LOG] [RouterExplorer] Mapped {/guides/:id, PATCH} route
[2026-08-27T16:48:38.765Z] [LOG] [RouterExplorer] Mapped {/guides/:id, DELETE} route
[2026-08-27T16:48:38.765Z] [LOG] [RoutesResolver] VendorsController {/vendors}:
[2026-08-27T16:48:38.766Z] [LOG] [RouterExplorer] Mapped {/vendors, GET} route
[2026-08-27T16:48:38.767Z] [LOG] [RouterExplorer] Mapped {/vendors, POST} route
[2026-08-27T16:48:38.767Z] [LOG] [RouterExplorer] Mapped {/vendors/:id, GET} route
[2026-08-27T16:48:38.768Z] [LOG] [RouterExplorer] Mapped {/vendors/:id, PATCH} route
[2026-08-27T16:48:38.768Z] [LOG] [RouterExplorer] Mapped {/vendors/:id, DELETE} route
[2026-08-27T16:48:38.769Z] [LOG] [RoutesResolver] TripsController {/trips}:
[2026-08-27T16:48:38.769Z] [LOG] [RouterExplorer] Mapped {/trips, GET} route
[2026-08-27T16:48:38.774Z] [LOG] [RouterExplorer] Mapped {/trips, POST} route
[2026-08-27T16:48:38.776Z] [LOG] [RouterExplorer] Mapped {/trips/:id, GET} route
[2026-08-27T16:48:38.777Z] [LOG] [RouterExplorer] Mapped {/trips/:id, PATCH} route
[2026-08-27T16:48:38.778Z] [LOG] [RouterExplorer] Mapped {/trips/:id, DELETE} route
[2026-08-27T16:48:38.779Z] [LOG] [RouterExplorer] Mapped {/trips/:id/assign-guide, POST} route
[2026-08-27T16:48:38.779Z] [LOG] [RouterExplorer] Mapped {/trips/:id/guide/accept, POST} route
[2026-08-27T16:48:38.780Z] [LOG] [RouterExplorer] Mapped {/trips/:id/guide/reject, POST} route
[2026-08-27T16:48:38.780Z] [LOG] [RouterExplorer] Mapped {/trips/:id/assign-vendor, POST} route
[2026-08-27T16:48:38.780Z] [LOG] [RouterExplorer] Mapped {/trips/:id/vendor/accept, POST} route
[2026-08-27T16:48:38.781Z] [LOG] [RouterExplorer] Mapped {/trips/:id/vendor/reject, POST} route
[2026-08-27T16:48:38.783Z] [LOG] [RouterExplorer] Mapped {/trips/:id/start, POST} route
[2026-08-27T16:48:38.783Z] [LOG] [RouterExplorer] Mapped {/trips/:id/schedule, GET} route
[2026-08-27T16:48:38.784Z] [LOG] [RouterExplorer] Mapped {/trips/:id/schedule/:scheduleItemId, PATCH} route
[2026-08-27T16:48:38.785Z] [LOG] [RouterExplorer] Mapped {/trips/:id/guide-updates, POST} route
[2026-08-27T16:48:38.786Z] [LOG] [RouterExplorer] Mapped {/trips/:id/vendor-updates, POST} route
[2026-08-27T16:48:38.786Z] [LOG] [RouterExplorer] Mapped {/trips/:id/updates, GET} route
[2026-08-27T16:48:38.786Z] [LOG] [RoutesResolver] TripRequestsController {/trip-requests}:
[2026-08-27T16:48:38.786Z] [LOG] [RouterExplorer] Mapped {/trip-requests, GET} route
[2026-08-27T16:48:38.787Z] [LOG] [RouterExplorer] Mapped {/trip-requests, POST} route
[2026-08-27T16:48:38.787Z] [LOG] [RouterExplorer] Mapped {/trip-requests/:id/accept, POST} route
[2026-08-27T16:48:38.789Z] [LOG] [RouterExplorer] Mapped {/trip-requests/:id, DELETE} route
[2026-08-27T16:48:38.790Z] [LOG] [RoutesResolver] IssuesController {/issues}:
[2026-08-27T16:48:38.790Z] [LOG] [RouterExplorer] Mapped {/issues, GET} route
[2026-08-27T16:48:38.790Z] [LOG] [RouterExplorer] Mapped {/issues, POST} route
[2026-08-27T16:48:38.791Z] [LOG] [RouterExplorer] Mapped {/issues/:id, GET} route
[2026-08-27T16:48:38.792Z] [LOG] [RouterExplorer] Mapped {/issues/:id, PATCH} route
[2026-08-27T16:48:38.792Z] [LOG] [RouterExplorer] Mapped {/issues/:id/resolve, POST} route
[2026-08-27T16:48:38.792Z] [LOG] [RouterExplorer] Mapped {/issues/:id, DELETE} route
[2026-08-27T16:48:38.792Z] [LOG] [RoutesResolver] MessagesController {/messages}:
[2026-08-27T16:48:38.793Z] [LOG] [RouterExplorer] Mapped {/messages, GET} route
[2026-08-27T16:48:38.795Z] [LOG] [RouterExplorer] Mapped {/messages, POST} route
[2026-08-27T16:48:38.795Z] [LOG] [RouterExplorer] Mapped {/messages/:id, GET} route
[2026-08-27T16:48:38.796Z] [LOG] [RouterExplorer] Mapped {/messages/:id, PATCH} route
[2026-08-27T16:48:38.798Z] [LOG] [RouterExplorer] Mapped {/messages/:id, DELETE} route
[2026-08-27T16:48:38.798Z] [LOG] [RoutesResolver] NotificationsController {/notifications}:
[2026-08-27T16:48:38.799Z] [LOG] [RouterExplorer] Mapped {/notifications, GET} route
[2026-08-27T16:48:38.800Z] [LOG] [RouterExplorer] Mapped {/notifications/:id/read, PATCH} route
[2026-08-27T16:48:38.801Z] [LOG] [RouterExplorer] Mapped {/notifications/:id, DELETE} route
[2026-08-27T16:48:38.801Z] [LOG] [RoutesResolver] WorkflowController {/workflow}:
[2026-08-27T16:48:38.803Z] [LOG] [RouterExplorer] Mapped {/workflow/state, GET} route
[2026-08-27T16:48:39.064Z] [LOG] [HTTP-REQUEST] GET /workflow/state 304 - 10ms - Role: Traveler - IP: 127.0.0.1 - UA: Mozilla/5.0 (Windows NT 10.0; Win64; x64) AppleWebKit/537.36 (KHTML, like Gecko) Chrome/151.0.0.0 Safari/537.36
[2026-08-27T16:48:53.824Z] [HEARTBEAT] Log sync check. Status: OK
[2026-08-27T16:48:54.070Z] [LOG] [HTTP-REQUEST] GET /workflow/state 304 - 3ms - Role: Traveler - IP: 127.0.0.1 - UA: Mozilla/5.0 (Windows NT 10.0; Win64; x64) AppleWebKit/537.36 (KHTML, like Gecko) Chrome/151.0.0.0 Safari/537.36
[2026-08-27T16:49:05.262Z] [LOG] [HTTP-REQUEST] GET /workflow/state 304 - 1ms - Role: Traveler - IP: 127.0.0.1 - UA: Mozilla/5.0 (Windows NT 10.0; Win64; x64) AppleWebKit/537.36 (KHTML, like Gecko) Chrome/151.0.0.0 Safari/537.36
[2026-08-27T16:49:07.346Z] [LOG] [HTTP-REQUEST] GET /workflow/state 304 - 3ms - Role: Traveler - IP: 127.0.0.1 - UA: Mozilla/5.0 (Windows NT 10.0; Win64; x64) AppleWebKit/537.36 (KHTML, like Gecko) Chrome/151.0.0.0 Safari/537.36
[2026-08-27T16:49:08.825Z] [HEARTBEAT] Log sync check. Status: OK
[2026-08-27T16:49:08.997Z] [LOG] [HTTP-REQUEST] GET /workflow/state 304 - 2ms - Role: Traveler - IP: 127.0.0.1 - UA: Mozilla/5.0 (Windows NT 10.0; Win64; x64) AppleWebKit/537.36 (KHTML, like Gecko) Chrome/151.0.0.0 Safari/537.36
[2026-08-27T16:49:23.828Z] [HEARTBEAT] Log sync check. Status: OK
[2026-08-27T16:49:38.348Z] [LOG] [NestFactory] Starting Nest application...
[2026-08-27T16:49:38.357Z] [LOG] [InstanceLoader] DataModule dependencies initialized
[2026-08-27T16:49:38.357Z] [LOG] [InstanceLoader] AppModule dependencies initialized
[2026-08-27T16:49:38.357Z] [LOG] [InstanceLoader] UploadModule dependencies initialized
[2026-08-27T16:49:38.357Z] [LOG] [InstanceLoader] WorkflowModule dependencies initialized
[2026-08-27T16:49:38.357Z] [LOG] [InstanceLoader] TripRequestsModule dependencies initialized
[2026-08-27T16:49:38.357Z] [LOG] [InstanceLoader] AuthModule dependencies initialized
[2026-08-27T16:49:38.358Z] [LOG] [InstanceLoader] UsersModule dependencies initialized
[2026-08-27T16:49:38.358Z] [LOG] [InstanceLoader] GuidesModule dependencies initialized
[2026-08-27T16:49:38.358Z] [LOG] [InstanceLoader] VendorsModule dependencies initialized
[2026-08-27T16:49:38.359Z] [LOG] [InstanceLoader] TripsModule dependencies initialized
[2026-08-27T16:49:38.359Z] [LOG] [InstanceLoader] IssuesModule dependencies initialized
[2026-08-27T16:49:38.359Z] [LOG] [InstanceLoader] MessagesModule dependencies initialized
[2026-08-27T16:49:38.359Z] [LOG] [InstanceLoader] NotificationsModule dependencies initialized
[2026-08-27T16:49:38.385Z] [WARN] [LegacyRouteConverter] Unsupported route path: "/users/*". In previous versions, the symbols ?, *, and + were used to denote optional or repeating path parameters. The latest version of "path-to-regexp" now requires the use of named parameters. For example, instead of using a route like /users/* to capture all routes starting with "/users", you should use /users/*path. For more details, refer to the migration guide. Attempting to auto-convert...
[2026-08-27T16:49:38.385Z] [WARN] [LegacyRouteConverter] Unsupported route path: "/vendors/*". In previous versions, the symbols ?, *, and + were used to denote optional or repeating path parameters. The latest version of "path-to-regexp" now requires the use of named parameters. For example, instead of using a route like /users/* to capture all routes starting with "/users", you should use /users/*path. For more details, refer to the migration guide. Attempting to auto-convert...
[2026-08-27T16:49:38.386Z] [WARN] [LegacyRouteConverter] Unsupported route path: "/guides/*". In previous versions, the symbols ?, *, and + were used to denote optional or repeating path parameters. The latest version of "path-to-regexp" now requires the use of named parameters. For example, instead of using a route like /users/* to capture all routes starting with "/users", you should use /users/*path. For more details, refer to the migration guide. Attempting to auto-convert...
[2026-08-27T16:49:38.386Z] [LOG] [RoutesResolver] AuthController {/auth}:
[2026-08-27T16:49:38.389Z] [LOG] [RouterExplorer] Mapped {/auth/register, POST} route
[2026-08-27T16:49:38.390Z] [LOG] [RouterExplorer] Mapped {/auth/login, POST} route
[2026-08-27T16:49:38.391Z] [LOG] [RoutesResolver] UsersController {/users}:
[2026-08-27T16:49:38.391Z] [LOG] [RouterExplorer] Mapped {/users, GET} route
[2026-08-27T16:49:38.392Z] [LOG] [RouterExplorer] Mapped {/users, POST} route
[2026-08-27T16:49:38.392Z] [LOG] [RouterExplorer] Mapped {/users/:id, GET} route
[2026-08-27T16:49:38.393Z] [LOG] [RouterExplorer] Mapped {/users/:id, PATCH} route
[2026-08-27T16:49:38.393Z] [LOG] [RouterExplorer] Mapped {/users/:id, DELETE} route
[2026-08-27T16:49:38.393Z] [LOG] [RoutesResolver] GuidesController {/guides}:
[2026-08-27T16:49:38.393Z] [LOG] [RouterExplorer] Mapped {/guides, GET} route
[2026-08-27T16:49:38.393Z] [LOG] [RouterExplorer] Mapped {/guides, POST} route
[2026-08-27T16:49:38.393Z] [LOG] [RouterExplorer] Mapped {/guides/:id, GET} route
[2026-08-27T16:49:38.395Z] [LOG] [RouterExplorer] Mapped {/guides/:id, PATCH} route
[2026-08-27T16:49:38.395Z] [LOG] [RouterExplorer] Mapped {/guides/:id, DELETE} route
[2026-08-27T16:49:38.395Z] [LOG] [RoutesResolver] VendorsController {/vendors}:
[2026-08-27T16:49:38.395Z] [LOG] [RouterExplorer] Mapped {/vendors, GET} route
[2026-08-27T16:49:38.395Z] [LOG] [RouterExplorer] Mapped {/vendors, POST} route
[2026-08-27T16:49:38.395Z] [LOG] [RouterExplorer] Mapped {/vendors/:id, GET} route
[2026-08-27T16:49:38.395Z] [LOG] [RouterExplorer] Mapped {/vendors/:id, PATCH} route
[2026-08-27T16:49:38.395Z] [LOG] [RouterExplorer] Mapped {/vendors/:id, DELETE} route
[2026-08-27T16:49:38.396Z] [LOG] [RoutesResolver] TripsController {/trips}:
[2026-08-27T16:49:38.396Z] [LOG] [RouterExplorer] Mapped {/trips, GET} route
[2026-08-27T16:49:38.397Z] [LOG] [RouterExplorer] Mapped {/trips, POST} route
[2026-08-27T16:49:38.397Z] [LOG] [RouterExplorer] Mapped {/trips/:id, GET} route
[2026-08-27T16:49:38.397Z] [LOG] [RouterExplorer] Mapped {/trips/:id, PATCH} route
[2026-08-27T16:49:38.397Z] [LOG] [RouterExplorer] Mapped {/trips/:id, DELETE} route
[2026-08-27T16:49:38.398Z] [LOG] [RouterExplorer] Mapped {/trips/:id/assign-guide, POST} route
[2026-08-27T16:49:38.398Z] [LOG] [RouterExplorer] Mapped {/trips/:id/guide/accept, POST} route
[2026-08-27T16:49:38.398Z] [LOG] [RouterExplorer] Mapped {/trips/:id/guide/reject, POST} route
[2026-08-27T16:49:38.398Z] [LOG] [RouterExplorer] Mapped {/trips/:id/assign-vendor, POST} route
[2026-08-27T16:49:38.398Z] [LOG] [RouterExplorer] Mapped {/trips/:id/vendor/accept, POST} route
[2026-08-27T16:49:38.398Z] [LOG] [RouterExplorer] Mapped {/trips/:id/vendor/reject, POST} route
[2026-08-27T16:49:38.400Z] [LOG] [RouterExplorer] Mapped {/trips/:id/start, POST} route
[2026-08-27T16:49:38.400Z] [LOG] [RouterExplorer] Mapped {/trips/:id/schedule, GET} route
[2026-08-27T16:49:38.400Z] [LOG] [RouterExplorer] Mapped {/trips/:id/schedule/:scheduleItemId, PATCH} route
[2026-08-27T16:49:38.400Z] [LOG] [RouterExplorer] Mapped {/trips/:id/guide-updates, POST} route
[2026-08-27T16:49:38.400Z] [LOG] [RouterExplorer] Mapped {/trips/:id/vendor-updates, POST} route
[2026-08-27T16:49:38.400Z] [LOG] [RouterExplorer] Mapped {/trips/:id/updates, GET} route
[2026-08-27T16:49:38.400Z] [LOG] [RoutesResolver] TripRequestsController {/trip-requests}:
[2026-08-27T16:49:38.401Z] [LOG] [RouterExplorer] Mapped {/trip-requests, GET} route
[2026-08-27T16:49:38.401Z] [LOG] [RouterExplorer] Mapped {/trip-requests, POST} route
[2026-08-27T16:49:38.401Z] [LOG] [RouterExplorer] Mapped {/trip-requests/:id/accept, POST} route
[2026-08-27T16:49:38.402Z] [LOG] [RouterExplorer] Mapped {/trip-requests/:id, DELETE} route
[2026-08-27T16:49:38.402Z] [LOG] [RoutesResolver] IssuesController {/issues}:
[2026-08-27T16:49:38.402Z] [LOG] [RouterExplorer] Mapped {/issues, GET} route
[2026-08-27T16:49:38.402Z] [LOG] [RouterExplorer] Mapped {/issues, POST} route
[2026-08-27T16:49:38.402Z] [LOG] [RouterExplorer] Mapped {/issues/:id, GET} route
[2026-08-27T16:49:38.403Z] [LOG] [RouterExplorer] Mapped {/issues/:id, PATCH} route
[2026-08-27T16:49:38.403Z] [LOG] [RouterExplorer] Mapped {/issues/:id/resolve, POST} route
[2026-08-27T16:49:38.403Z] [LOG] [RouterExplorer] Mapped {/issues/:id, DELETE} route
[2026-08-27T16:49:38.403Z] [LOG] [RoutesResolver] MessagesController {/messages}:
[2026-08-27T16:49:38.403Z] [LOG] [RouterExplorer] Mapped {/messages, GET} route
[2026-08-27T16:49:38.405Z] [LOG] [RouterExplorer] Mapped {/messages, POST} route
[2026-08-27T16:49:38.406Z] [LOG] [RouterExplorer] Mapped {/messages/:id, GET} route
[2026-08-27T16:49:38.406Z] [LOG] [RouterExplorer] Mapped {/messages/:id, PATCH} route
[2026-08-27T16:49:38.406Z] [LOG] [RouterExplorer] Mapped {/messages/:id, DELETE} route
[2026-08-27T16:49:38.406Z] [LOG] [RoutesResolver] NotificationsController {/notifications}:
[2026-08-27T16:49:38.406Z] [LOG] [RouterExplorer] Mapped {/notifications, GET} route
[2026-08-27T16:49:38.406Z] [LOG] [RouterExplorer] Mapped {/notifications/:id/read, PATCH} route
[2026-08-27T16:49:38.406Z] [LOG] [RouterExplorer] Mapped {/notifications/:id, DELETE} route
[2026-08-27T16:49:38.407Z] [LOG] [RoutesResolver] WorkflowController {/workflow}:
[2026-08-27T16:49:38.407Z] [LOG] [RouterExplorer] Mapped {/workflow/state, GET} route
[2026-08-27T16:49:24.077Z] [LOG] [HTTP-REQUEST] GET /workflow/state 304 - 3ms - Role: Traveler - IP: 127.0.0.1 - UA: Mozilla/5.0 (Windows NT 10.0; Win64; x64) AppleWebKit/537.36 (KHTML, like Gecko) Chrome/151.0.0.0 Safari/537.36
[2026-08-27T16:49:34.652Z] [LOG] [HTTP-REQUEST] GET /workflow/state 304 - 2ms - Role: Traveler - IP: 127.0.0.1 - UA: Mozilla/5.0 (Windows NT 10.0; Win64; x64) AppleWebKit/537.36 (KHTML, like Gecko) Chrome/151.0.0.0 Safari/537.36
[2026-08-27T16:49:37.230Z] [LOG] [HTTP-REQUEST] GET /workflow/state 304 - 1ms - Role: Traveler - IP: 127.0.0.1 - UA: Mozilla/5.0 (Windows NT 10.0; Win64; x64) AppleWebKit/537.36 (KHTML, like Gecko) Chrome/151.0.0.0 Safari/537.36
[2026-08-27T16:49:38.776Z] [LOG] [HTTP-REQUEST] GET /workflow/state 304 - 2ms - Role: Traveler - IP: 127.0.0.1 - UA: Mozilla/5.0 (Windows NT 10.0; Win64; x64) AppleWebKit/537.36 (KHTML, like Gecko) Chrome/151.0.0.0 Safari/537.36
[2026-08-27T16:49:38.829Z] [HEARTBEAT] Log sync check. Status: OK
[2026-08-27T16:49:39.014Z] [LOG] [HTTP-REQUEST] GET /workflow/state 304 - 2ms - Role: Traveler - IP: 127.0.0.1 - UA: Mozilla/5.0 (Windows NT 10.0; Win64; x64) AppleWebKit/537.36 (KHTML, like Gecko) Chrome/151.0.0.0 Safari/537.36
[2026-08-27T16:49:53.830Z] [HEARTBEAT] Log sync check. Status: OK
[2026-08-27T16:49:54.117Z] [LOG] [HTTP-REQUEST] GET /workflow/state 304 - 1ms - Role: Traveler - IP: 127.0.0.1 - UA: Mozilla/5.0 (Windows NT 10.0; Win64; x64) AppleWebKit/537.36 (KHTML, like Gecko) Chrome/151.0.0.0 Safari/537.36
[2026-08-27T16:50:08.838Z] [HEARTBEAT] Log sync check. Status: OK
[2026-08-27T16:55:06.603Z] [LOG] [NestFactory] Starting Nest application...
[2026-08-27T16:55:06.612Z] [LOG] [InstanceLoader] DataModule dependencies initialized
[2026-08-27T16:55:06.612Z] [LOG] [InstanceLoader] AppModule dependencies initialized
[2026-08-27T16:55:06.613Z] [LOG] [InstanceLoader] UploadModule dependencies initialized
[2026-08-27T16:55:06.613Z] [LOG] [InstanceLoader] WorkflowModule dependencies initialized
[2026-08-27T16:55:06.614Z] [LOG] [InstanceLoader] TripRequestsModule dependencies initialized
[2026-08-27T16:55:06.614Z] [LOG] [InstanceLoader] AuthModule dependencies initialized
[2026-08-27T16:55:06.614Z] [LOG] [InstanceLoader] UsersModule dependencies initialized
[2026-08-27T16:55:06.614Z] [LOG] [InstanceLoader] GuidesModule dependencies initialized
[2026-08-27T16:55:06.614Z] [LOG] [InstanceLoader] VendorsModule dependencies initialized
[2026-08-27T16:55:06.616Z] [LOG] [InstanceLoader] TripsModule dependencies initialized
[2026-08-27T16:55:06.616Z] [LOG] [InstanceLoader] IssuesModule dependencies initialized
[2026-08-27T16:55:06.616Z] [LOG] [InstanceLoader] MessagesModule dependencies initialized
[2026-08-27T16:55:06.616Z] [LOG] [InstanceLoader] NotificationsModule dependencies initialized
[2026-08-27T16:55:06.641Z] [WARN] [LegacyRouteConverter] Unsupported route path: "/users/(.*)". In previous versions, the symbols ?, *, and + were used to denote optional or repeating path parameters. The latest version of "path-to-regexp" now requires the use of named parameters. For example, instead of using a route like /users/* to capture all routes starting with "/users", you should use /users/*path. For more details, refer to the migration guide. Attempting to auto-convert...
[2026-08-27T16:55:06.642Z] [WARN] [LegacyRouteConverter] Unsupported route path: "/vendors/(.*)". In previous versions, the symbols ?, *, and + were used to denote optional or repeating path parameters. The latest version of "path-to-regexp" now requires the use of named parameters. For example, instead of using a route like /users/* to capture all routes starting with "/users", you should use /users/*path. For more details, refer to the migration guide. Attempting to auto-convert...
[2026-08-27T16:55:06.642Z] [WARN] [LegacyRouteConverter] Unsupported route path: "/guides/(.*)". In previous versions, the symbols ?, *, and + were used to denote optional or repeating path parameters. The latest version of "path-to-regexp" now requires the use of named parameters. For example, instead of using a route like /users/* to capture all routes starting with "/users", you should use /users/*path. For more details, refer to the migration guide. Attempting to auto-convert...
[2026-08-27T16:55:06.643Z] [LOG] [RoutesResolver] AuthController {/auth}:
[2026-08-27T16:55:06.644Z] [LOG] [RouterExplorer] Mapped {/auth/register, POST} route
[2026-08-27T16:55:06.645Z] [LOG] [RouterExplorer] Mapped {/auth/login, POST} route
[2026-08-27T16:55:06.646Z] [LOG] [RoutesResolver] UsersController {/users}:
[2026-08-27T16:55:06.646Z] [LOG] [RouterExplorer] Mapped {/users, GET} route
[2026-08-27T16:55:06.646Z] [LOG] [RouterExplorer] Mapped {/users, POST} route
[2026-08-27T16:55:06.647Z] [LOG] [RouterExplorer] Mapped {/users/:id, GET} route
[2026-08-27T16:55:06.647Z] [LOG] [RouterExplorer] Mapped {/users/:id, PATCH} route
[2026-08-27T16:55:06.648Z] [LOG] [RouterExplorer] Mapped {/users/:id, DELETE} route
[2026-08-27T16:55:06.648Z] [LOG] [RoutesResolver] GuidesController {/guides}:
[2026-08-27T16:55:06.648Z] [LOG] [RouterExplorer] Mapped {/guides, GET} route
[2026-08-27T16:55:06.648Z] [LOG] [RouterExplorer] Mapped {/guides, POST} route
[2026-08-27T16:55:06.649Z] [LOG] [RouterExplorer] Mapped {/guides/:id, GET} route
[2026-08-27T16:55:06.650Z] [LOG] [RouterExplorer] Mapped {/guides/:id, PATCH} route
[2026-08-27T16:55:06.650Z] [LOG] [RouterExplorer] Mapped {/guides/:id, DELETE} route
[2026-08-27T16:55:06.651Z] [LOG] [RoutesResolver] VendorsController {/vendors}:
[2026-08-27T16:55:06.651Z] [LOG] [RouterExplorer] Mapped {/vendors, GET} route
[2026-08-27T16:55:06.651Z] [LOG] [RouterExplorer] Mapped {/vendors, POST} route
[2026-08-27T16:55:06.651Z] [LOG] [RouterExplorer] Mapped {/vendors/:id, GET} route
[2026-08-27T16:55:06.652Z] [LOG] [RouterExplorer] Mapped {/vendors/:id, PATCH} route
[2026-08-27T16:55:06.652Z] [LOG] [RouterExplorer] Mapped {/vendors/:id, DELETE} route
[2026-08-27T16:55:06.652Z] [LOG] [RoutesResolver] TripsController {/trips}:
[2026-08-27T16:55:06.652Z] [LOG] [RouterExplorer] Mapped {/trips, GET} route
[2026-08-27T16:55:06.653Z] [LOG] [RouterExplorer] Mapped {/trips, POST} route
[2026-08-27T16:55:06.654Z] [LOG] [RouterExplorer] Mapped {/trips/:id, GET} route
[2026-08-27T16:55:06.654Z] [LOG] [RouterExplorer] Mapped {/trips/:id, PATCH} route
[2026-08-27T16:55:06.654Z] [LOG] [RouterExplorer] Mapped {/trips/:id, DELETE} route
[2026-08-27T16:55:06.654Z] [LOG] [RouterExplorer] Mapped {/trips/:id/assign-guide, POST} route
[2026-08-27T16:55:06.654Z] [LOG] [RouterExplorer] Mapped {/trips/:id/guide/accept, POST} route
[2026-08-27T16:55:06.655Z] [LOG] [RouterExplorer] Mapped {/trips/:id/guide/reject, POST} route
[2026-08-27T16:55:06.655Z] [LOG] [RouterExplorer] Mapped {/trips/:id/assign-vendor, POST} route
[2026-08-27T16:55:06.655Z] [LOG] [RouterExplorer] Mapped {/trips/:id/vendor/accept, POST} route
[2026-08-27T16:55:06.655Z] [LOG] [RouterExplorer] Mapped {/trips/:id/vendor/reject, POST} route
[2026-08-27T16:55:06.656Z] [LOG] [RouterExplorer] Mapped {/trips/:id/start, POST} route
[2026-08-27T16:55:06.656Z] [LOG] [RouterExplorer] Mapped {/trips/:id/schedule, GET} route
[2026-08-27T16:55:06.656Z] [LOG] [RouterExplorer] Mapped {/trips/:id/schedule/:scheduleItemId, PATCH} route
[2026-08-27T16:55:06.656Z] [LOG] [RouterExplorer] Mapped {/trips/:id/guide-updates, POST} route
[2026-08-27T16:55:06.657Z] [LOG] [RouterExplorer] Mapped {/trips/:id/vendor-updates, POST} route
[2026-08-27T16:55:06.657Z] [LOG] [RouterExplorer] Mapped {/trips/:id/updates, GET} route
[2026-08-27T16:55:06.657Z] [LOG] [RoutesResolver] TripRequestsController {/trip-requests}:
[2026-08-27T16:55:06.657Z] [LOG] [RouterExplorer] Mapped {/trip-requests, GET} route
[2026-08-27T16:55:06.657Z] [LOG] [RouterExplorer] Mapped {/trip-requests, POST} route
[2026-08-27T16:55:06.658Z] [LOG] [RouterExplorer] Mapped {/trip-requests/:id/accept, POST} route
[2026-08-27T16:55:06.659Z] [LOG] [RouterExplorer] Mapped {/trip-requests/:id, DELETE} route
[2026-08-27T16:55:06.659Z] [LOG] [RoutesResolver] IssuesController {/issues}:
[2026-08-27T16:55:06.659Z] [LOG] [RouterExplorer] Mapped {/issues, GET} route
[2026-08-27T16:55:06.659Z] [LOG] [RouterExplorer] Mapped {/issues, POST} route
[2026-08-27T16:55:06.659Z] [LOG] [RouterExplorer] Mapped {/issues/:id, GET} route
[2026-08-27T16:55:06.659Z] [LOG] [RouterExplorer] Mapped {/issues/:id, PATCH} route
[2026-08-27T16:55:06.660Z] [LOG] [RouterExplorer] Mapped {/issues/:id/resolve, POST} route
[2026-08-27T16:55:06.660Z] [LOG] [RouterExplorer] Mapped {/issues/:id, DELETE} route
[2026-08-27T16:55:06.660Z] [LOG] [RoutesResolver] MessagesController {/messages}:
[2026-08-27T16:55:06.660Z] [LOG] [RouterExplorer] Mapped {/messages, GET} route
[2026-08-27T16:55:06.661Z] [LOG] [RouterExplorer] Mapped {/messages, POST} route
[2026-08-27T16:55:06.661Z] [LOG] [RouterExplorer] Mapped {/messages/:id, GET} route
[2026-08-27T16:55:06.662Z] [LOG] [RouterExplorer] Mapped {/messages/:id, PATCH} route
[2026-08-27T16:55:06.662Z] [LOG] [RouterExplorer] Mapped {/messages/:id, DELETE} route
[2026-08-27T16:55:06.662Z] [LOG] [RoutesResolver] NotificationsController {/notifications}:
[2026-08-27T16:55:06.662Z] [LOG] [RouterExplorer] Mapped {/notifications, GET} route
[2026-08-27T16:55:06.663Z] [LOG] [RouterExplorer] Mapped {/notifications/:id/read, PATCH} route
[2026-08-27T16:55:06.663Z] [LOG] [RouterExplorer] Mapped {/notifications/:id, DELETE} route
[2026-08-27T16:55:06.663Z] [LOG] [RoutesResolver] WorkflowController {/workflow}:
[2026-08-27T16:55:06.663Z] [LOG] [RouterExplorer] Mapped {/workflow/state, GET} route
[2026-08-27T16:55:20.836Z] [LOG] [NestFactory] Starting Nest application...
[2026-08-27T16:55:20.844Z] [LOG] [InstanceLoader] DataModule dependencies initialized
[2026-08-27T16:55:20.844Z] [LOG] [InstanceLoader] AppModule dependencies initialized
[2026-08-27T16:55:20.845Z] [LOG] [InstanceLoader] UploadModule dependencies initialized
[2026-08-27T16:55:20.845Z] [LOG] [InstanceLoader] WorkflowModule dependencies initialized
[2026-08-27T16:55:20.845Z] [LOG] [InstanceLoader] TripRequestsModule dependencies initialized
[2026-08-27T16:55:20.845Z] [LOG] [InstanceLoader] AuthModule dependencies initialized
[2026-08-27T16:55:20.845Z] [LOG] [InstanceLoader] UsersModule dependencies initialized
[2026-08-27T16:55:20.845Z] [LOG] [InstanceLoader] GuidesModule dependencies initialized
[2026-08-27T16:55:20.845Z] [LOG] [InstanceLoader] VendorsModule dependencies initialized
[2026-08-27T16:55:20.846Z] [LOG] [InstanceLoader] TripsModule dependencies initialized
[2026-08-27T16:55:20.846Z] [LOG] [InstanceLoader] IssuesModule dependencies initialized
[2026-08-27T16:55:20.846Z] [LOG] [InstanceLoader] MessagesModule dependencies initialized
[2026-08-27T16:55:20.846Z] [LOG] [InstanceLoader] NotificationsModule dependencies initialized
[2026-08-27T16:55:20.872Z] [WARN] [LegacyRouteConverter] Unsupported route path: "/users/(.*)". In previous versions, the symbols ?, *, and + were used to denote optional or repeating path parameters. The latest version of "path-to-regexp" now requires the use of named parameters. For example, instead of using a route like /users/* to capture all routes starting with "/users", you should use /users/*path. For more details, refer to the migration guide. Attempting to auto-convert...
[2026-08-27T16:55:20.872Z] [WARN] [LegacyRouteConverter] Unsupported route path: "/vendors/(.*)". In previous versions, the symbols ?, *, and + were used to denote optional or repeating path parameters. The latest version of "path-to-regexp" now requires the use of named parameters. For example, instead of using a route like /users/* to capture all routes starting with "/users", you should use /users/*path. For more details, refer to the migration guide. Attempting to auto-convert...
[2026-08-27T16:55:20.873Z] [WARN] [LegacyRouteConverter] Unsupported route path: "/guides/(.*)". In previous versions, the symbols ?, *, and + were used to denote optional or repeating path parameters. The latest version of "path-to-regexp" now requires the use of named parameters. For example, instead of using a route like /users/* to capture all routes starting with "/users", you should use /users/*path. For more details, refer to the migration guide. Attempting to auto-convert...
[2026-08-27T16:55:20.873Z] [LOG] [RoutesResolver] AuthController {/auth}:
[2026-08-27T16:55:20.874Z] [LOG] [RouterExplorer] Mapped {/auth/register, POST} route
[2026-08-27T16:55:20.875Z] [LOG] [RouterExplorer] Mapped {/auth/login, POST} route
[2026-08-27T16:55:20.876Z] [LOG] [RoutesResolver] UsersController {/users}:
[2026-08-27T16:55:20.876Z] [LOG] [RouterExplorer] Mapped {/users, GET} route
[2026-08-27T16:55:20.876Z] [LOG] [RouterExplorer] Mapped {/users, POST} route
[2026-08-27T16:55:20.877Z] [LOG] [RouterExplorer] Mapped {/users/:id, GET} route
[2026-08-27T16:55:20.877Z] [LOG] [RouterExplorer] Mapped {/users/:id, PATCH} route
[2026-08-27T16:55:20.877Z] [LOG] [RouterExplorer] Mapped {/users/:id, DELETE} route
[2026-08-27T16:55:20.877Z] [LOG] [RoutesResolver] GuidesController {/guides}:
[2026-08-27T16:55:20.877Z] [LOG] [RouterExplorer] Mapped {/guides, GET} route
[2026-08-27T16:55:20.877Z] [LOG] [RouterExplorer] Mapped {/guides, POST} route
[2026-08-27T16:55:20.877Z] [LOG] [RouterExplorer] Mapped {/guides/:id, GET} route
[2026-08-27T16:55:20.878Z] [LOG] [RouterExplorer] Mapped {/guides/:id, PATCH} route
[2026-08-27T16:55:20.879Z] [LOG] [RouterExplorer] Mapped {/guides/:id, DELETE} route
[2026-08-27T16:55:20.879Z] [LOG] [RoutesResolver] VendorsController {/vendors}:
[2026-08-27T16:55:20.879Z] [LOG] [RouterExplorer] Mapped {/vendors, GET} route
[2026-08-27T16:55:20.879Z] [LOG] [RouterExplorer] Mapped {/vendors, POST} route
[2026-08-27T16:55:20.879Z] [LOG] [RouterExplorer] Mapped {/vendors/:id, GET} route
[2026-08-27T16:55:20.879Z] [LOG] [RouterExplorer] Mapped {/vendors/:id, PATCH} route
[2026-08-27T16:55:20.879Z] [LOG] [RouterExplorer] Mapped {/vendors/:id, DELETE} route
[2026-08-27T16:55:20.879Z] [LOG] [RoutesResolver] TripsController {/trips}:
[2026-08-27T16:55:20.880Z] [LOG] [RouterExplorer] Mapped {/trips, GET} route
[2026-08-27T16:55:20.881Z] [LOG] [RouterExplorer] Mapped {/trips, POST} route
[2026-08-27T16:55:20.881Z] [LOG] [RouterExplorer] Mapped {/trips/:id, GET} route
[2026-08-27T16:55:20.881Z] [LOG] [RouterExplorer] Mapped {/trips/:id, PATCH} route
[2026-08-27T16:55:20.881Z] [LOG] [RouterExplorer] Mapped {/trips/:id, DELETE} route
[2026-08-27T16:55:20.881Z] [LOG] [RouterExplorer] Mapped {/trips/:id/assign-guide, POST} route
[2026-08-27T16:55:20.881Z] [LOG] [RouterExplorer] Mapped {/trips/:id/guide/accept, POST} route
[2026-08-27T16:55:20.881Z] [LOG] [RouterExplorer] Mapped {/trips/:id/guide/reject, POST} route
[2026-08-27T16:55:20.881Z] [LOG] [RouterExplorer] Mapped {/trips/:id/assign-vendor, POST} route
[2026-08-27T16:55:20.881Z] [LOG] [RouterExplorer] Mapped {/trips/:id/vendor/accept, POST} route
[2026-08-27T16:55:20.882Z] [LOG] [RouterExplorer] Mapped {/trips/:id/vendor/reject, POST} route
[2026-08-27T16:55:20.883Z] [LOG] [RouterExplorer] Mapped {/trips/:id/start, POST} route
[2026-08-27T16:55:20.884Z] [LOG] [RouterExplorer] Mapped {/trips/:id/schedule, GET} route
[2026-08-27T16:55:20.884Z] [LOG] [RouterExplorer] Mapped {/trips/:id/schedule/:scheduleItemId, PATCH} route
[2026-08-27T16:55:20.885Z] [LOG] [RouterExplorer] Mapped {/trips/:id/guide-updates, POST} route
[2026-08-27T16:55:20.885Z] [LOG] [RouterExplorer] Mapped {/trips/:id/vendor-updates, POST} route
[2026-08-27T16:55:20.885Z] [LOG] [RouterExplorer] Mapped {/trips/:id/updates, GET} route
[2026-08-27T16:55:20.885Z] [LOG] [RoutesResolver] TripRequestsController {/trip-requests}:
[2026-08-27T16:55:20.885Z] [LOG] [RouterExplorer] Mapped {/trip-requests, GET} route
[2026-08-27T16:55:20.885Z] [LOG] [RouterExplorer] Mapped {/trip-requests, POST} route
[2026-08-27T16:55:20.885Z] [LOG] [RouterExplorer] Mapped {/trip-requests/:id/accept, POST} route
[2026-08-27T16:55:20.887Z] [LOG] [RouterExplorer] Mapped {/trip-requests/:id, DELETE} route
[2026-08-27T16:55:20.887Z] [LOG] [RoutesResolver] IssuesController {/issues}:
[2026-08-27T16:55:20.887Z] [LOG] [RouterExplorer] Mapped {/issues, GET} route
[2026-08-27T16:55:20.887Z] [LOG] [RouterExplorer] Mapped {/issues, POST} route
[2026-08-27T16:55:20.887Z] [LOG] [RouterExplorer] Mapped {/issues/:id, GET} route
[2026-08-27T16:55:20.887Z] [LOG] [RouterExplorer] Mapped {/issues/:id, PATCH} route
[2026-08-27T16:55:20.887Z] [LOG] [RouterExplorer] Mapped {/issues/:id/resolve, POST} route
[2026-08-27T16:55:20.887Z] [LOG] [RouterExplorer] Mapped {/issues/:id, DELETE} route
[2026-08-27T16:55:20.887Z] [LOG] [RoutesResolver] MessagesController {/messages}:
[2026-08-27T16:55:20.887Z] [LOG] [RouterExplorer] Mapped {/messages, GET} route
[2026-08-27T16:55:20.888Z] [LOG] [RouterExplorer] Mapped {/messages, POST} route
[2026-08-27T16:55:20.889Z] [LOG] [RouterExplorer] Mapped {/messages/:id, GET} route
[2026-08-27T16:55:20.889Z] [LOG] [RouterExplorer] Mapped {/messages/:id, PATCH} route
[2026-08-27T16:55:20.889Z] [LOG] [RouterExplorer] Mapped {/messages/:id, DELETE} route
[2026-08-27T16:55:20.889Z] [LOG] [RoutesResolver] NotificationsController {/notifications}:
[2026-08-27T16:55:20.889Z] [LOG] [RouterExplorer] Mapped {/notifications, GET} route
[2026-08-27T16:55:20.889Z] [LOG] [RouterExplorer] Mapped {/notifications/:id/read, PATCH} route
[2026-08-27T16:55:20.891Z] [LOG] [RouterExplorer] Mapped {/notifications/:id, DELETE} route
[2026-08-27T16:55:20.891Z] [LOG] [RoutesResolver] WorkflowController {/workflow}:
[2026-08-27T16:55:20.891Z] [LOG] [RouterExplorer] Mapped {/workflow/state, GET} route
[2026-08-27T16:55:06.835Z] [LOG] [HTTP-REQUEST] GET /workflow/state 304 - 10ms - Role: Traveler - IP: 127.0.0.1 - UA: Mozilla/5.0 (Windows NT 10.0; Win64; x64) AppleWebKit/537.36 (KHTML, like Gecko) Chrome/151.0.0.0 Safari/537.36
[2026-08-27T16:55:17.024Z] [LOG] [HTTP-REQUEST] GET /workflow/state 304 - 2ms - Role: Traveler - IP: 127.0.0.1 - UA: Mozilla/5.0 (Windows NT 10.0; Win64; x64) AppleWebKit/537.36 (KHTML, like Gecko) Chrome/151.0.0.0 Safari/537.36
[2026-08-27T16:55:19.731Z] [LOG] [HTTP-REQUEST] GET /workflow/state 304 - 0ms - Role: Traveler - IP: 127.0.0.1 - UA: Mozilla/5.0 (Windows NT 10.0; Win64; x64) AppleWebKit/537.36 (KHTML, like Gecko) Chrome/151.0.0.0 Safari/537.36
[2026-08-27T16:55:21.168Z] [LOG] [HTTP-REQUEST] GET /workflow/state 304 - 3ms - Role: Traveler - IP: 127.0.0.1 - UA: Mozilla/5.0 (Windows NT 10.0; Win64; x64) AppleWebKit/537.36 (KHTML, like Gecko) Chrome/151.0.0.0 Safari/537.36
[2026-08-27T16:55:21.683Z] [HEARTBEAT] Log sync check. Status: OK
[2026-08-27T16:55:21.883Z] [LOG] [HTTP-REQUEST] GET /workflow/state 304 - 1ms - Role: Traveler - IP: 127.0.0.1 - UA: Mozilla/5.0 (Windows NT 10.0; Win64; x64) AppleWebKit/537.36 (KHTML, like Gecko) Chrome/151.0.0.0 Safari/537.36
[2026-08-27T16:55:36.687Z] [HEARTBEAT] Log sync check. Status: OK
[2026-08-27T16:55:40.596Z] [LOG] [NestFactory] Starting Nest application...
[2026-08-27T16:55:40.604Z] [LOG] [InstanceLoader] DataModule dependencies initialized
[2026-08-27T16:55:40.605Z] [LOG] [InstanceLoader] AppModule dependencies initialized
[2026-08-27T16:55:40.605Z] [LOG] [InstanceLoader] UploadModule dependencies initialized
[2026-08-27T16:55:40.605Z] [LOG] [InstanceLoader] WorkflowModule dependencies initialized
[2026-08-27T16:55:40.605Z] [LOG] [InstanceLoader] TripRequestsModule dependencies initialized
[2026-08-27T16:55:40.605Z] [LOG] [InstanceLoader] AuthModule dependencies initialized
[2026-08-27T16:55:40.605Z] [LOG] [InstanceLoader] UsersModule dependencies initialized
[2026-08-27T16:55:40.605Z] [LOG] [InstanceLoader] GuidesModule dependencies initialized
[2026-08-27T16:55:40.605Z] [LOG] [InstanceLoader] VendorsModule dependencies initialized
[2026-08-27T16:55:40.607Z] [LOG] [InstanceLoader] TripsModule dependencies initialized
[2026-08-27T16:55:40.607Z] [LOG] [InstanceLoader] IssuesModule dependencies initialized
[2026-08-27T16:55:40.607Z] [LOG] [InstanceLoader] MessagesModule dependencies initialized
[2026-08-27T16:55:40.607Z] [LOG] [InstanceLoader] NotificationsModule dependencies initialized
[2026-08-27T16:55:40.633Z] [LOG] [RoutesResolver] AuthController {/auth}:
[2026-08-27T16:55:40.634Z] [LOG] [RouterExplorer] Mapped {/auth/register, POST} route
[2026-08-27T16:55:40.634Z] [LOG] [RouterExplorer] Mapped {/auth/login, POST} route
[2026-08-27T16:55:40.634Z] [LOG] [RoutesResolver] UsersController {/users}:
[2026-08-27T16:55:40.635Z] [LOG] [RouterExplorer] Mapped {/users, GET} route
[2026-08-27T16:55:40.635Z] [LOG] [RouterExplorer] Mapped {/users, POST} route
[2026-08-27T16:55:40.636Z] [LOG] [RouterExplorer] Mapped {/users/:id, GET} route
[2026-08-27T16:55:40.637Z] [LOG] [RouterExplorer] Mapped {/users/:id, PATCH} route
[2026-08-27T16:55:40.637Z] [LOG] [RouterExplorer] Mapped {/users/:id, DELETE} route
[2026-08-27T16:55:40.637Z] [LOG] [RoutesResolver] GuidesController {/guides}:
[2026-08-27T16:55:40.637Z] [LOG] [RouterExplorer] Mapped {/guides, GET} route
[2026-08-27T16:55:40.638Z] [LOG] [RouterExplorer] Mapped {/guides, POST} route
[2026-08-27T16:55:40.638Z] [LOG] [RouterExplorer] Mapped {/guides/:id, GET} route
[2026-08-27T16:55:40.638Z] [LOG] [RouterExplorer] Mapped {/guides/:id, PATCH} route
[2026-08-27T16:55:40.638Z] [LOG] [RouterExplorer] Mapped {/guides/:id, DELETE} route
[2026-08-27T16:55:40.638Z] [LOG] [RoutesResolver] VendorsController {/vendors}:
[2026-08-27T16:55:40.640Z] [LOG] [RouterExplorer] Mapped {/vendors, GET} route
[2026-08-27T16:55:40.640Z] [LOG] [RouterExplorer] Mapped {/vendors, POST} route
[2026-08-27T16:55:40.640Z] [LOG] [RouterExplorer] Mapped {/vendors/:id, GET} route
[2026-08-27T16:55:40.640Z] [LOG] [RouterExplorer] Mapped {/vendors/:id, PATCH} route
[2026-08-27T16:55:40.640Z] [LOG] [RouterExplorer] Mapped {/vendors/:id, DELETE} route
[2026-08-27T16:55:40.640Z] [LOG] [RoutesResolver] TripsController {/trips}:
[2026-08-27T16:55:40.640Z] [LOG] [RouterExplorer] Mapped {/trips, GET} route
[2026-08-27T16:55:40.640Z] [LOG] [RouterExplorer] Mapped {/trips, POST} route
[2026-08-27T16:55:40.640Z] [LOG] [RouterExplorer] Mapped {/trips/:id, GET} route
[2026-08-27T16:55:40.640Z] [LOG] [RouterExplorer] Mapped {/trips/:id, PATCH} route
[2026-08-27T16:55:40.642Z] [LOG] [RouterExplorer] Mapped {/trips/:id, DELETE} route
[2026-08-27T16:55:40.642Z] [LOG] [RouterExplorer] Mapped {/trips/:id/assign-guide, POST} route
[2026-08-27T16:55:40.642Z] [LOG] [RouterExplorer] Mapped {/trips/:id/guide/accept, POST} route
[2026-08-27T16:55:40.642Z] [LOG] [RouterExplorer] Mapped {/trips/:id/guide/reject, POST} route
[2026-08-27T16:55:40.642Z] [LOG] [RouterExplorer] Mapped {/trips/:id/assign-vendor, POST} route
[2026-08-27T16:55:40.642Z] [LOG] [RouterExplorer] Mapped {/trips/:id/vendor/accept, POST} route
[2026-08-27T16:55:40.642Z] [LOG] [RouterExplorer] Mapped {/trips/:id/vendor/reject, POST} route
[2026-08-27T16:55:40.642Z] [LOG] [RouterExplorer] Mapped {/trips/:id/start, POST} route
[2026-08-27T16:55:40.642Z] [LOG] [RouterExplorer] Mapped {/trips/:id/schedule, GET} route
[2026-08-27T16:55:40.643Z] [LOG] [RouterExplorer] Mapped {/trips/:id/schedule/:scheduleItemId, PATCH} route
[2026-08-27T16:55:40.644Z] [LOG] [RouterExplorer] Mapped {/trips/:id/guide-updates, POST} route
[2026-08-27T16:55:40.644Z] [LOG] [RouterExplorer] Mapped {/trips/:id/vendor-updates, POST} route
[2026-08-27T16:55:40.644Z] [LOG] [RouterExplorer] Mapped {/trips/:id/updates, GET} route
[2026-08-27T16:55:40.644Z] [LOG] [RoutesResolver] TripRequestsController {/trip-requests}:
[2026-08-27T16:55:40.644Z] [LOG] [RouterExplorer] Mapped {/trip-requests, GET} route
[2026-08-27T16:55:40.644Z] [LOG] [RouterExplorer] Mapped {/trip-requests, POST} route
[2026-08-27T16:55:40.644Z] [LOG] [RouterExplorer] Mapped {/trip-requests/:id/accept, POST} route
[2026-08-27T16:55:40.644Z] [LOG] [RouterExplorer] Mapped {/trip-requests/:id, DELETE} route
[2026-08-27T16:55:40.644Z] [LOG] [RoutesResolver] IssuesController {/issues}:
[2026-08-27T16:55:40.644Z] [LOG] [RouterExplorer] Mapped {/issues, GET} route
[2026-08-27T16:55:40.645Z] [LOG] [RouterExplorer] Mapped {/issues, POST} route
[2026-08-27T16:55:40.645Z] [LOG] [RouterExplorer] Mapped {/issues/:id, GET} route
[2026-08-27T16:55:40.646Z] [LOG] [RouterExplorer] Mapped {/issues/:id, PATCH} route
[2026-08-27T16:55:40.646Z] [LOG] [RouterExplorer] Mapped {/issues/:id/resolve, POST} route
[2026-08-27T16:55:40.646Z] [LOG] [RouterExplorer] Mapped {/issues/:id, DELETE} route
[2026-08-27T16:55:40.646Z] [LOG] [RoutesResolver] MessagesController {/messages}:
[2026-08-27T16:55:40.646Z] [LOG] [RouterExplorer] Mapped {/messages, GET} route
[2026-08-27T16:55:40.646Z] [LOG] [RouterExplorer] Mapped {/messages, POST} route
[2026-08-27T16:55:40.646Z] [LOG] [RouterExplorer] Mapped {/messages/:id, GET} route
[2026-08-27T16:55:40.646Z] [LOG] [RouterExplorer] Mapped {/messages/:id, PATCH} route
[2026-08-27T16:55:40.648Z] [LOG] [RouterExplorer] Mapped {/messages/:id, DELETE} route
[2026-08-27T16:55:40.648Z] [LOG] [RoutesResolver] NotificationsController {/notifications}:
[2026-08-27T16:55:40.648Z] [LOG] [RouterExplorer] Mapped {/notifications, GET} route
[2026-08-27T16:55:40.648Z] [LOG] [RouterExplorer] Mapped {/notifications/:id/read, PATCH} route
[2026-08-27T16:55:40.648Z] [LOG] [RouterExplorer] Mapped {/notifications/:id, DELETE} route
[2026-08-27T16:55:40.648Z] [LOG] [RoutesResolver] WorkflowController {/workflow}:
[2026-08-27T16:55:40.648Z] [LOG] [RouterExplorer] Mapped {/workflow/state, GET} route
[2026-08-27T16:55:40.648Z] [LOG] [RouterExplorer] Mapped {/workflow/state, PUT} route
[2026-08-27T16:55:40.649Z] [LOG] [RouterExplorer] Mapped {/workflow/reset, POST} route
[2026-08-27T16:55:40.649Z] [LOG] [RoutesResolver] UploadController {/upload}:
[2026-08-27T16:55:40.695Z] [LOG] [NestFactory] Starting Nest application...
[2026-08-27T16:55:40.705Z] [LOG] [InstanceLoader] DataModule dependencies initialized
[2026-08-27T16:55:40.706Z] [LOG] [InstanceLoader] AppModule dependencies initialized
[2026-08-27T16:55:40.706Z] [LOG] [InstanceLoader] UploadModule dependencies initialized
[2026-08-27T16:55:40.707Z] [LOG] [InstanceLoader] WorkflowModule dependencies initialized
[2026-08-27T16:55:40.707Z] [LOG] [InstanceLoader] TripRequestsModule dependencies initialized
[2026-08-27T16:55:40.707Z] [LOG] [InstanceLoader] AuthModule dependencies initialized
[2026-08-27T16:55:40.707Z] [LOG] [InstanceLoader] UsersModule dependencies initialized
[2026-08-27T16:55:40.707Z] [LOG] [InstanceLoader] GuidesModule dependencies initialized
[2026-08-27T16:55:40.707Z] [LOG] [InstanceLoader] VendorsModule dependencies initialized
[2026-08-27T16:55:40.709Z] [LOG] [InstanceLoader] TripsModule dependencies initialized
[2026-08-27T16:55:40.709Z] [LOG] [InstanceLoader] IssuesModule dependencies initialized
[2026-08-27T16:55:40.710Z] [LOG] [InstanceLoader] MessagesModule dependencies initialized
[2026-08-27T16:55:40.710Z] [LOG] [InstanceLoader] NotificationsModule dependencies initialized
[2026-08-27T16:55:40.740Z] [LOG] [RoutesResolver] AuthController {/auth}:
[2026-08-27T16:55:40.742Z] [LOG] [RouterExplorer] Mapped {/auth/register, POST} route
[2026-08-27T16:55:40.743Z] [LOG] [RouterExplorer] Mapped {/auth/login, POST} route
[2026-08-27T16:55:40.743Z] [LOG] [RoutesResolver] UsersController {/users}:
[2026-08-27T16:55:40.743Z] [LOG] [RouterExplorer] Mapped {/users, GET} route
[2026-08-27T16:55:40.743Z] [LOG] [RouterExplorer] Mapped {/users, POST} route
[2026-08-27T16:55:40.746Z] [LOG] [RouterExplorer] Mapped {/users/:id, GET} route
[2026-08-27T16:55:40.746Z] [LOG] [RouterExplorer] Mapped {/users/:id, PATCH} route
[2026-08-27T16:55:40.747Z] [LOG] [RouterExplorer] Mapped {/users/:id, DELETE} route
[2026-08-27T16:55:40.747Z] [LOG] [RoutesResolver] GuidesController {/guides}:
[2026-08-27T16:55:40.747Z] [LOG] [RouterExplorer] Mapped {/guides, GET} route
[2026-08-27T16:55:40.748Z] [LOG] [RouterExplorer] Mapped {/guides, POST} route
[2026-08-27T16:55:40.748Z] [LOG] [RouterExplorer] Mapped {/guides/:id, GET} route
[2026-08-27T16:55:40.749Z] [LOG] [RouterExplorer] Mapped {/guides/:id, PATCH} route
[2026-08-27T16:55:40.749Z] [LOG] [RouterExplorer] Mapped {/guides/:id, DELETE} route
[2026-08-27T16:55:40.750Z] [LOG] [RoutesResolver] VendorsController {/vendors}:
[2026-08-27T16:55:40.752Z] [LOG] [RouterExplorer] Mapped {/vendors, GET} route
[2026-08-27T16:55:40.753Z] [LOG] [RouterExplorer] Mapped {/vendors, POST} route
[2026-08-27T16:55:40.753Z] [LOG] [RouterExplorer] Mapped {/vendors/:id, GET} route
[2026-08-27T16:55:40.753Z] [LOG] [RouterExplorer] Mapped {/vendors/:id, PATCH} route
[2026-08-27T16:55:40.753Z] [LOG] [RouterExplorer] Mapped {/vendors/:id, DELETE} route
[2026-08-27T16:55:40.754Z] [LOG] [RoutesResolver] TripsController {/trips}:
[2026-08-27T16:55:40.754Z] [LOG] [RouterExplorer] Mapped {/trips, GET} route
[2026-08-27T16:55:40.754Z] [LOG] [RouterExplorer] Mapped {/trips, POST} route
[2026-08-27T16:55:40.754Z] [LOG] [RouterExplorer] Mapped {/trips/:id, GET} route
[2026-08-27T16:55:40.754Z] [LOG] [RouterExplorer] Mapped {/trips/:id, PATCH} route
[2026-08-27T16:55:40.756Z] [LOG] [RouterExplorer] Mapped {/trips/:id, DELETE} route
[2026-08-27T16:55:40.756Z] [LOG] [RouterExplorer] Mapped {/trips/:id/assign-guide, POST} route
[2026-08-27T16:55:40.757Z] [LOG] [RouterExplorer] Mapped {/trips/:id/guide/accept, POST} route
[2026-08-27T16:55:40.757Z] [LOG] [RouterExplorer] Mapped {/trips/:id/guide/reject, POST} route
[2026-08-27T16:55:40.757Z] [LOG] [RouterExplorer] Mapped {/trips/:id/assign-vendor, POST} route
[2026-08-27T16:55:40.757Z] [LOG] [RouterExplorer] Mapped {/trips/:id/vendor/accept, POST} route
[2026-08-27T16:55:40.757Z] [LOG] [RouterExplorer] Mapped {/trips/:id/vendor/reject, POST} route
[2026-08-27T16:55:40.758Z] [LOG] [RouterExplorer] Mapped {/trips/:id/start, POST} route
[2026-08-27T16:55:40.758Z] [LOG] [RouterExplorer] Mapped {/trips/:id/schedule, GET} route
[2026-08-27T16:55:40.758Z] [LOG] [RouterExplorer] Mapped {/trips/:id/schedule/:scheduleItemId, PATCH} route
[2026-08-27T16:55:40.759Z] [LOG] [RouterExplorer] Mapped {/trips/:id/guide-updates, POST} route
[2026-08-27T16:55:40.760Z] [LOG] [RouterExplorer] Mapped {/trips/:id/vendor-updates, POST} route
[2026-08-27T16:55:40.760Z] [LOG] [RouterExplorer] Mapped {/trips/:id/updates, GET} route
[2026-08-27T16:55:40.760Z] [LOG] [RoutesResolver] TripRequestsController {/trip-requests}:
[2026-08-27T16:55:40.760Z] [LOG] [RouterExplorer] Mapped {/trip-requests, GET} route
[2026-08-27T16:55:40.760Z] [LOG] [RouterExplorer] Mapped {/trip-requests, POST} route
[2026-08-27T16:55:40.760Z] [LOG] [RouterExplorer] Mapped {/trip-requests/:id/accept, POST} route
[2026-08-27T16:55:40.761Z] [LOG] [RouterExplorer] Mapped {/trip-requests/:id, DELETE} route
[2026-08-27T16:55:40.761Z] [LOG] [RoutesResolver] IssuesController {/issues}:
[2026-08-27T16:55:40.761Z] [LOG] [RouterExplorer] Mapped {/issues, GET} route
[2026-08-27T16:55:40.762Z] [LOG] [RouterExplorer] Mapped {/issues, POST} route
[2026-08-27T16:55:40.763Z] [LOG] [RouterExplorer] Mapped {/issues/:id, GET} route
[2026-08-27T16:55:40.763Z] [LOG] [RouterExplorer] Mapped {/issues/:id, PATCH} route
[2026-08-27T16:55:40.764Z] [LOG] [RouterExplorer] Mapped {/issues/:id/resolve, POST} route
[2026-08-27T16:55:40.764Z] [LOG] [RouterExplorer] Mapped {/issues/:id, DELETE} route
[2026-08-27T16:55:40.764Z] [LOG] [RoutesResolver] MessagesController {/messages}:
[2026-08-27T16:55:40.765Z] [LOG] [RouterExplorer] Mapped {/messages, GET} route
[2026-08-27T16:55:40.765Z] [LOG] [RouterExplorer] Mapped {/messages, POST} route
[2026-08-27T16:55:40.765Z] [LOG] [RouterExplorer] Mapped {/messages/:id, GET} route
[2026-08-27T16:55:40.766Z] [LOG] [RouterExplorer] Mapped {/messages/:id, PATCH} route
[2026-08-27T16:55:40.768Z] [LOG] [RouterExplorer] Mapped {/messages/:id, DELETE} route
[2026-08-27T16:55:40.768Z] [LOG] [RoutesResolver] NotificationsController {/notifications}:
[2026-08-27T16:55:40.769Z] [LOG] [RouterExplorer] Mapped {/notifications, GET} route
[2026-08-27T16:55:40.769Z] [LOG] [RouterExplorer] Mapped {/notifications/:id/read, PATCH} route
[2026-08-27T16:55:40.769Z] [LOG] [RouterExplorer] Mapped {/notifications/:id, DELETE} route
[2026-08-27T16:55:40.769Z] [LOG] [RoutesResolver] WorkflowController {/workflow}:
[2026-08-27T16:55:40.769Z] [LOG] [RouterExplorer] Mapped {/workflow/state, GET} route
[2026-08-27T16:55:40.770Z] [LOG] [RouterExplorer] Mapped {/workflow/state, PUT} route
[2026-08-27T16:55:40.770Z] [LOG] [RouterExplorer] Mapped {/workflow/reset, POST} route
[2026-08-27T16:55:40.770Z] [LOG] [RoutesResolver] UploadController {/upload}:
[2026-08-27T16:55:42.373Z] [LOG] [NestFactory] Starting Nest application...
[2026-08-27T16:55:42.382Z] [LOG] [InstanceLoader] DataModule dependencies initialized
[2026-08-27T16:55:42.383Z] [LOG] [InstanceLoader] AppModule dependencies initialized
[2026-08-27T16:55:42.383Z] [LOG] [InstanceLoader] UploadModule dependencies initialized
[2026-08-27T16:55:42.383Z] [LOG] [InstanceLoader] WorkflowModule dependencies initialized
[2026-08-27T16:55:42.383Z] [LOG] [InstanceLoader] TripRequestsModule dependencies initialized
[2026-08-27T16:55:42.383Z] [LOG] [InstanceLoader] AuthModule dependencies initialized
[2026-08-27T16:55:42.384Z] [LOG] [InstanceLoader] UsersModule dependencies initialized
[2026-08-27T16:55:42.384Z] [LOG] [InstanceLoader] GuidesModule dependencies initialized
[2026-08-27T16:55:42.384Z] [LOG] [InstanceLoader] VendorsModule dependencies initialized
[2026-08-27T16:55:42.385Z] [LOG] [InstanceLoader] TripsModule dependencies initialized
[2026-08-27T16:55:42.385Z] [LOG] [InstanceLoader] IssuesModule dependencies initialized
[2026-08-27T16:55:42.385Z] [LOG] [InstanceLoader] MessagesModule dependencies initialized
[2026-08-27T16:55:42.386Z] [LOG] [InstanceLoader] NotificationsModule dependencies initialized
[2026-08-27T16:55:42.412Z] [LOG] [RoutesResolver] AuthController {/auth}:
[2026-08-27T16:55:42.414Z] [LOG] [RouterExplorer] Mapped {/auth/register, POST} route
[2026-08-27T16:55:42.414Z] [LOG] [RouterExplorer] Mapped {/auth/login, POST} route
[2026-08-27T16:55:42.415Z] [LOG] [RoutesResolver] UsersController {/users}:
[2026-08-27T16:55:42.415Z] [LOG] [RouterExplorer] Mapped {/users, GET} route
[2026-08-27T16:55:42.415Z] [LOG] [RouterExplorer] Mapped {/users, POST} route
[2026-08-27T16:55:42.418Z] [LOG] [RouterExplorer] Mapped {/users/:id, GET} route
[2026-08-27T16:55:42.418Z] [LOG] [RouterExplorer] Mapped {/users/:id, PATCH} route
[2026-08-27T16:55:42.419Z] [LOG] [RouterExplorer] Mapped {/users/:id, DELETE} route
[2026-08-27T16:55:42.419Z] [LOG] [RoutesResolver] GuidesController {/guides}:
[2026-08-27T16:55:42.419Z] [LOG] [RouterExplorer] Mapped {/guides, GET} route
[2026-08-27T16:55:42.420Z] [LOG] [RouterExplorer] Mapped {/guides, POST} route
[2026-08-27T16:55:42.420Z] [LOG] [RouterExplorer] Mapped {/guides/:id, GET} route
[2026-08-27T16:55:42.420Z] [LOG] [RouterExplorer] Mapped {/guides/:id, PATCH} route
[2026-08-27T16:55:42.420Z] [LOG] [RouterExplorer] Mapped {/guides/:id, DELETE} route
[2026-08-27T16:55:42.420Z] [LOG] [RoutesResolver] VendorsController {/vendors}:
[2026-08-27T16:55:42.422Z] [LOG] [RouterExplorer] Mapped {/vendors, GET} route
[2026-08-27T16:55:42.422Z] [LOG] [RouterExplorer] Mapped {/vendors, POST} route
[2026-08-27T16:55:42.422Z] [LOG] [RouterExplorer] Mapped {/vendors/:id, GET} route
[2026-08-27T16:55:42.422Z] [LOG] [RouterExplorer] Mapped {/vendors/:id, PATCH} route
[2026-08-27T16:55:42.423Z] [LOG] [RouterExplorer] Mapped {/vendors/:id, DELETE} route
[2026-08-27T16:55:42.423Z] [LOG] [RoutesResolver] TripsController {/trips}:
[2026-08-27T16:55:42.423Z] [LOG] [RouterExplorer] Mapped {/trips, GET} route
[2026-08-27T16:55:42.423Z] [LOG] [RouterExplorer] Mapped {/trips, POST} route
[2026-08-27T16:55:42.423Z] [LOG] [RouterExplorer] Mapped {/trips/:id, GET} route
[2026-08-27T16:55:42.423Z] [LOG] [RouterExplorer] Mapped {/trips/:id, PATCH} route
[2026-08-27T16:55:42.425Z] [LOG] [RouterExplorer] Mapped {/trips/:id, DELETE} route
[2026-08-27T16:55:42.425Z] [LOG] [RouterExplorer] Mapped {/trips/:id/assign-guide, POST} route
[2026-08-27T16:55:42.425Z] [LOG] [RouterExplorer] Mapped {/trips/:id/guide/accept, POST} route
[2026-08-27T16:55:42.425Z] [LOG] [RouterExplorer] Mapped {/trips/:id/guide/reject, POST} route
[2026-08-27T16:55:42.426Z] [LOG] [RouterExplorer] Mapped {/trips/:id/assign-vendor, POST} route
[2026-08-27T16:55:42.426Z] [LOG] [RouterExplorer] Mapped {/trips/:id/vendor/accept, POST} route
[2026-08-27T16:55:42.426Z] [LOG] [RouterExplorer] Mapped {/trips/:id/vendor/reject, POST} route
[2026-08-27T16:55:42.426Z] [LOG] [RouterExplorer] Mapped {/trips/:id/start, POST} route
[2026-08-27T16:55:42.426Z] [LOG] [RouterExplorer] Mapped {/trips/:id/schedule, GET} route
[2026-08-27T16:55:42.427Z] [LOG] [RouterExplorer] Mapped {/trips/:id/schedule/:scheduleItemId, PATCH} route
[2026-08-27T16:55:42.428Z] [LOG] [RouterExplorer] Mapped {/trips/:id/guide-updates, POST} route
[2026-08-27T16:55:42.428Z] [LOG] [RouterExplorer] Mapped {/trips/:id/vendor-updates, POST} route
[2026-08-27T16:55:42.428Z] [LOG] [RouterExplorer] Mapped {/trips/:id/updates, GET} route
[2026-08-27T16:55:42.428Z] [LOG] [RoutesResolver] TripRequestsController {/trip-requests}:
[2026-08-27T16:55:42.429Z] [LOG] [RouterExplorer] Mapped {/trip-requests, GET} route
[2026-08-27T16:55:42.429Z] [LOG] [RouterExplorer] Mapped {/trip-requests, POST} route
[2026-08-27T16:55:42.429Z] [LOG] [RouterExplorer] Mapped {/trip-requests/:id/accept, POST} route
[2026-08-27T16:55:42.429Z] [LOG] [RouterExplorer] Mapped {/trip-requests/:id, DELETE} route
[2026-08-27T16:55:42.429Z] [LOG] [RoutesResolver] IssuesController {/issues}:
[2026-08-27T16:55:42.429Z] [LOG] [RouterExplorer] Mapped {/issues, GET} route
[2026-08-27T16:55:42.431Z] [LOG] [RouterExplorer] Mapped {/issues, POST} route
[2026-08-27T16:55:42.431Z] [LOG] [RouterExplorer] Mapped {/issues/:id, GET} route
[2026-08-27T16:55:42.432Z] [LOG] [RouterExplorer] Mapped {/issues/:id, PATCH} route
[2026-08-27T16:55:42.432Z] [LOG] [RouterExplorer] Mapped {/issues/:id/resolve, POST} route
[2026-08-27T16:55:42.433Z] [LOG] [RouterExplorer] Mapped {/issues/:id, DELETE} route
[2026-08-27T16:55:42.433Z] [LOG] [RoutesResolver] MessagesController {/messages}:
[2026-08-27T16:55:42.433Z] [LOG] [RouterExplorer] Mapped {/messages, GET} route
[2026-08-27T16:55:42.433Z] [LOG] [RouterExplorer] Mapped {/messages, POST} route
[2026-08-27T16:55:42.433Z] [LOG] [RouterExplorer] Mapped {/messages/:id, GET} route
[2026-08-27T16:55:42.433Z] [LOG] [RouterExplorer] Mapped {/messages/:id, PATCH} route
[2026-08-27T16:55:42.435Z] [LOG] [RouterExplorer] Mapped {/messages/:id, DELETE} route
[2026-08-27T16:55:42.435Z] [LOG] [RoutesResolver] NotificationsController {/notifications}:
[2026-08-27T16:55:42.435Z] [LOG] [RouterExplorer] Mapped {/notifications, GET} route
[2026-08-27T16:55:42.436Z] [LOG] [RouterExplorer] Mapped {/notifications/:id/read, PATCH} route
[2026-08-27T16:55:42.436Z] [LOG] [RouterExplorer] Mapped {/notifications/:id, DELETE} route
[2026-08-27T16:55:42.436Z] [LOG] [RoutesResolver] WorkflowController {/workflow}:
[2026-08-27T16:55:42.437Z] [LOG] [RouterExplorer] Mapped {/workflow/state, GET} route
[2026-08-27T16:55:42.437Z] [LOG] [RouterExplorer] Mapped {/workflow/state, PUT} route
[2026-08-27T16:55:42.437Z] [LOG] [RouterExplorer] Mapped {/workflow/reset, POST} route
[2026-08-27T16:55:42.439Z] [LOG] [RoutesResolver] UploadController {/upload}:
[2026-08-27T16:55:42.861Z] [LOG] [NestFactory] Starting Nest application...
[2026-08-27T16:55:42.871Z] [LOG] [InstanceLoader] DataModule dependencies initialized
[2026-08-27T16:55:42.871Z] [LOG] [InstanceLoader] AppModule dependencies initialized
[2026-08-27T16:55:42.871Z] [LOG] [InstanceLoader] UploadModule dependencies initialized
[2026-08-27T16:55:42.871Z] [LOG] [InstanceLoader] WorkflowModule dependencies initialized
[2026-08-27T16:55:42.871Z] [LOG] [InstanceLoader] TripRequestsModule dependencies initialized
[2026-08-27T16:55:42.872Z] [LOG] [InstanceLoader] AuthModule dependencies initialized
[2026-08-27T16:55:42.872Z] [LOG] [InstanceLoader] UsersModule dependencies initialized
[2026-08-27T16:55:42.872Z] [LOG] [InstanceLoader] GuidesModule dependencies initialized
[2026-08-27T16:55:42.872Z] [LOG] [InstanceLoader] VendorsModule dependencies initialized
[2026-08-27T16:55:42.873Z] [LOG] [InstanceLoader] TripsModule dependencies initialized
[2026-08-27T16:55:42.873Z] [LOG] [InstanceLoader] IssuesModule dependencies initialized
[2026-08-27T16:55:42.873Z] [LOG] [InstanceLoader] MessagesModule dependencies initialized
[2026-08-27T16:55:42.873Z] [LOG] [InstanceLoader] NotificationsModule dependencies initialized
[2026-08-27T16:55:42.901Z] [LOG] [RoutesResolver] AuthController {/auth}:
[2026-08-27T16:55:42.903Z] [LOG] [RouterExplorer] Mapped {/auth/register, POST} route
[2026-08-27T16:55:42.903Z] [LOG] [RouterExplorer] Mapped {/auth/login, POST} route
[2026-08-27T16:55:42.903Z] [LOG] [RoutesResolver] UsersController {/users}:
[2026-08-27T16:55:42.903Z] [LOG] [RouterExplorer] Mapped {/users, GET} route
[2026-08-27T16:55:42.903Z] [LOG] [RouterExplorer] Mapped {/users, POST} route
[2026-08-27T16:55:42.905Z] [LOG] [RouterExplorer] Mapped {/users/:id, GET} route
[2026-08-27T16:55:42.905Z] [LOG] [RouterExplorer] Mapped {/users/:id, PATCH} route
[2026-08-27T16:55:42.905Z] [LOG] [RouterExplorer] Mapped {/users/:id, DELETE} route
[2026-08-27T16:55:42.905Z] [LOG] [RoutesResolver] GuidesController {/guides}:
[2026-08-27T16:55:42.905Z] [LOG] [RouterExplorer] Mapped {/guides, GET} route
[2026-08-27T16:55:42.905Z] [LOG] [RouterExplorer] Mapped {/guides, POST} route
[2026-08-27T16:55:42.906Z] [LOG] [RouterExplorer] Mapped {/guides/:id, GET} route
[2026-08-27T16:55:42.906Z] [LOG] [RouterExplorer] Mapped {/guides/:id, PATCH} route
[2026-08-27T16:55:42.906Z] [LOG] [RouterExplorer] Mapped {/guides/:id, DELETE} route
[2026-08-27T16:55:42.906Z] [LOG] [RoutesResolver] VendorsController {/vendors}:
[2026-08-27T16:55:42.907Z] [LOG] [RouterExplorer] Mapped {/vendors, GET} route
[2026-08-27T16:55:42.907Z] [LOG] [RouterExplorer] Mapped {/vendors, POST} route
[2026-08-27T16:55:42.907Z] [LOG] [RouterExplorer] Mapped {/vendors/:id, GET} route
[2026-08-27T16:55:42.907Z] [LOG] [RouterExplorer] Mapped {/vendors/:id, PATCH} route
[2026-08-27T16:55:42.907Z] [LOG] [RouterExplorer] Mapped {/vendors/:id, DELETE} route
[2026-08-27T16:55:42.907Z] [LOG] [RoutesResolver] TripsController {/trips}:
[2026-08-27T16:55:42.907Z] [LOG] [RouterExplorer] Mapped {/trips, GET} route
[2026-08-27T16:55:42.907Z] [LOG] [RouterExplorer] Mapped {/trips, POST} route
[2026-08-27T16:55:42.907Z] [LOG] [RouterExplorer] Mapped {/trips/:id, GET} route
[2026-08-27T16:55:42.908Z] [LOG] [RouterExplorer] Mapped {/trips/:id, PATCH} route
[2026-08-27T16:55:42.909Z] [LOG] [RouterExplorer] Mapped {/trips/:id, DELETE} route
[2026-08-27T16:55:42.909Z] [LOG] [RouterExplorer] Mapped {/trips/:id/assign-guide, POST} route
[2026-08-27T16:55:42.909Z] [LOG] [RouterExplorer] Mapped {/trips/:id/guide/accept, POST} route
[2026-08-27T16:55:42.909Z] [LOG] [RouterExplorer] Mapped {/trips/:id/guide/reject, POST} route
[2026-08-27T16:55:42.909Z] [LOG] [RouterExplorer] Mapped {/trips/:id/assign-vendor, POST} route
[2026-08-27T16:55:42.909Z] [LOG] [RouterExplorer] Mapped {/trips/:id/vendor/accept, POST} route
[2026-08-27T16:55:42.909Z] [LOG] [RouterExplorer] Mapped {/trips/:id/vendor/reject, POST} route
[2026-08-27T16:55:42.909Z] [LOG] [RouterExplorer] Mapped {/trips/:id/start, POST} route
[2026-08-27T16:55:42.909Z] [LOG] [RouterExplorer] Mapped {/trips/:id/schedule, GET} route
[2026-08-27T16:55:42.909Z] [LOG] [RouterExplorer] Mapped {/trips/:id/schedule/:scheduleItemId, PATCH} route
[2026-08-27T16:55:42.911Z] [LOG] [RouterExplorer] Mapped {/trips/:id/guide-updates, POST} route
[2026-08-27T16:55:42.911Z] [LOG] [RouterExplorer] Mapped {/trips/:id/vendor-updates, POST} route
[2026-08-27T16:55:42.911Z] [LOG] [RouterExplorer] Mapped {/trips/:id/updates, GET} route
[2026-08-27T16:55:42.911Z] [LOG] [RoutesResolver] TripRequestsController {/trip-requests}:
[2026-08-27T16:55:42.911Z] [LOG] [RouterExplorer] Mapped {/trip-requests, GET} route
[2026-08-27T16:55:42.911Z] [LOG] [RouterExplorer] Mapped {/trip-requests, POST} route
[2026-08-27T16:55:42.911Z] [LOG] [RouterExplorer] Mapped {/trip-requests/:id/accept, POST} route
[2026-08-27T16:55:42.911Z] [LOG] [RouterExplorer] Mapped {/trip-requests/:id, DELETE} route
[2026-08-27T16:55:42.911Z] [LOG] [RoutesResolver] IssuesController {/issues}:
[2026-08-27T16:55:42.911Z] [LOG] [RouterExplorer] Mapped {/issues, GET} route
[2026-08-27T16:55:42.913Z] [LOG] [RouterExplorer] Mapped {/issues, POST} route
[2026-08-27T16:55:42.913Z] [LOG] [RouterExplorer] Mapped {/issues/:id, GET} route
[2026-08-27T16:55:42.914Z] [LOG] [RouterExplorer] Mapped {/issues/:id, PATCH} route
[2026-08-27T16:55:42.914Z] [LOG] [RouterExplorer] Mapped {/issues/:id/resolve, POST} route
[2026-08-27T16:55:42.914Z] [LOG] [RouterExplorer] Mapped {/issues/:id, DELETE} route
[2026-08-27T16:55:42.914Z] [LOG] [RoutesResolver] MessagesController {/messages}:
[2026-08-27T16:55:42.915Z] [LOG] [RouterExplorer] Mapped {/messages, GET} route
[2026-08-27T16:55:42.915Z] [LOG] [RouterExplorer] Mapped {/messages, POST} route
[2026-08-27T16:55:42.915Z] [LOG] [RouterExplorer] Mapped {/messages/:id, GET} route
[2026-08-27T16:55:42.915Z] [LOG] [RouterExplorer] Mapped {/messages/:id, PATCH} route
[2026-08-27T16:55:42.917Z] [LOG] [RouterExplorer] Mapped {/messages/:id, DELETE} route
[2026-08-27T16:55:42.917Z] [LOG] [RoutesResolver] NotificationsController {/notifications}:
[2026-08-27T16:55:42.917Z] [LOG] [RouterExplorer] Mapped {/notifications, GET} route
[2026-08-27T16:55:42.917Z] [LOG] [RouterExplorer] Mapped {/notifications/:id/read, PATCH} route
[2026-08-27T16:55:42.917Z] [LOG] [RouterExplorer] Mapped {/notifications/:id, DELETE} route
[2026-08-27T16:55:42.917Z] [LOG] [RoutesResolver] WorkflowController {/workflow}:
[2026-08-27T16:55:42.917Z] [LOG] [RouterExplorer] Mapped {/workflow/state, GET} route
[2026-08-27T16:55:42.918Z] [LOG] [RouterExplorer] Mapped {/workflow/state, PUT} route
[2026-08-27T16:55:42.918Z] [LOG] [RouterExplorer] Mapped {/workflow/reset, POST} route
[2026-08-27T16:55:42.918Z] [LOG] [RoutesResolver] UploadController {/upload}:
[2026-08-27T16:55:42.727Z] [LOG] [HTTP-REQUEST] GET /workflow/state 304 - 6ms - Role: Traveler - IP: 127.0.0.1 - UA: Mozilla/5.0 (Windows NT 10.0; Win64; x64) AppleWebKit/537.36 (KHTML, like Gecko) Chrome/151.0.0.0 Safari/537.36
[2026-08-27T16:55:43.203Z] [LOG] [HTTP-REQUEST] GET /workflow/state 304 - 2ms - Role: Traveler - IP: 127.0.0.1 - UA: Mozilla/5.0 (Windows NT 10.0; Win64; x64) AppleWebKit/537.36 (KHTML, like Gecko) Chrome/151.0.0.0 Safari/537.36
[2026-08-27T16:55:57.455Z] [HEARTBEAT] Log sync check. Status: OK
[2026-08-27T16:56:22.802Z] [LOG] [NestFactory] Starting Nest application...
[2026-08-27T16:56:22.810Z] [LOG] [InstanceLoader] DataModule dependencies initialized
[2026-08-27T16:56:22.811Z] [LOG] [InstanceLoader] AppModule dependencies initialized
[2026-08-27T16:56:22.811Z] [LOG] [InstanceLoader] UploadModule dependencies initialized
[2026-08-27T16:56:22.811Z] [LOG] [InstanceLoader] WorkflowModule dependencies initialized
[2026-08-27T16:56:22.811Z] [LOG] [InstanceLoader] TripRequestsModule dependencies initialized
[2026-08-27T16:56:22.811Z] [LOG] [InstanceLoader] AuthModule dependencies initialized
[2026-08-27T16:56:22.811Z] [LOG] [InstanceLoader] UsersModule dependencies initialized
[2026-08-27T16:56:22.811Z] [LOG] [InstanceLoader] GuidesModule dependencies initialized
[2026-08-27T16:56:22.811Z] [LOG] [InstanceLoader] VendorsModule dependencies initialized
[2026-08-27T16:56:22.813Z] [LOG] [InstanceLoader] TripsModule dependencies initialized
[2026-08-27T16:56:22.813Z] [LOG] [InstanceLoader] IssuesModule dependencies initialized
[2026-08-27T16:56:22.813Z] [LOG] [InstanceLoader] MessagesModule dependencies initialized
[2026-08-27T16:56:22.813Z] [LOG] [InstanceLoader] NotificationsModule dependencies initialized
[2026-08-27T16:56:22.838Z] [LOG] [RoutesResolver] AuthController {/auth}:
[2026-08-27T16:56:22.839Z] [LOG] [RouterExplorer] Mapped {/auth/register, POST} route
[2026-08-27T16:56:22.839Z] [LOG] [RouterExplorer] Mapped {/auth/login, POST} route
[2026-08-27T16:56:22.839Z] [LOG] [RoutesResolver] UsersController {/users}:
[2026-08-27T16:56:22.840Z] [LOG] [RouterExplorer] Mapped {/users, GET} route
[2026-08-27T16:56:22.840Z] [LOG] [RouterExplorer] Mapped {/users, POST} route
[2026-08-27T16:56:22.842Z] [LOG] [RouterExplorer] Mapped {/users/:id, GET} route
[2026-08-27T16:56:22.842Z] [LOG] [RouterExplorer] Mapped {/users/:id, PATCH} route
[2026-08-27T16:56:22.842Z] [LOG] [RouterExplorer] Mapped {/users/:id, DELETE} route
[2026-08-27T16:56:22.842Z] [LOG] [RoutesResolver] GuidesController {/guides}:
[2026-08-27T16:56:22.842Z] [LOG] [RouterExplorer] Mapped {/guides, GET} route
[2026-08-27T16:56:22.843Z] [LOG] [RouterExplorer] Mapped {/guides, POST} route
[2026-08-27T16:56:22.843Z] [LOG] [RouterExplorer] Mapped {/guides/:id, GET} route
[2026-08-27T16:56:22.843Z] [LOG] [RouterExplorer] Mapped {/guides/:id, PATCH} route
[2026-08-27T16:56:22.843Z] [LOG] [RouterExplorer] Mapped {/guides/:id, DELETE} route
[2026-08-27T16:56:22.843Z] [LOG] [RoutesResolver] VendorsController {/vendors}:
[2026-08-27T16:56:22.844Z] [LOG] [RouterExplorer] Mapped {/vendors, GET} route
[2026-08-27T16:56:22.845Z] [LOG] [RouterExplorer] Mapped {/vendors, POST} route
[2026-08-27T16:56:22.845Z] [LOG] [RouterExplorer] Mapped {/vendors/:id, GET} route
[2026-08-27T16:56:22.845Z] [LOG] [RouterExplorer] Mapped {/vendors/:id, PATCH} route
[2026-08-27T16:56:22.845Z] [LOG] [RouterExplorer] Mapped {/vendors/:id, DELETE} route
[2026-08-27T16:56:22.845Z] [LOG] [RoutesResolver] TripsController {/trips}:
[2026-08-27T16:56:22.845Z] [LOG] [RouterExplorer] Mapped {/trips, GET} route
[2026-08-27T16:56:22.845Z] [LOG] [RouterExplorer] Mapped {/trips, POST} route
[2026-08-27T16:56:22.845Z] [LOG] [RouterExplorer] Mapped {/trips/:id, GET} route
[2026-08-27T16:56:22.846Z] [LOG] [RouterExplorer] Mapped {/trips/:id, PATCH} route
[2026-08-27T16:56:22.847Z] [LOG] [RouterExplorer] Mapped {/trips/:id, DELETE} route
[2026-08-27T16:56:22.847Z] [LOG] [RouterExplorer] Mapped {/trips/:id/assign-guide, POST} route
[2026-08-27T16:56:22.847Z] [LOG] [RouterExplorer] Mapped {/trips/:id/guide/accept, POST} route
[2026-08-27T16:56:22.847Z] [LOG] [RouterExplorer] Mapped {/trips/:id/guide/reject, POST} route
[2026-08-27T16:56:22.847Z] [LOG] [RouterExplorer] Mapped {/trips/:id/assign-vendor, POST} route
[2026-08-27T16:56:22.847Z] [LOG] [RouterExplorer] Mapped {/trips/:id/vendor/accept, POST} route
[2026-08-27T16:56:22.847Z] [LOG] [RouterExplorer] Mapped {/trips/:id/vendor/reject, POST} route
[2026-08-27T16:56:22.847Z] [LOG] [RouterExplorer] Mapped {/trips/:id/start, POST} route
[2026-08-27T16:56:22.848Z] [LOG] [RouterExplorer] Mapped {/trips/:id/schedule, GET} route
[2026-08-27T16:56:22.848Z] [LOG] [RouterExplorer] Mapped {/trips/:id/schedule/:scheduleItemId, PATCH} route
[2026-08-27T16:56:22.849Z] [LOG] [RouterExplorer] Mapped {/trips/:id/guide-updates, POST} route
[2026-08-27T16:56:22.849Z] [LOG] [RouterExplorer] Mapped {/trips/:id/vendor-updates, POST} route
[2026-08-27T16:56:22.849Z] [LOG] [RouterExplorer] Mapped {/trips/:id/updates, GET} route
[2026-08-27T16:56:22.849Z] [LOG] [RoutesResolver] TripRequestsController {/trip-requests}:
[2026-08-27T16:56:22.850Z] [LOG] [RouterExplorer] Mapped {/trip-requests, GET} route
[2026-08-27T16:56:22.850Z] [LOG] [RouterExplorer] Mapped {/trip-requests, POST} route
[2026-08-27T16:56:22.850Z] [LOG] [RouterExplorer] Mapped {/trip-requests/:id/accept, POST} route
[2026-08-27T16:56:22.850Z] [LOG] [RouterExplorer] Mapped {/trip-requests/:id, DELETE} route
[2026-08-27T16:56:22.850Z] [LOG] [RoutesResolver] IssuesController {/issues}:
[2026-08-27T16:56:22.850Z] [LOG] [RouterExplorer] Mapped {/issues, GET} route
[2026-08-27T16:56:22.851Z] [LOG] [RouterExplorer] Mapped {/issues, POST} route
[2026-08-27T16:56:22.851Z] [LOG] [RouterExplorer] Mapped {/issues/:id, GET} route
[2026-08-27T16:56:22.852Z] [LOG] [RouterExplorer] Mapped {/issues/:id, PATCH} route
[2026-08-27T16:56:22.852Z] [LOG] [RouterExplorer] Mapped {/issues/:id/resolve, POST} route
[2026-08-27T16:56:22.852Z] [LOG] [RouterExplorer] Mapped {/issues/:id, DELETE} route
[2026-08-27T16:56:22.852Z] [LOG] [RoutesResolver] MessagesController {/messages}:
[2026-08-27T16:56:22.852Z] [LOG] [RouterExplorer] Mapped {/messages, GET} route
[2026-08-27T16:56:22.852Z] [LOG] [RouterExplorer] Mapped {/messages, POST} route
[2026-08-27T16:56:22.852Z] [LOG] [RouterExplorer] Mapped {/messages/:id, GET} route
[2026-08-27T16:56:22.852Z] [LOG] [RouterExplorer] Mapped {/messages/:id, PATCH} route
[2026-08-27T16:56:22.853Z] [LOG] [RouterExplorer] Mapped {/messages/:id, DELETE} route
[2026-08-27T16:56:22.854Z] [LOG] [RoutesResolver] NotificationsController {/notifications}:
[2026-08-27T16:56:22.854Z] [LOG] [RouterExplorer] Mapped {/notifications, GET} route
[2026-08-27T16:56:22.854Z] [LOG] [RouterExplorer] Mapped {/notifications/:id/read, PATCH} route
[2026-08-27T16:56:22.854Z] [LOG] [RouterExplorer] Mapped {/notifications/:id, DELETE} route
[2026-08-27T16:56:22.854Z] [LOG] [RoutesResolver] WorkflowController {/workflow}:
[2026-08-27T16:56:22.854Z] [LOG] [RouterExplorer] Mapped {/workflow/state, GET} route
[2026-08-27T16:56:22.854Z] [LOG] [RouterExplorer] Mapped {/workflow/state, PUT} route
[2026-08-27T16:56:22.856Z] [LOG] [RouterExplorer] Mapped {/workflow/reset, POST} route
[2026-08-27T16:56:22.857Z] [LOG] [RoutesResolver] UploadController {/upload}:
[2026-08-27T16:56:23.031Z] [LOG] [HTTP-REQUEST] GET /workflow/state 304 - 4ms - Role: Traveler - IP: 127.0.0.1 - UA: Mozilla/5.0 (Windows NT 10.0; Win64; x64) AppleWebKit/537.36 (KHTML, like Gecko) Chrome/151.0.0.0 Safari/537.36
[2026-08-27T16:56:37.873Z] [HEARTBEAT] Log sync check. Status: OK
[2026-08-27T16:56:38.204Z] [LOG] [HTTP-REQUEST] GET /workflow/state 304 - 2ms - Role: Traveler - IP: 127.0.0.1 - UA: Mozilla/5.0 (Windows NT 10.0; Win64; x64) AppleWebKit/537.36 (KHTML, like Gecko) Chrome/151.0.0.0 Safari/537.36
[2026-08-27T16:56:45.292Z] [LOG] [HTTP-REQUEST] GET /trips 200 - 1ms - Role: Super User - IP: 127.0.0.1 - UA: Mozilla/5.0 (Windows NT; Windows NT 10.0; en-IN) WindowsPowerShell/5.1.26100.9168
[2026-08-27T16:56:52.875Z] [HEARTBEAT] Log sync check. Status: OK
[2026-08-27T16:56:53.208Z] [LOG] [HTTP-REQUEST] GET /workflow/state 304 - 2ms - Role: Traveler - IP: 127.0.0.1 - UA: Mozilla/5.0 (Windows NT 10.0; Win64; x64) AppleWebKit/537.36 (KHTML, like Gecko) Chrome/151.0.0.0 Safari/537.36
[2026-08-27T16:57:00.568Z] [WARN] [HTTP-REQUEST] GET /trips 401 - 9ms - Role: Anonymous - IP: 127.0.0.1 - UA: Mozilla/5.0 (Windows NT; Windows NT 10.0; en-IN) WindowsPowerShell/5.1.26100.9168
[2026-08-27T16:57:00.830Z] [LOG] [HTTP-REQUEST] GET /workflow/state 304 - 2ms - Role: Traveler - IP: 127.0.0.1 - UA: Mozilla/5.0 (Windows NT 10.0; Win64; x64) AppleWebKit/537.36 (KHTML, like Gecko) Chrome/151.0.0.0 Safari/537.36
[2026-08-27T16:57:07.890Z] [HEARTBEAT] Log sync check. Status: OK
[2026-08-27T16:57:08.248Z] [LOG] [HTTP-REQUEST] GET /workflow/state 304 - 3ms - Role: Traveler - IP: 127.0.0.1 - UA: Mozilla/5.0 (Windows NT 10.0; Win64; x64) AppleWebKit/537.36 (KHTML, like Gecko) Chrome/151.0.0.0 Safari/537.36
[2026-08-27T16:57:22.894Z] [HEARTBEAT] Log sync check. Status: OK
[2026-08-27T16:57:23.274Z] [LOG] [HTTP-REQUEST] GET /workflow/state 304 - 1ms - Role: Traveler - IP: 127.0.0.1 - UA: Mozilla/5.0 (Windows NT 10.0; Win64; x64) AppleWebKit/537.36 (KHTML, like Gecko) Chrome/151.0.0.0 Safari/537.36
[2026-08-27T16:57:23.751Z] [LOG] [AdminAuditMiddleware] ADMIN-AUDIT | 2026-08-27T16:57:23.751Z | GET /users | Role: Traveler | User: unknown | IP: 127.0.0.1
[2026-08-27T16:57:23.753Z] [WARN] [HTTP-REQUEST] GET /users 403 - 2ms - Role: Traveler - IP: 127.0.0.1 - UA: Mozilla/5.0 (Windows NT; Windows NT 10.0; en-IN) WindowsPowerShell/5.1.26100.9168
[2026-08-27T16:57:23.753Z] [WARN] [AdminAuditMiddleware] ADMIN-AUDIT RESULT | GET /users | Status: 403 | Role: Traveler | User: unknown
[2026-08-27T16:57:24.054Z] [LOG] [HTTP-REQUEST] GET /workflow/state 304 - 1ms - Role: Traveler - IP: 127.0.0.1 - UA: Mozilla/5.0 (Windows NT 10.0; Win64; x64) AppleWebKit/537.36 (KHTML, like Gecko) Chrome/151.0.0.0 Safari/537.36
[2026-08-27T16:57:37.899Z] [HEARTBEAT] Log sync check. Status: OK
[2026-08-27T16:57:38.160Z] [LOG] [HTTP-REQUEST] GET /workflow/state 304 - 1ms - Role: Traveler - IP: 127.0.0.1 - UA: Mozilla/5.0 (Windows NT 10.0; Win64; x64) AppleWebKit/537.36 (KHTML, like Gecko) Chrome/151.0.0.0 Safari/537.36
[2026-08-27T16:57:40.136Z] [WARN] [HTTP-REQUEST] GET /trips/99999 404 - 15ms - Role: Super User - IP: 127.0.0.1 - UA: Mozilla/5.0 (Windows NT; Windows NT 10.0; en-IN) WindowsPowerShell/5.1.26100.9168
[2026-08-27T16:57:40.429Z] [LOG] [HTTP-REQUEST] GET /workflow/state 304 - 2ms - Role: Traveler - IP: 127.0.0.1 - UA: Mozilla/5.0 (Windows NT 10.0; Win64; x64) AppleWebKit/537.36 (KHTML, like Gecko) Chrome/151.0.0.0 Safari/537.36
[2026-08-27T16:57:52.912Z] [HEARTBEAT] Log sync check. Status: OK
[2026-08-27T16:57:53.123Z] [LOG] [HTTP-REQUEST] GET /workflow/state 304 - 2ms - Role: Traveler - IP: 127.0.0.1 - UA: Mozilla/5.0 (Windows NT 10.0; Win64; x64) AppleWebKit/537.36 (KHTML, like Gecko) Chrome/151.0.0.0 Safari/537.36
[2026-08-27T16:57:57.466Z] [LOG] [AdminAuditMiddleware] ADMIN-AUDIT | 2026-08-27T16:57:57.466Z | GET /users | Role: Super User | User: unknown | IP: 127.0.0.1
[2026-08-27T16:57:57.467Z] [LOG] [HTTP-REQUEST] GET /users 200 - 1ms - Role: Super User - IP: 127.0.0.1 - UA: Mozilla/5.0 (Windows NT; Windows NT 10.0; en-IN) WindowsPowerShell/5.1.26100.9168
[2026-08-27T16:58:07.083Z] [LOG] [HTTP-REQUEST] GET /workflow/state 304 - 1ms - Role: Traveler - IP: 127.0.0.1 - UA: Mozilla/5.0 (Windows NT 10.0; Win64; x64) AppleWebKit/537.36 (KHTML, like Gecko) Chrome/151.0.0.0 Safari/537.36
[2026-08-27T16:58:07.925Z] [HEARTBEAT] Log sync check. Status: OK
[2026-08-27T16:58:08.160Z] [LOG] [HTTP-REQUEST] GET /workflow/state 304 - 2ms - Role: Traveler - IP: 127.0.0.1 - UA: Mozilla/5.0 (Windows NT 10.0; Win64; x64) AppleWebKit/537.36 (KHTML, like Gecko) Chrome/151.0.0.0 Safari/537.36
[2026-08-27T16:58:22.935Z] [HEARTBEAT] Log sync check. Status: OK
[2026-08-27T16:58:23.261Z] [LOG] [HTTP-REQUEST] GET /workflow/state 304 - 2ms - Role: Traveler - IP: 127.0.0.1 - UA: Mozilla/5.0 (Windows NT 10.0; Win64; x64) AppleWebKit/537.36 (KHTML, like Gecko) Chrome/151.0.0.0 Safari/537.36
[2026-08-27T16:58:36.538Z] [LOG] [HTTP-REQUEST] POST /upload 201 - 13ms - Role: Super User - IP: 127.0.0.1 - UA: curl/8.21.0
[2026-08-27T16:58:36.802Z] [LOG] [HTTP-REQUEST] GET /workflow/state 304 - 1ms - Role: Traveler - IP: 127.0.0.1 - UA: Mozilla/5.0 (Windows NT 10.0; Win64; x64) AppleWebKit/537.36 (KHTML, like Gecko) Chrome/151.0.0.0 Safari/537.36
[2026-08-27T16:58:37.941Z] [HEARTBEAT] Log sync check. Status: OK
[2026-08-27T16:58:38.203Z] [LOG] [HTTP-REQUEST] GET /workflow/state 304 - 1ms - Role: Traveler - IP: 127.0.0.1 - UA: Mozilla/5.0 (Windows NT 10.0; Win64; x64) AppleWebKit/537.36 (KHTML, like Gecko) Chrome/151.0.0.0 Safari/537.36
[2026-08-27T16:58:45.485Z] [WARN] [HTTP-REQUEST] POST /upload 400 - 4ms - Role: Super User - IP: 127.0.0.1 - UA: curl/8.21.0
[2026-08-27T16:58:45.524Z] [LOG] [HTTP-REQUEST] GET /workflow/state 304 - 1ms - Role: Traveler - IP: 127.0.0.1 - UA: Mozilla/5.0 (Windows NT 10.0; Win64; x64) AppleWebKit/537.36 (KHTML, like Gecko) Chrome/151.0.0.0 Safari/537.36
[2026-08-27T16:58:52.947Z] [HEARTBEAT] Log sync check. Status: OK
[2026-08-27T16:58:53.298Z] [LOG] [HTTP-REQUEST] GET /workflow/state 304 - 1ms - Role: Traveler - IP: 127.0.0.1 - UA: Mozilla/5.0 (Windows NT 10.0; Win64; x64) AppleWebKit/537.36 (KHTML, like Gecko) Chrome/151.0.0.0 Safari/537.36
[2026-08-27T16:59:07.952Z] [HEARTBEAT] Log sync check. Status: OK
[2026-08-27T16:59:08.284Z] [LOG] [HTTP-REQUEST] GET /workflow/state 304 - 1ms - Role: Traveler - IP: 127.0.0.1 - UA: Mozilla/5.0 (Windows NT 10.0; Win64; x64) AppleWebKit/537.36 (KHTML, like Gecko) Chrome/151.0.0.0 Safari/537.36
[2026-08-27T16:59:22.954Z] [HEARTBEAT] Log sync check. Status: OK
[2026-08-27T16:59:23.220Z] [LOG] [HTTP-REQUEST] GET /workflow/state 304 - 0ms - Role: Traveler - IP: 127.0.0.1 - UA: Mozilla/5.0 (Windows NT 10.0; Win64; x64) AppleWebKit/537.36 (KHTML, like Gecko) Chrome/151.0.0.0 Safari/537.36
[2026-08-27T16:59:37.959Z] [HEARTBEAT] Log sync check. Status: OK
[2026-08-27T16:59:38.302Z] [LOG] [HTTP-REQUEST] GET /workflow/state 304 - 2ms - Role: Traveler - IP: 127.0.0.1 - UA: Mozilla/5.0 (Windows NT 10.0; Win64; x64) AppleWebKit/537.36 (KHTML, like Gecko) Chrome/151.0.0.0 Safari/537.36
[2026-08-27T16:59:52.964Z] [HEARTBEAT] Log sync check. Status: OK
[2026-08-27T16:59:53.312Z] [LOG] [HTTP-REQUEST] GET /workflow/state 304 - 0ms - Role: Traveler - IP: 127.0.0.1 - UA: Mozilla/5.0 (Windows NT 10.0; Win64; x64) AppleWebKit/537.36 (KHTML, like Gecko) Chrome/151.0.0.0 Safari/537.36
[2026-08-27T17:00:03.972Z] [LOG] [HTTP-REQUEST] GET /workflow/state 304 - 1ms - Role: Traveler - IP: 127.0.0.1 - UA: Mozilla/5.0 (Windows NT 10.0; Win64; x64) AppleWebKit/537.36 (KHTML, like Gecko) Chrome/151.0.0.0 Safari/537.36
[2026-08-27T17:00:07.976Z] [HEARTBEAT] Log sync check. Status: OK
[2026-08-27T17:00:08.196Z] [LOG] [HTTP-REQUEST] GET /workflow/state 304 - 1ms - Role: Traveler - IP: 127.0.0.1 - UA: Mozilla/5.0 (Windows NT 10.0; Win64; x64) AppleWebKit/537.36 (KHTML, like Gecko) Chrome/151.0.0.0 Safari/537.36
[2026-08-27T17:00:22.980Z] [HEARTBEAT] Log sync check. Status: OK
[2026-08-27T17:00:23.243Z] [LOG] [HTTP-REQUEST] GET /workflow/state 304 - 1ms - Role: Traveler - IP: 127.0.0.1 - UA: Mozilla/5.0 (Windows NT 10.0; Win64; x64) AppleWebKit/537.36 (KHTML, like Gecko) Chrome/151.0.0.0 Safari/537.36
[2026-08-27T17:00:37.995Z] [HEARTBEAT] Log sync check. Status: OK
[2026-08-27T17:00:38.321Z] [LOG] [HTTP-REQUEST] GET /workflow/state 304 - 2ms - Role: Traveler - IP: 127.0.0.1 - UA: Mozilla/5.0 (Windows NT 10.0; Win64; x64) AppleWebKit/537.36 (KHTML, like Gecko) Chrome/151.0.0.0 Safari/537.36
[2026-08-27T17:00:48.157Z] [LOG] [HTTP-REQUEST] GET /workflow/state 304 - 1ms - Role: Traveler - IP: 127.0.0.1 - UA: Mozilla/5.0 (Windows NT 10.0; Win64; x64) AppleWebKit/537.36 (KHTML, like Gecko) Chrome/151.0.0.0 Safari/537.36
[2026-08-27T17:00:53.009Z] [HEARTBEAT] Log sync check. Status: OK
[2026-08-27T17:00:53.348Z] [LOG] [HTTP-REQUEST] GET /workflow/state 304 - 2ms - Role: Traveler - IP: 127.0.0.1 - UA: Mozilla/5.0 (Windows NT 10.0; Win64; x64) AppleWebKit/537.36 (KHTML, like Gecko) Chrome/151.0.0.0 Safari/537.36
[2026-08-27T17:01:08.012Z] [HEARTBEAT] Log sync check. Status: OK
[2026-08-27T17:01:08.273Z] [LOG] [HTTP-REQUEST] GET /workflow/state 304 - 2ms - Role: Traveler - IP: 127.0.0.1 - UA: Mozilla/5.0 (Windows NT 10.0; Win64; x64) AppleWebKit/537.36 (KHTML, like Gecko) Chrome/151.0.0.0 Safari/537.36
[2026-08-27T17:01:22.476Z] [LOG] [HTTP-REQUEST] GET /workflow/state 304 - 1ms - Role: Traveler - IP: 127.0.0.1 - UA: Mozilla/5.0 (Windows NT 10.0; Win64; x64) AppleWebKit/537.36 (KHTML, like Gecko) Chrome/151.0.0.0 Safari/537.36
[2026-08-27T17:01:23.022Z] [HEARTBEAT] Log sync check. Status: OK
[2026-08-27T17:01:23.230Z] [LOG] [HTTP-REQUEST] GET /workflow/state 304 - 2ms - Role: Traveler - IP: 127.0.0.1 - UA: Mozilla/5.0 (Windows NT 10.0; Win64; x64) AppleWebKit/537.36 (KHTML, like Gecko) Chrome/151.0.0.0 Safari/537.36
[2026-08-27T17:01:38.034Z] [HEARTBEAT] Log sync check. Status: OK
[2026-08-27T17:01:38.336Z] [LOG] [HTTP-REQUEST] GET /workflow/state 304 - 2ms - Role: Traveler - IP: 127.0.0.1 - UA: Mozilla/5.0 (Windows NT 10.0; Win64; x64) AppleWebKit/537.36 (KHTML, like Gecko) Chrome/151.0.0.0 Safari/537.36
[2026-08-27T17:01:53.044Z] [HEARTBEAT] Log sync check. Status: OK
[2026-08-27T17:01:53.315Z] [LOG] [HTTP-REQUEST] GET /workflow/state 304 - 1ms - Role: Traveler - IP: 127.0.0.1 - UA: Mozilla/5.0 (Windows NT 10.0; Win64; x64) AppleWebKit/537.36 (KHTML, like Gecko) Chrome/151.0.0.0 Safari/537.36
[2026-08-27T17:01:57.404Z] [LOG] [HTTP-REQUEST] GET /workflow/state 304 - 1ms - Role: Traveler - IP: 127.0.0.1 - UA: Mozilla/5.0 (Windows NT 10.0; Win64; x64) AppleWebKit/537.36 (KHTML, like Gecko) Chrome/151.0.0.0 Safari/537.36
[2026-08-27T17:02:08.053Z] [HEARTBEAT] Log sync check. Status: OK
[2026-08-27T17:02:08.381Z] [LOG] [HTTP-REQUEST] GET /workflow/state 304 - 1ms - Role: Traveler - IP: 127.0.0.1 - UA: Mozilla/5.0 (Windows NT 10.0; Win64; x64) AppleWebKit/537.36 (KHTML, like Gecko) Chrome/151.0.0.0 Safari/537.36
[2026-08-27T17:02:23.057Z] [HEARTBEAT] Log sync check. Status: OK
[2026-08-27T17:02:23.305Z] [LOG] [HTTP-REQUEST] GET /workflow/state 304 - 1ms - Role: Traveler - IP: 127.0.0.1 - UA: Mozilla/5.0 (Windows NT 10.0; Win64; x64) AppleWebKit/537.36 (KHTML, like Gecko) Chrome/151.0.0.0 Safari/537.36
[2026-08-27T17:02:38.065Z] [HEARTBEAT] Log sync check. Status: OK
[2026-08-27T17:02:38.415Z] [LOG] [HTTP-REQUEST] GET /workflow/state 304 - 1ms - Role: Traveler - IP: 127.0.0.1 - UA: Mozilla/5.0 (Windows NT 10.0; Win64; x64) AppleWebKit/537.36 (KHTML, like Gecko) Chrome/151.0.0.0 Safari/537.36
[2026-08-27T17:02:53.067Z] [HEARTBEAT] Log sync check. Status: OK
[2026-08-27T17:02:53.391Z] [LOG] [HTTP-REQUEST] GET /workflow/state 304 - 0ms - Role: Traveler - IP: 127.0.0.1 - UA: Mozilla/5.0 (Windows NT 10.0; Win64; x64) AppleWebKit/537.36 (KHTML, like Gecko) Chrome/151.0.0.0 Safari/537.36
[2026-08-27T17:03:08.068Z] [HEARTBEAT] Log sync check. Status: OK
[2026-08-27T17:03:08.402Z] [LOG] [HTTP-REQUEST] GET /workflow/state 304 - 2ms - Role: Traveler - IP: 127.0.0.1 - UA: Mozilla/5.0 (Windows NT 10.0; Win64; x64) AppleWebKit/537.36 (KHTML, like Gecko) Chrome/151.0.0.0 Safari/537.36
[2026-08-27T17:03:23.074Z] [HEARTBEAT] Log sync check. Status: OK
[2026-08-27T17:03:23.341Z] [LOG] [HTTP-REQUEST] GET /workflow/state 304 - 3ms - Role: Traveler - IP: 127.0.0.1 - UA: Mozilla/5.0 (Windows NT 10.0; Win64; x64) AppleWebKit/537.36 (KHTML, like Gecko) Chrome/151.0.0.0 Safari/537.36
[2026-08-27T17:03:38.085Z] [HEARTBEAT] Log sync check. Status: OK
[2026-08-27T17:03:38.368Z] [LOG] [HTTP-REQUEST] GET /workflow/state 304 - 1ms - Role: Traveler - IP: 127.0.0.1 - UA: Mozilla/5.0 (Windows NT 10.0; Win64; x64) AppleWebKit/537.36 (KHTML, like Gecko) Chrome/151.0.0.0 Safari/537.36
[2026-08-27T17:03:53.093Z] [HEARTBEAT] Log sync check. Status: OK
[2026-08-27T17:03:53.435Z] [LOG] [HTTP-REQUEST] GET /workflow/state 304 - 3ms - Role: Traveler - IP: 127.0.0.1 - UA: Mozilla/5.0 (Windows NT 10.0; Win64; x64) AppleWebKit/537.36 (KHTML, like Gecko) Chrome/151.0.0.0 Safari/537.36
[2026-08-27T17:04:08.107Z] [HEARTBEAT] Log sync check. Status: OK
[2026-08-27T17:04:08.446Z] [LOG] [HTTP-REQUEST] GET /workflow/state 304 - 1ms - Role: Traveler - IP: 127.0.0.1 - UA: Mozilla/5.0 (Windows NT 10.0; Win64; x64) AppleWebKit/537.36 (KHTML, like Gecko) Chrome/151.0.0.0 Safari/537.36
[2026-08-27T17:04:23.119Z] [HEARTBEAT] Log sync check. Status: OK
[2026-08-27T17:04:23.388Z] [LOG] [HTTP-REQUEST] GET /workflow/state 304 - 2ms - Role: Traveler - IP: 127.0.0.1 - UA: Mozilla/5.0 (Windows NT 10.0; Win64; x64) AppleWebKit/537.36 (KHTML, like Gecko) Chrome/151.0.0.0 Safari/537.36
[2026-08-27T17:04:38.120Z] [HEARTBEAT] Log sync check. Status: OK
[2026-08-27T17:04:38.425Z] [LOG] [HTTP-REQUEST] GET /workflow/state 304 - 1ms - Role: Traveler - IP: 127.0.0.1 - UA: Mozilla/5.0 (Windows NT 10.0; Win64; x64) AppleWebKit/537.36 (KHTML, like Gecko) Chrome/151.0.0.0 Safari/537.36
[2026-08-27T17:04:53.124Z] [HEARTBEAT] Log sync check. Status: OK
[2026-08-27T17:04:53.444Z] [LOG] [HTTP-REQUEST] GET /workflow/state 304 - 3ms - Role: Traveler - IP: 127.0.0.1 - UA: Mozilla/5.0 (Windows NT 10.0; Win64; x64) AppleWebKit/537.36 (KHTML, like Gecko) Chrome/151.0.0.0 Safari/537.36
[2026-08-27T17:05:08.137Z] [HEARTBEAT] Log sync check. Status: OK
[2026-08-27T17:05:08.410Z] [LOG] [HTTP-REQUEST] GET /workflow/state 304 - 1ms - Role: Traveler - IP: 127.0.0.1 - UA: Mozilla/5.0 (Windows NT 10.0; Win64; x64) AppleWebKit/537.36 (KHTML, like Gecko) Chrome/151.0.0.0 Safari/537.36
[2026-08-27T17:05:23.139Z] [HEARTBEAT] Log sync check. Status: OK
[2026-08-27T17:05:23.412Z] [LOG] [HTTP-REQUEST] GET /workflow/state 304 - 1ms - Role: Traveler - IP: 127.0.0.1 - UA: Mozilla/5.0 (Windows NT 10.0; Win64; x64) AppleWebKit/537.36 (KHTML, like Gecko) Chrome/151.0.0.0 Safari/537.36
[2026-08-27T17:05:38.144Z] [HEARTBEAT] Log sync check. Status: OK
[2026-08-27T17:05:38.488Z] [LOG] [HTTP-REQUEST] GET /workflow/state 304 - 2ms - Role: Traveler - IP: 127.0.0.1 - UA: Mozilla/5.0 (Windows NT 10.0; Win64; x64) AppleWebKit/537.36 (KHTML, like Gecko) Chrome/151.0.0.0 Safari/537.36
[2026-08-27T17:05:53.151Z] [HEARTBEAT] Log sync check. Status: OK
[2026-08-27T17:05:53.465Z] [LOG] [HTTP-REQUEST] GET /workflow/state 304 - 1ms - Role: Traveler - IP: 127.0.0.1 - UA: Mozilla/5.0 (Windows NT 10.0; Win64; x64) AppleWebKit/537.36 (KHTML, like Gecko) Chrome/151.0.0.0 Safari/537.36
[2026-08-27T17:06:08.157Z] [HEARTBEAT] Log sync check. Status: OK
[2026-08-27T17:06:09.057Z] [LOG] [HTTP-REQUEST] GET /workflow/state 304 - 1ms - Role: Traveler - IP: 127.0.0.1 - UA: Mozilla/5.0 (Windows NT 10.0; Win64; x64) AppleWebKit/537.36 (KHTML, like Gecko) Chrome/151.0.0.0 Safari/537.36
[2026-08-27T17:06:23.158Z] [HEARTBEAT] Log sync check. Status: OK
[2026-08-27T17:06:23.426Z] [LOG] [HTTP-REQUEST] GET /workflow/state 304 - 1ms - Role: Traveler - IP: 127.0.0.1 - UA: Mozilla/5.0 (Windows NT 10.0; Win64; x64) AppleWebKit/537.36 (KHTML, like Gecko) Chrome/151.0.0.0 Safari/537.36
[2026-08-27T17:06:38.167Z] [HEARTBEAT] Log sync check. Status: OK
[2026-08-27T17:06:38.500Z] [LOG] [HTTP-REQUEST] GET /workflow/state 304 - 1ms - Role: Traveler - IP: 127.0.0.1 - UA: Mozilla/5.0 (Windows NT 10.0; Win64; x64) AppleWebKit/537.36 (KHTML, like Gecko) Chrome/151.0.0.0 Safari/537.36
[2026-08-27T17:06:53.175Z] [HEARTBEAT] Log sync check. Status: OK
[2026-08-27T17:06:53.497Z] [LOG] [HTTP-REQUEST] GET /workflow/state 304 - 2ms - Role: Traveler - IP: 127.0.0.1 - UA: Mozilla/5.0 (Windows NT 10.0; Win64; x64) AppleWebKit/537.36 (KHTML, like Gecko) Chrome/151.0.0.0 Safari/537.36
[2026-08-27T17:07:08.182Z] [HEARTBEAT] Log sync check. Status: OK
[2026-08-27T17:07:08.465Z] [LOG] [HTTP-REQUEST] GET /workflow/state 304 - 1ms - Role: Traveler - IP: 127.0.0.1 - UA: Mozilla/5.0 (Windows NT 10.0; Win64; x64) AppleWebKit/537.36 (KHTML, like Gecko) Chrome/151.0.0.0 Safari/537.36
[2026-08-27T17:07:23.198Z] [HEARTBEAT] Log sync check. Status: OK
[2026-08-27T17:07:23.493Z] [LOG] [HTTP-REQUEST] GET /workflow/state 304 - 0ms - Role: Traveler - IP: 127.0.0.1 - UA: Mozilla/5.0 (Windows NT 10.0; Win64; x64) AppleWebKit/537.36 (KHTML, like Gecko) Chrome/151.0.0.0 Safari/537.36
[2026-08-27T17:07:38.208Z] [HEARTBEAT] Log sync check. Status: OK
[2026-08-27T17:07:38.492Z] [LOG] [HTTP-REQUEST] GET /workflow/state 304 - 1ms - Role: Traveler - IP: 127.0.0.1 - UA: Mozilla/5.0 (Windows NT 10.0; Win64; x64) AppleWebKit/537.36 (KHTML, like Gecko) Chrome/151.0.0.0 Safari/537.36
[2026-08-27T17:07:53.221Z] [HEARTBEAT] Log sync check. Status: OK
[2026-08-27T17:07:53.562Z] [LOG] [HTTP-REQUEST] GET /workflow/state 304 - 2ms - Role: Traveler - IP: 127.0.0.1 - UA: Mozilla/5.0 (Windows NT 10.0; Win64; x64) AppleWebKit/537.36 (KHTML, like Gecko) Chrome/151.0.0.0 Safari/537.36
[2026-08-27T17:08:08.233Z] [HEARTBEAT] Log sync check. Status: OK
[2026-08-27T17:08:08.524Z] [LOG] [HTTP-REQUEST] GET /workflow/state 304 - 1ms - Role: Traveler - IP: 127.0.0.1 - UA: Mozilla/5.0 (Windows NT 10.0; Win64; x64) AppleWebKit/537.36 (KHTML, like Gecko) Chrome/151.0.0.0 Safari/537.36
[2026-08-27T17:08:23.241Z] [HEARTBEAT] Log sync check. Status: OK
[2026-08-27T17:08:23.522Z] [LOG] [HTTP-REQUEST] GET /workflow/state 304 - 1ms - Role: Traveler - IP: 127.0.0.1 - UA: Mozilla/5.0 (Windows NT 10.0; Win64; x64) AppleWebKit/537.36 (KHTML, like Gecko) Chrome/151.0.0.0 Safari/537.36
[2026-08-27T17:08:38.243Z] [HEARTBEAT] Log sync check. Status: OK
[2026-08-27T17:08:38.557Z] [LOG] [HTTP-REQUEST] GET /workflow/state 304 - 1ms - Role: Traveler - IP: 127.0.0.1 - UA: Mozilla/5.0 (Windows NT 10.0; Win64; x64) AppleWebKit/537.36 (KHTML, like Gecko) Chrome/151.0.0.0 Safari/537.36
[2026-08-27T17:08:53.259Z] [HEARTBEAT] Log sync check. Status: OK
[2026-08-27T17:08:53.555Z] [LOG] [HTTP-REQUEST] GET /workflow/state 304 - 0ms - Role: Traveler - IP: 127.0.0.1 - UA: Mozilla/5.0 (Windows NT 10.0; Win64; x64) AppleWebKit/537.36 (KHTML, like Gecko) Chrome/151.0.0.0 Safari/537.36
[2026-08-27T17:09:08.265Z] [HEARTBEAT] Log sync check. Status: OK
[2026-08-27T17:09:08.576Z] [LOG] [HTTP-REQUEST] GET /workflow/state 304 - 1ms - Role: Traveler - IP: 127.0.0.1 - UA: Mozilla/5.0 (Windows NT 10.0; Win64; x64) AppleWebKit/537.36 (KHTML, like Gecko) Chrome/151.0.0.0 Safari/537.36
[2026-08-27T17:09:23.268Z] [HEARTBEAT] Log sync check. Status: OK
[2026-08-27T17:09:23.590Z] [LOG] [HTTP-REQUEST] GET /workflow/state 304 - 2ms - Role: Traveler - IP: 127.0.0.1 - UA: Mozilla/5.0 (Windows NT 10.0; Win64; x64) AppleWebKit/537.36 (KHTML, like Gecko) Chrome/151.0.0.0 Safari/537.36
[2026-08-27T17:09:38.281Z] [HEARTBEAT] Log sync check. Status: OK
[2026-08-27T17:09:38.557Z] [LOG] [HTTP-REQUEST] GET /workflow/state 304 - 1ms - Role: Traveler - IP: 127.0.0.1 - UA: Mozilla/5.0 (Windows NT 10.0; Win64; x64) AppleWebKit/537.36 (KHTML, like Gecko) Chrome/151.0.0.0 Safari/537.36
[2026-08-27T17:09:53.293Z] [HEARTBEAT] Log sync check. Status: OK
[2026-08-27T17:09:53.595Z] [LOG] [HTTP-REQUEST] GET /workflow/state 304 - 1ms - Role: Traveler - IP: 127.0.0.1 - UA: Mozilla/5.0 (Windows NT 10.0; Win64; x64) AppleWebKit/537.36 (KHTML, like Gecko) Chrome/151.0.0.0 Safari/537.36
[2026-08-27T17:10:08.298Z] [HEARTBEAT] Log sync check. Status: OK
[2026-08-27T17:10:08.569Z] [LOG] [HTTP-REQUEST] GET /workflow/state 304 - 1ms - Role: Traveler - IP: 127.0.0.1 - UA: Mozilla/5.0 (Windows NT 10.0; Win64; x64) AppleWebKit/537.36 (KHTML, like Gecko) Chrome/151.0.0.0 Safari/537.36
[2026-08-27T17:10:23.302Z] [HEARTBEAT] Log sync check. Status: OK
[2026-08-27T17:10:23.634Z] [LOG] [HTTP-REQUEST] GET /workflow/state 304 - 1ms - Role: Traveler - IP: 127.0.0.1 - UA: Mozilla/5.0 (Windows NT 10.0; Win64; x64) AppleWebKit/537.36 (KHTML, like Gecko) Chrome/151.0.0.0 Safari/537.36
[2026-08-27T17:10:38.306Z] [HEARTBEAT] Log sync check. Status: OK
[2026-08-27T17:10:38.604Z] [LOG] [HTTP-REQUEST] GET /workflow/state 304 - 1ms - Role: Traveler - IP: 127.0.0.1 - UA: Mozilla/5.0 (Windows NT 10.0; Win64; x64) AppleWebKit/537.36 (KHTML, like Gecko) Chrome/151.0.0.0 Safari/537.36
[2026-08-27T17:10:53.307Z] [HEARTBEAT] Log sync check. Status: OK
[2026-08-27T17:10:53.559Z] [LOG] [HTTP-REQUEST] GET /workflow/state 304 - 1ms - Role: Traveler - IP: 127.0.0.1 - UA: Mozilla/5.0 (Windows NT 10.0; Win64; x64) AppleWebKit/537.36 (KHTML, like Gecko) Chrome/151.0.0.0 Safari/537.36
[2026-08-27T17:11:08.317Z] [HEARTBEAT] Log sync check. Status: OK
[2026-08-27T17:11:08.634Z] [LOG] [HTTP-REQUEST] GET /workflow/state 304 - 0ms - Role: Traveler - IP: 127.0.0.1 - UA: Mozilla/5.0 (Windows NT 10.0; Win64; x64) AppleWebKit/537.36 (KHTML, like Gecko) Chrome/151.0.0.0 Safari/537.36
[2026-08-27T17:11:23.323Z] [HEARTBEAT] Log sync check. Status: OK
[2026-08-27T17:11:23.675Z] [LOG] [HTTP-REQUEST] GET /workflow/state 304 - 1ms - Role: Traveler - IP: 127.0.0.1 - UA: Mozilla/5.0 (Windows NT 10.0; Win64; x64) AppleWebKit/537.36 (KHTML, like Gecko) Chrome/151.0.0.0 Safari/537.36
[2026-08-27T17:11:38.338Z] [HEARTBEAT] Log sync check. Status: OK
[2026-08-27T17:11:38.585Z] [LOG] [HTTP-REQUEST] GET /workflow/state 304 - 1ms - Role: Traveler - IP: 127.0.0.1 - UA: Mozilla/5.0 (Windows NT 10.0; Win64; x64) AppleWebKit/537.36 (KHTML, like Gecko) Chrome/151.0.0.0 Safari/537.36
[2026-08-27T17:11:53.353Z] [HEARTBEAT] Log sync check. Status: OK
[2026-08-27T17:11:53.659Z] [LOG] [HTTP-REQUEST] GET /workflow/state 304 - 3ms - Role: Traveler - IP: 127.0.0.1 - UA: Mozilla/5.0 (Windows NT 10.0; Win64; x64) AppleWebKit/537.36 (KHTML, like Gecko) Chrome/151.0.0.0 Safari/537.36
[2026-08-27T17:12:08.357Z] [HEARTBEAT] Log sync check. Status: OK
[2026-08-27T17:12:08.652Z] [LOG] [HTTP-REQUEST] GET /workflow/state 304 - 1ms - Role: Traveler - IP: 127.0.0.1 - UA: Mozilla/5.0 (Windows NT 10.0; Win64; x64) AppleWebKit/537.36 (KHTML, like Gecko) Chrome/151.0.0.0 Safari/537.36
[2026-08-27T17:12:23.363Z] [HEARTBEAT] Log sync check. Status: OK
[2026-08-27T17:12:23.696Z] [LOG] [HTTP-REQUEST] GET /workflow/state 304 - 1ms - Role: Traveler - IP: 127.0.0.1 - UA: Mozilla/5.0 (Windows NT 10.0; Win64; x64) AppleWebKit/537.36 (KHTML, like Gecko) Chrome/151.0.0.0 Safari/537.36
[2026-08-27T17:12:38.373Z] [HEARTBEAT] Log sync check. Status: OK
[2026-08-27T17:12:38.739Z] [LOG] [HTTP-REQUEST] GET /workflow/state 304 - 1ms - Role: Traveler - IP: 127.0.0.1 - UA: Mozilla/5.0 (Windows NT 10.0; Win64; x64) AppleWebKit/537.36 (KHTML, like Gecko) Chrome/151.0.0.0 Safari/537.36
[2026-08-27T17:12:53.385Z] [HEARTBEAT] Log sync check. Status: OK
[2026-08-27T17:12:53.770Z] [LOG] [HTTP-REQUEST] GET /workflow/state 304 - 2ms - Role: Traveler - IP: 127.0.0.1 - UA: Mozilla/5.0 (Windows NT 10.0; Win64; x64) AppleWebKit/537.36 (KHTML, like Gecko) Chrome/151.0.0.0 Safari/537.36
[2026-08-27T17:13:08.092Z] [LOG] [HTTP-REQUEST] GET /workflow/state 200 - 1ms - Role: Traveler - IP: 127.0.0.1 - UA: Mozilla/5.0 (Windows NT; Windows NT 10.0; en-IN) WindowsPowerShell/5.1.26100.9168
[2026-08-27T17:13:08.396Z] [HEARTBEAT] Log sync check. Status: OK
[2026-08-27T17:13:08.713Z] [LOG] [HTTP-REQUEST] GET /workflow/state 304 - 2ms - Role: Traveler - IP: 127.0.0.1 - UA: Mozilla/5.0 (Windows NT 10.0; Win64; x64) AppleWebKit/537.36 (KHTML, like Gecko) Chrome/151.0.0.0 Safari/537.36
[2026-08-27T17:13:23.410Z] [HEARTBEAT] Log sync check. Status: OK
[2026-08-27T17:13:23.677Z] [LOG] [HTTP-REQUEST] GET /workflow/state 304 - 0ms - Role: Traveler - IP: 127.0.0.1 - UA: Mozilla/5.0 (Windows NT 10.0; Win64; x64) AppleWebKit/537.36 (KHTML, like Gecko) Chrome/151.0.0.0 Safari/537.36
[2026-08-27T17:13:38.413Z] [HEARTBEAT] Log sync check. Status: OK
[2026-08-27T17:13:38.738Z] [LOG] [HTTP-REQUEST] GET /workflow/state 304 - 2ms - Role: Traveler - IP: 127.0.0.1 - UA: Mozilla/5.0 (Windows NT 10.0; Win64; x64) AppleWebKit/537.36 (KHTML, like Gecko) Chrome/151.0.0.0 Safari/537.36
[2026-08-27T17:13:53.418Z] [HEARTBEAT] Log sync check. Status: OK
[2026-08-27T17:13:53.708Z] [LOG] [HTTP-REQUEST] GET /workflow/state 304 - 2ms - Role: Traveler - IP: 127.0.0.1 - UA: Mozilla/5.0 (Windows NT 10.0; Win64; x64) AppleWebKit/537.36 (KHTML, like Gecko) Chrome/151.0.0.0 Safari/537.36
[2026-08-27T17:14:08.420Z] [HEARTBEAT] Log sync check. Status: OK
[2026-08-27T17:14:08.744Z] [LOG] [HTTP-REQUEST] GET /workflow/state 304 - 2ms - Role: Traveler - IP: 127.0.0.1 - UA: Mozilla/5.0 (Windows NT 10.0; Win64; x64) AppleWebKit/537.36 (KHTML, like Gecko) Chrome/151.0.0.0 Safari/537.36
[2026-08-27T17:14:23.427Z] [HEARTBEAT] Log sync check. Status: OK
[2026-08-27T17:14:23.750Z] [LOG] [HTTP-REQUEST] GET /workflow/state 304 - 2ms - Role: Traveler - IP: 127.0.0.1 - UA: Mozilla/5.0 (Windows NT 10.0; Win64; x64) AppleWebKit/537.36 (KHTML, like Gecko) Chrome/151.0.0.0 Safari/537.36
[2026-08-27T17:14:38.428Z] [HEARTBEAT] Log sync check. Status: OK
[2026-08-27T17:14:38.783Z] [LOG] [HTTP-REQUEST] GET /workflow/state 304 - 1ms - Role: Traveler - IP: 127.0.0.1 - UA: Mozilla/5.0 (Windows NT 10.0; Win64; x64) AppleWebKit/537.36 (KHTML, like Gecko) Chrome/151.0.0.0 Safari/537.36
[2026-08-27T17:14:53.441Z] [HEARTBEAT] Log sync check. Status: OK
[2026-08-27T17:14:53.773Z] [LOG] [HTTP-REQUEST] GET /workflow/state 304 - 2ms - Role: Traveler - IP: 127.0.0.1 - UA: Mozilla/5.0 (Windows NT 10.0; Win64; x64) AppleWebKit/537.36 (KHTML, like Gecko) Chrome/151.0.0.0 Safari/537.36
[2026-08-27T17:15:08.451Z] [HEARTBEAT] Log sync check. Status: OK
[2026-08-27T17:15:08.810Z] [LOG] [HTTP-REQUEST] GET /workflow/state 304 - 1ms - Role: Traveler - IP: 127.0.0.1 - UA: Mozilla/5.0 (Windows NT 10.0; Win64; x64) AppleWebKit/537.36 (KHTML, like Gecko) Chrome/151.0.0.0 Safari/537.36
[2026-08-27T17:15:23.461Z] [HEARTBEAT] Log sync check. Status: OK
[2026-08-27T17:15:23.760Z] [LOG] [HTTP-REQUEST] GET /workflow/state 304 - 0ms - Role: Traveler - IP: 127.0.0.1 - UA: Mozilla/5.0 (Windows NT 10.0; Win64; x64) AppleWebKit/537.36 (KHTML, like Gecko) Chrome/151.0.0.0 Safari/537.36
[2026-08-27T17:15:38.463Z] [HEARTBEAT] Log sync check. Status: OK
[2026-08-27T17:15:38.734Z] [LOG] [HTTP-REQUEST] GET /workflow/state 304 - 1ms - Role: Traveler - IP: 127.0.0.1 - UA: Mozilla/5.0 (Windows NT 10.0; Win64; x64) AppleWebKit/537.36 (KHTML, like Gecko) Chrome/151.0.0.0 Safari/537.36
[2026-08-27T17:15:53.463Z] [HEARTBEAT] Log sync check. Status: OK
[2026-08-27T17:15:53.777Z] [LOG] [HTTP-REQUEST] GET /workflow/state 304 - 0ms - Role: Traveler - IP: 127.0.0.1 - UA: Mozilla/5.0 (Windows NT 10.0; Win64; x64) AppleWebKit/537.36 (KHTML, like Gecko) Chrome/151.0.0.0 Safari/537.36
[2026-08-27T17:16:08.468Z] [HEARTBEAT] Log sync check. Status: OK
[2026-08-27T17:16:08.726Z] [LOG] [HTTP-REQUEST] GET /workflow/state 304 - 2ms - Role: Traveler - IP: 127.0.0.1 - UA: Mozilla/5.0 (Windows NT 10.0; Win64; x64) AppleWebKit/537.36 (KHTML, like Gecko) Chrome/151.0.0.0 Safari/537.36
[2026-08-27T17:16:23.474Z] [HEARTBEAT] Log sync check. Status: OK
[2026-08-27T17:16:23.798Z] [LOG] [HTTP-REQUEST] GET /workflow/state 304 - 1ms - Role: Traveler - IP: 127.0.0.1 - UA: Mozilla/5.0 (Windows NT 10.0; Win64; x64) AppleWebKit/537.36 (KHTML, like Gecko) Chrome/151.0.0.0 Safari/537.36
[2026-08-27T17:16:38.476Z] [HEARTBEAT] Log sync check. Status: OK
[2026-08-27T17:16:38.811Z] [LOG] [HTTP-REQUEST] GET /workflow/state 304 - 2ms - Role: Traveler - IP: 127.0.0.1 - UA: Mozilla/5.0 (Windows NT 10.0; Win64; x64) AppleWebKit/537.36 (KHTML, like Gecko) Chrome/151.0.0.0 Safari/537.36
[2026-08-27T17:16:53.478Z] [HEARTBEAT] Log sync check. Status: OK
[2026-08-27T17:16:53.827Z] [LOG] [HTTP-REQUEST] GET /workflow/state 304 - 1ms - Role: Traveler - IP: 127.0.0.1 - UA: Mozilla/5.0 (Windows NT 10.0; Win64; x64) AppleWebKit/537.36 (KHTML, like Gecko) Chrome/151.0.0.0 Safari/537.36
[2026-08-27T17:17:08.482Z] [HEARTBEAT] Log sync check. Status: OK
[2026-08-27T17:17:08.713Z] [LOG] [HTTP-REQUEST] GET /workflow/state 304 - 2ms - Role: Traveler - IP: 127.0.0.1 - UA: Mozilla/5.0 (Windows NT 10.0; Win64; x64) AppleWebKit/537.36 (KHTML, like Gecko) Chrome/151.0.0.0 Safari/537.36
[2026-08-27T17:17:23.487Z] [HEARTBEAT] Log sync check. Status: OK
[2026-08-27T17:17:23.816Z] [LOG] [HTTP-REQUEST] GET /workflow/state 304 - 2ms - Role: Traveler - IP: 127.0.0.1 - UA: Mozilla/5.0 (Windows NT 10.0; Win64; x64) AppleWebKit/537.36 (KHTML, like Gecko) Chrome/151.0.0.0 Safari/537.36
[2026-08-27T17:17:38.499Z] [HEARTBEAT] Log sync check. Status: OK
[2026-08-27T17:17:38.746Z] [LOG] [HTTP-REQUEST] GET /workflow/state 304 - 1ms - Role: Traveler - IP: 127.0.0.1 - UA: Mozilla/5.0 (Windows NT 10.0; Win64; x64) AppleWebKit/537.36 (KHTML, like Gecko) Chrome/151.0.0.0 Safari/537.36
[2026-08-27T17:17:53.504Z] [HEARTBEAT] Log sync check. Status: OK
[2026-08-27T17:17:53.716Z] [LOG] [HTTP-REQUEST] GET /workflow/state 304 - 2ms - Role: Traveler - IP: 127.0.0.1 - UA: Mozilla/5.0 (Windows NT 10.0; Win64; x64) AppleWebKit/537.36 (KHTML, like Gecko) Chrome/151.0.0.0 Safari/537.36
[2026-08-27T17:18:08.514Z] [HEARTBEAT] Log sync check. Status: OK
[2026-08-27T17:18:08.825Z] [LOG] [HTTP-REQUEST] GET /workflow/state 304 - 2ms - Role: Traveler - IP: 127.0.0.1 - UA: Mozilla/5.0 (Windows NT 10.0; Win64; x64) AppleWebKit/537.36 (KHTML, like Gecko) Chrome/151.0.0.0 Safari/537.36
[2026-08-27T17:18:17.817Z] [LOG] [HTTP-REQUEST] POST /auth/login 201 - 4ms - Role: Traveler - IP: 127.0.0.1 - UA: Mozilla/5.0 (Windows NT 10.0; Win64; x64) AppleWebKit/537.36 (KHTML, like Gecko) Chrome/151.0.0.0 Safari/537.36
[2026-08-27T17:18:18.385Z] [LOG] [HTTP-REQUEST] GET /workflow/state 304 - 1ms - Role: Travel Partner - IP: 127.0.0.1 - UA: Mozilla/5.0 (Windows NT 10.0; Win64; x64) AppleWebKit/537.36 (KHTML, like Gecko) Chrome/151.0.0.0 Safari/537.36
[2026-08-27T17:18:23.525Z] [HEARTBEAT] Log sync check. Status: OK
[2026-08-27T17:18:23.739Z] [LOG] [HTTP-REQUEST] GET /workflow/state 304 - 0ms - Role: Travel Partner - IP: 127.0.0.1 - UA: Mozilla/5.0 (Windows NT 10.0; Win64; x64) AppleWebKit/537.36 (KHTML, like Gecko) Chrome/151.0.0.0 Safari/537.36
[2026-08-27T17:18:23.801Z] [LOG] [HTTP-REQUEST] GET /workflow/state 304 - 1ms - Role: Travel Partner - IP: 127.0.0.1 - UA: Mozilla/5.0 (Windows NT 10.0; Win64; x64) AppleWebKit/537.36 (KHTML, like Gecko) Chrome/151.0.0.0 Safari/537.36
[2026-08-27T17:18:27.211Z] [LOG] [HTTP-REQUEST] GET /workflow/state 304 - 1ms - Role: Travel Partner - IP: 127.0.0.1 - UA: Mozilla/5.0 (Windows NT 10.0; Win64; x64) AppleWebKit/537.36 (KHTML, like Gecko) Chrome/151.0.0.0 Safari/537.36
[2026-08-27T17:18:38.536Z] [HEARTBEAT] Log sync check. Status: OK
[2026-08-27T17:18:38.885Z] [LOG] [HTTP-REQUEST] GET /workflow/state 304 - 2ms - Role: Travel Partner - IP: 127.0.0.1 - UA: Mozilla/5.0 (Windows NT 10.0; Win64; x64) AppleWebKit/537.36 (KHTML, like Gecko) Chrome/151.0.0.0 Safari/537.36
[2026-08-27T17:18:38.889Z] [LOG] [HTTP-REQUEST] GET /workflow/state 304 - 2ms - Role: Travel Partner - IP: 127.0.0.1 - UA: Mozilla/5.0 (Windows NT 10.0; Win64; x64) AppleWebKit/537.36 (KHTML, like Gecko) Chrome/151.0.0.0 Safari/537.36
[2026-08-27T17:18:53.541Z] [HEARTBEAT] Log sync check. Status: OK
[2026-08-27T17:18:53.878Z] [LOG] [HTTP-REQUEST] GET /workflow/state 304 - 1ms - Role: Travel Partner - IP: 127.0.0.1 - UA: Mozilla/5.0 (Windows NT 10.0; Win64; x64) AppleWebKit/537.36 (KHTML, like Gecko) Chrome/151.0.0.0 Safari/537.36
[2026-08-27T17:18:53.882Z] [LOG] [HTTP-REQUEST] GET /workflow/state 304 - 1ms - Role: Travel Partner - IP: 127.0.0.1 - UA: Mozilla/5.0 (Windows NT 10.0; Win64; x64) AppleWebKit/537.36 (KHTML, like Gecko) Chrome/151.0.0.0 Safari/537.36
[2026-08-27T17:19:08.550Z] [HEARTBEAT] Log sync check. Status: OK
[2026-08-27T17:19:08.833Z] [LOG] [HTTP-REQUEST] GET /workflow/state 304 - 1ms - Role: Travel Partner - IP: 127.0.0.1 - UA: Mozilla/5.0 (Windows NT 10.0; Win64; x64) AppleWebKit/537.36 (KHTML, like Gecko) Chrome/151.0.0.0 Safari/537.36
[2026-08-27T17:19:08.834Z] [LOG] [HTTP-REQUEST] GET /workflow/state 304 - 1ms - Role: Travel Partner - IP: 127.0.0.1 - UA: Mozilla/5.0 (Windows NT 10.0; Win64; x64) AppleWebKit/537.36 (KHTML, like Gecko) Chrome/151.0.0.0 Safari/537.36
[2026-08-27T17:19:23.557Z] [HEARTBEAT] Log sync check. Status: OK
[2026-08-27T17:19:23.780Z] [LOG] [HTTP-REQUEST] GET /workflow/state 304 - 1ms - Role: Travel Partner - IP: 127.0.0.1 - UA: Mozilla/5.0 (Windows NT 10.0; Win64; x64) AppleWebKit/537.36 (KHTML, like Gecko) Chrome/151.0.0.0 Safari/537.36
[2026-08-27T17:19:23.783Z] [LOG] [HTTP-REQUEST] GET /workflow/state 304 - 1ms - Role: Travel Partner - IP: 127.0.0.1 - UA: Mozilla/5.0 (Windows NT 10.0; Win64; x64) AppleWebKit/537.36 (KHTML, like Gecko) Chrome/151.0.0.0 Safari/537.36
[2026-08-27T17:19:38.565Z] [HEARTBEAT] Log sync check. Status: OK
[2026-08-27T17:19:38.836Z] [LOG] [HTTP-REQUEST] GET /workflow/state 304 - 2ms - Role: Travel Partner - IP: 127.0.0.1 - UA: Mozilla/5.0 (Windows NT 10.0; Win64; x64) AppleWebKit/537.36 (KHTML, like Gecko) Chrome/151.0.0.0 Safari/537.36
[2026-08-27T17:19:38.841Z] [LOG] [HTTP-REQUEST] GET /workflow/state 304 - 1ms - Role: Travel Partner - IP: 127.0.0.1 - UA: Mozilla/5.0 (Windows NT 10.0; Win64; x64) AppleWebKit/537.36 (KHTML, like Gecko) Chrome/151.0.0.0 Safari/537.36
[2026-08-27T17:19:53.567Z] [HEARTBEAT] Log sync check. Status: OK
[2026-08-27T17:19:53.790Z] [LOG] [HTTP-REQUEST] GET /workflow/state 304 - 1ms - Role: Travel Partner - IP: 127.0.0.1 - UA: Mozilla/5.0 (Windows NT 10.0; Win64; x64) AppleWebKit/537.36 (KHTML, like Gecko) Chrome/151.0.0.0 Safari/537.36
[2026-08-27T17:19:53.791Z] [LOG] [HTTP-REQUEST] GET /workflow/state 304 - 0ms - Role: Travel Partner - IP: 127.0.0.1 - UA: Mozilla/5.0 (Windows NT 10.0; Win64; x64) AppleWebKit/537.36 (KHTML, like Gecko) Chrome/151.0.0.0 Safari/537.36
[2026-08-27T17:20:06.475Z] [LOG] [HTTP-REQUEST] GET /workflow/state 304 - 2ms - Role: Travel Partner - IP: 127.0.0.1 - UA: Mozilla/5.0 (Windows NT 10.0; Win64; x64) AppleWebKit/537.36 (KHTML, like Gecko) Chrome/151.0.0.0 Safari/537.36
[2026-08-27T17:20:08.579Z] [HEARTBEAT] Log sync check. Status: OK
[2026-08-27T17:20:08.792Z] [LOG] [HTTP-REQUEST] GET /workflow/state 304 - 2ms - Role: Travel Partner - IP: 127.0.0.1 - UA: Mozilla/5.0 (Windows NT 10.0; Win64; x64) AppleWebKit/537.36 (KHTML, like Gecko) Chrome/151.0.0.0 Safari/537.36
[2026-08-27T17:20:08.794Z] [LOG] [HTTP-REQUEST] GET /workflow/state 304 - 1ms - Role: Travel Partner - IP: 127.0.0.1 - UA: Mozilla/5.0 (Windows NT 10.0; Win64; x64) AppleWebKit/537.36 (KHTML, like Gecko) Chrome/151.0.0.0 Safari/537.36
[2026-08-27T17:20:08.803Z] [LOG] [HTTP-REQUEST] GET /workflow/state 304 - 2ms - Role: Travel Partner - IP: 127.0.0.1 - UA: Mozilla/5.0 (Windows NT 10.0; Win64; x64) AppleWebKit/537.36 (KHTML, like Gecko) Chrome/151.0.0.0 Safari/537.36
[2026-08-27T17:20:23.579Z] [HEARTBEAT] Log sync check. Status: OK
[2026-08-27T17:20:23.808Z] [LOG] [HTTP-REQUEST] GET /workflow/state 304 - 1ms - Role: Travel Partner - IP: 127.0.0.1 - UA: Mozilla/5.0 (Windows NT 10.0; Win64; x64) AppleWebKit/537.36 (KHTML, like Gecko) Chrome/151.0.0.0 Safari/537.36
[2026-08-27T17:20:28.780Z] [LOG] [HTTP-REQUEST] POST /auth/login 201 - 4ms - Role: Super User - IP: 127.0.0.1 - UA: Mozilla/5.0 (Windows NT 10.0; Win64; x64) AppleWebKit/537.36 (KHTML, like Gecko) Chrome/151.0.0.0 Safari/537.36
[2026-08-27T17:20:29.181Z] [LOG] [HTTP-REQUEST] GET /workflow/state 304 - 1ms - Role: Tour Guide - IP: 127.0.0.1 - UA: Mozilla/5.0 (Windows NT 10.0; Win64; x64) AppleWebKit/537.36 (KHTML, like Gecko) Chrome/151.0.0.0 Safari/537.36
[2026-08-27T17:20:37.057Z] [LOG] [HTTP-REQUEST] PUT /workflow/state 200 - 17ms - Role: Tour Guide - IP: 127.0.0.1 - UA: Mozilla/5.0 (Windows NT 10.0; Win64; x64) AppleWebKit/537.36 (KHTML, like Gecko) Chrome/151.0.0.0 Safari/537.36
[2026-08-27T17:20:37.272Z] [LOG] [HTTP-REQUEST] GET /workflow/state 200 - 2ms - Role: Tour Guide - IP: 127.0.0.1 - UA: Mozilla/5.0 (Windows NT 10.0; Win64; x64) AppleWebKit/537.36 (KHTML, like Gecko) Chrome/151.0.0.0 Safari/537.36
[2026-08-27T17:20:37.290Z] [LOG] [HTTP-REQUEST] GET /workflow/state 304 - 1ms - Role: Travel Partner - IP: 127.0.0.1 - UA: Mozilla/5.0 (Windows NT 10.0; Win64; x64) AppleWebKit/537.36 (KHTML, like Gecko) Chrome/151.0.0.0 Safari/537.36
[2026-08-27T17:20:38.116Z] [LOG] [HTTP-REQUEST] GET /workflow/state 304 - 1ms - Role: Tour Guide - IP: 127.0.0.1 - UA: Mozilla/5.0 (Windows NT 10.0; Win64; x64) AppleWebKit/537.36 (KHTML, like Gecko) Chrome/151.0.0.0 Safari/537.36
[2026-08-27T17:20:38.131Z] [LOG] [HTTP-REQUEST] GET /workflow/state 304 - 1ms - Role: Travel Partner - IP: 127.0.0.1 - UA: Mozilla/5.0 (Windows NT 10.0; Win64; x64) AppleWebKit/537.36 (KHTML, like Gecko) Chrome/151.0.0.0 Safari/537.36
[2026-08-27T17:20:38.592Z] [HEARTBEAT] Log sync check. Status: OK
[2026-08-27T17:20:38.773Z] [LOG] [HTTP-REQUEST] GET /workflow/state 304 - 2ms - Role: Tour Guide - IP: 127.0.0.1 - UA: Mozilla/5.0 (Windows NT 10.0; Win64; x64) AppleWebKit/537.36 (KHTML, like Gecko) Chrome/151.0.0.0 Safari/537.36
[2026-08-27T17:20:38.786Z] [LOG] [HTTP-REQUEST] GET /workflow/state 304 - 1ms - Role: Travel Partner - IP: 127.0.0.1 - UA: Mozilla/5.0 (Windows NT 10.0; Win64; x64) AppleWebKit/537.36 (KHTML, like Gecko) Chrome/151.0.0.0 Safari/537.36
[2026-08-27T17:20:53.599Z] [HEARTBEAT] Log sync check. Status: OK
[2026-08-27T17:20:53.873Z] [LOG] [HTTP-REQUEST] GET /workflow/state 304 - 2ms - Role: Tour Guide - IP: 127.0.0.1 - UA: Mozilla/5.0 (Windows NT 10.0; Win64; x64) AppleWebKit/537.36 (KHTML, like Gecko) Chrome/151.0.0.0 Safari/537.36
[2026-08-27T17:20:53.876Z] [LOG] [HTTP-REQUEST] GET /workflow/state 304 - 2ms - Role: Travel Partner - IP: 127.0.0.1 - UA: Mozilla/5.0 (Windows NT 10.0; Win64; x64) AppleWebKit/537.36 (KHTML, like Gecko) Chrome/151.0.0.0 Safari/537.36
[2026-08-27T17:21:08.621Z] [HEARTBEAT] Log sync check. Status: OK
[2026-08-27T17:21:08.812Z] [LOG] [HTTP-REQUEST] GET /workflow/state 304 - 2ms - Role: Tour Guide - IP: 127.0.0.1 - UA: Mozilla/5.0 (Windows NT 10.0; Win64; x64) AppleWebKit/537.36 (KHTML, like Gecko) Chrome/151.0.0.0 Safari/537.36
[2026-08-27T17:21:08.826Z] [LOG] [HTTP-REQUEST] GET /workflow/state 304 - 1ms - Role: Travel Partner - IP: 127.0.0.1 - UA: Mozilla/5.0 (Windows NT 10.0; Win64; x64) AppleWebKit/537.36 (KHTML, like Gecko) Chrome/151.0.0.0 Safari/537.36
[2026-08-27T17:21:23.628Z] [HEARTBEAT] Log sync check. Status: OK
[2026-08-27T17:21:23.838Z] [LOG] [HTTP-REQUEST] GET /workflow/state 304 - 2ms - Role: Travel Partner - IP: 127.0.0.1 - UA: Mozilla/5.0 (Windows NT 10.0; Win64; x64) AppleWebKit/537.36 (KHTML, like Gecko) Chrome/151.0.0.0 Safari/537.36
[2026-08-27T17:21:23.841Z] [LOG] [HTTP-REQUEST] GET /workflow/state 304 - 1ms - Role: Tour Guide - IP: 127.0.0.1 - UA: Mozilla/5.0 (Windows NT 10.0; Win64; x64) AppleWebKit/537.36 (KHTML, like Gecko) Chrome/151.0.0.0 Safari/537.36
[2026-08-27T17:21:38.635Z] [HEARTBEAT] Log sync check. Status: OK
[2026-08-27T17:21:38.829Z] [LOG] [HTTP-REQUEST] GET /workflow/state 304 - 1ms - Role: Tour Guide - IP: 127.0.0.1 - UA: Mozilla/5.0 (Windows NT 10.0; Win64; x64) AppleWebKit/537.36 (KHTML, like Gecko) Chrome/151.0.0.0 Safari/537.36
[2026-08-27T17:21:38.838Z] [LOG] [HTTP-REQUEST] GET /workflow/state 304 - 1ms - Role: Travel Partner - IP: 127.0.0.1 - UA: Mozilla/5.0 (Windows NT 10.0; Win64; x64) AppleWebKit/537.36 (KHTML, like Gecko) Chrome/151.0.0.0 Safari/537.36
[2026-08-27T17:21:53.639Z] [HEARTBEAT] Log sync check. Status: OK
[2026-08-27T17:21:53.859Z] [LOG] [HTTP-REQUEST] GET /workflow/state 304 - 1ms - Role: Tour Guide - IP: 127.0.0.1 - UA: Mozilla/5.0 (Windows NT 10.0; Win64; x64) AppleWebKit/537.36 (KHTML, like Gecko) Chrome/151.0.0.0 Safari/537.36
[2026-08-27T17:21:53.871Z] [LOG] [HTTP-REQUEST] GET /workflow/state 304 - 1ms - Role: Travel Partner - IP: 127.0.0.1 - UA: Mozilla/5.0 (Windows NT 10.0; Win64; x64) AppleWebKit/537.36 (KHTML, like Gecko) Chrome/151.0.0.0 Safari/537.36
[2026-08-27T17:22:08.651Z] [HEARTBEAT] Log sync check. Status: OK
[2026-08-27T17:22:09.002Z] [LOG] [HTTP-REQUEST] GET /workflow/state 304 - 1ms - Role: Tour Guide - IP: 127.0.0.1 - UA: Mozilla/5.0 (Windows NT 10.0; Win64; x64) AppleWebKit/537.36 (KHTML, like Gecko) Chrome/151.0.0.0 Safari/537.36
[2026-08-27T17:22:09.004Z] [LOG] [HTTP-REQUEST] GET /workflow/state 304 - 0ms - Role: Travel Partner - IP: 127.0.0.1 - UA: Mozilla/5.0 (Windows NT 10.0; Win64; x64) AppleWebKit/537.36 (KHTML, like Gecko) Chrome/151.0.0.0 Safari/537.36
[2026-08-27T17:22:23.654Z] [HEARTBEAT] Log sync check. Status: OK
[2026-08-27T17:22:24.005Z] [LOG] [HTTP-REQUEST] GET /workflow/state 304 - 1ms - Role: Tour Guide - IP: 127.0.0.1 - UA: Mozilla/5.0 (Windows NT 10.0; Win64; x64) AppleWebKit/537.36 (KHTML, like Gecko) Chrome/151.0.0.0 Safari/537.36
[2026-08-27T17:22:24.008Z] [LOG] [HTTP-REQUEST] GET /workflow/state 304 - 1ms - Role: Travel Partner - IP: 127.0.0.1 - UA: Mozilla/5.0 (Windows NT 10.0; Win64; x64) AppleWebKit/537.36 (KHTML, like Gecko) Chrome/151.0.0.0 Safari/537.36
[2026-08-27T17:22:25.346Z] [WARN] [HTTP-REQUEST] GET /favicon.ico 404 - 2ms - Role: Anonymous - IP: 127.0.0.1 - UA: Mozilla/5.0 (Windows NT 10.0; Win64; x64) AppleWebKit/537.36 (KHTML, like Gecko) Chrome/151.0.0.0 Safari/537.36
[2026-08-27T17:22:25.615Z] [LOG] [HTTP-REQUEST] GET /workflow/state 304 - 1ms - Role: Tour Guide - IP: 127.0.0.1 - UA: Mozilla/5.0 (Windows NT 10.0; Win64; x64) AppleWebKit/537.36 (KHTML, like Gecko) Chrome/151.0.0.0 Safari/537.36
[2026-08-27T17:22:25.632Z] [LOG] [HTTP-REQUEST] GET /workflow/state 304 - 2ms - Role: Travel Partner - IP: 127.0.0.1 - UA: Mozilla/5.0 (Windows NT 10.0; Win64; x64) AppleWebKit/537.36 (KHTML, like Gecko) Chrome/151.0.0.0 Safari/537.36
[2026-08-27T17:22:38.669Z] [HEARTBEAT] Log sync check. Status: OK
[2026-08-27T17:22:39.023Z] [LOG] [HTTP-REQUEST] GET /workflow/state 304 - 2ms - Role: Tour Guide - IP: 127.0.0.1 - UA: Mozilla/5.0 (Windows NT 10.0; Win64; x64) AppleWebKit/537.36 (KHTML, like Gecko) Chrome/151.0.0.0 Safari/537.36
[2026-08-27T17:22:39.028Z] [LOG] [HTTP-REQUEST] GET /workflow/state 304 - 1ms - Role: Travel Partner - IP: 127.0.0.1 - UA: Mozilla/5.0 (Windows NT 10.0; Win64; x64) AppleWebKit/537.36 (KHTML, like Gecko) Chrome/151.0.0.0 Safari/537.36
[2026-08-27T17:22:53.669Z] [HEARTBEAT] Log sync check. Status: OK
[2026-08-27T17:22:54.024Z] [LOG] [HTTP-REQUEST] GET /workflow/state 304 - 2ms - Role: Tour Guide - IP: 127.0.0.1 - UA: Mozilla/5.0 (Windows NT 10.0; Win64; x64) AppleWebKit/537.36 (KHTML, like Gecko) Chrome/151.0.0.0 Safari/537.36
[2026-08-27T17:22:54.031Z] [LOG] [HTTP-REQUEST] GET /workflow/state 304 - 1ms - Role: Travel Partner - IP: 127.0.0.1 - UA: Mozilla/5.0 (Windows NT 10.0; Win64; x64) AppleWebKit/537.36 (KHTML, like Gecko) Chrome/151.0.0.0 Safari/537.36
[2026-08-27T17:23:08.676Z] [HEARTBEAT] Log sync check. Status: OK
[2026-08-27T17:23:08.971Z] [LOG] [HTTP-REQUEST] GET /workflow/state 304 - 1ms - Role: Travel Partner - IP: 127.0.0.1 - UA: Mozilla/5.0 (Windows NT 10.0; Win64; x64) AppleWebKit/537.36 (KHTML, like Gecko) Chrome/151.0.0.0 Safari/537.36
[2026-08-27T17:23:08.974Z] [LOG] [HTTP-REQUEST] GET /workflow/state 304 - 1ms - Role: Tour Guide - IP: 127.0.0.1 - UA: Mozilla/5.0 (Windows NT 10.0; Win64; x64) AppleWebKit/537.36 (KHTML, like Gecko) Chrome/151.0.0.0 Safari/537.36
[2026-08-27T17:23:14.293Z] [LOG] [HTTP-REQUEST] POST /auth/login 201 - 3ms - Role: Tour Guide - IP: 127.0.0.1 - UA: Mozilla/5.0 (Windows NT 10.0; Win64; x64) AppleWebKit/537.36 (KHTML, like Gecko) Chrome/151.0.0.0 Safari/537.36
[2026-08-27T17:23:14.899Z] [LOG] [HTTP-REQUEST] GET /workflow/state 304 - 3ms - Role: Traveler - IP: 127.0.0.1 - UA: Mozilla/5.0 (Windows NT 10.0; Win64; x64) AppleWebKit/537.36 (KHTML, like Gecko) Chrome/151.0.0.0 Safari/537.36
[2026-08-27T17:23:17.439Z] [LOG] [HTTP-REQUEST] POST /auth/login 201 - 2ms - Role: Super User - IP: 127.0.0.1 - UA: Mozilla/5.0 (Windows NT 10.0; Win64; x64) AppleWebKit/537.36 (KHTML, like Gecko) Chrome/151.0.0.0 Safari/537.36
[2026-08-27T17:23:17.836Z] [LOG] [HTTP-REQUEST] GET /workflow/state 200 - 1ms - Role: Traveler - IP: 127.0.0.1 - UA: Mozilla/5.0 (Windows NT 10.0; Win64; x64) AppleWebKit/537.36 (KHTML, like Gecko) Chrome/151.0.0.0 Safari/537.36
[2026-08-27T17:23:19.075Z] [WARN] [HTTP-REQUEST] GET /favicon.ico 404 - 11ms - Role: Anonymous - IP: 127.0.0.1 - UA: Mozilla/5.0 (Windows NT 10.0; Win64; x64) AppleWebKit/537.36 (KHTML, like Gecko) Chrome/151.0.0.0 Safari/537.36
[2026-08-27T17:23:19.350Z] [LOG] [HTTP-REQUEST] GET /workflow/state 304 - 3ms - Role: Traveler - IP: 127.0.0.1 - UA: Mozilla/5.0 (Windows NT 10.0; Win64; x64) AppleWebKit/537.36 (KHTML, like Gecko) Chrome/151.0.0.0 Safari/537.36
[2026-08-27T17:23:19.362Z] [LOG] [HTTP-REQUEST] GET /workflow/state 304 - 5ms - Role: Tour Guide - IP: 127.0.0.1 - UA: Mozilla/5.0 (Windows NT 10.0; Win64; x64) AppleWebKit/537.36 (KHTML, like Gecko) Chrome/151.0.0.0 Safari/537.36
[2026-08-27T17:23:19.364Z] [LOG] [HTTP-REQUEST] GET /workflow/state 304 - 1ms - Role: Travel Partner - IP: 127.0.0.1 - UA: Mozilla/5.0 (Windows NT 10.0; Win64; x64) AppleWebKit/537.36 (KHTML, like Gecko) Chrome/151.0.0.0 Safari/537.36
[2026-08-27T17:23:19.642Z] [LOG] [HTTP-REQUEST] GET /workflow/state 304 - 2ms - Role: Tour Guide - IP: 127.0.0.1 - UA: Mozilla/5.0 (Windows NT 10.0; Win64; x64) AppleWebKit/537.36 (KHTML, like Gecko) Chrome/151.0.0.0 Safari/537.36
[2026-08-27T17:23:19.677Z] [LOG] [HTTP-REQUEST] GET /workflow/state 304 - 1ms - Role: Traveler - IP: 127.0.0.1 - UA: Mozilla/5.0 (Windows NT 10.0; Win64; x64) AppleWebKit/537.36 (KHTML, like Gecko) Chrome/151.0.0.0 Safari/537.36
[2026-08-27T17:23:23.681Z] [HEARTBEAT] Log sync check. Status: OK
[2026-08-27T17:23:23.917Z] [LOG] [HTTP-REQUEST] GET /workflow/state 304 - 1ms - Role: Traveler - IP: 127.0.0.1 - UA: Mozilla/5.0 (Windows NT 10.0; Win64; x64) AppleWebKit/537.36 (KHTML, like Gecko) Chrome/151.0.0.0 Safari/537.36
[2026-08-27T17:23:23.927Z] [LOG] [HTTP-REQUEST] GET /workflow/state 304 - 4ms - Role: Travel Partner - IP: 127.0.0.1 - UA: Mozilla/5.0 (Windows NT 10.0; Win64; x64) AppleWebKit/537.36 (KHTML, like Gecko) Chrome/151.0.0.0 Safari/537.36
[2026-08-27T17:23:23.929Z] [LOG] [HTTP-REQUEST] GET /workflow/state 304 - 1ms - Role: Tour Guide - IP: 127.0.0.1 - UA: Mozilla/5.0 (Windows NT 10.0; Win64; x64) AppleWebKit/537.36 (KHTML, like Gecko) Chrome/151.0.0.0 Safari/537.36
[2026-08-27T17:23:38.695Z] [HEARTBEAT] Log sync check. Status: OK
[2026-08-27T17:23:39.051Z] [LOG] [HTTP-REQUEST] GET /workflow/state 304 - 0ms - Role: Traveler - IP: 127.0.0.1 - UA: Mozilla/5.0 (Windows NT 10.0; Win64; x64) AppleWebKit/537.36 (KHTML, like Gecko) Chrome/151.0.0.0 Safari/537.36
[2026-08-27T17:23:39.062Z] [LOG] [HTTP-REQUEST] GET /workflow/state 304 - 1ms - Role: Tour Guide - IP: 127.0.0.1 - UA: Mozilla/5.0 (Windows NT 10.0; Win64; x64) AppleWebKit/537.36 (KHTML, like Gecko) Chrome/151.0.0.0 Safari/537.36
[2026-08-27T17:23:39.066Z] [LOG] [HTTP-REQUEST] GET /workflow/state 304 - 1ms - Role: Travel Partner - IP: 127.0.0.1 - UA: Mozilla/5.0 (Windows NT 10.0; Win64; x64) AppleWebKit/537.36 (KHTML, like Gecko) Chrome/151.0.0.0 Safari/537.36
[2026-08-27T17:23:53.706Z] [HEARTBEAT] Log sync check. Status: OK
[2026-08-27T17:23:54.054Z] [LOG] [HTTP-REQUEST] GET /workflow/state 304 - 1ms - Role: Traveler - IP: 127.0.0.1 - UA: Mozilla/5.0 (Windows NT 10.0; Win64; x64) AppleWebKit/537.36 (KHTML, like Gecko) Chrome/151.0.0.0 Safari/537.36
[2026-08-27T17:23:54.056Z] [LOG] [HTTP-REQUEST] GET /workflow/state 304 - 1ms - Role: Travel Partner - IP: 127.0.0.1 - UA: Mozilla/5.0 (Windows NT 10.0; Win64; x64) AppleWebKit/537.36 (KHTML, like Gecko) Chrome/151.0.0.0 Safari/537.36
[2026-08-27T17:23:54.059Z] [LOG] [HTTP-REQUEST] GET /workflow/state 304 - 1ms - Role: Tour Guide - IP: 127.0.0.1 - UA: Mozilla/5.0 (Windows NT 10.0; Win64; x64) AppleWebKit/537.36 (KHTML, like Gecko) Chrome/151.0.0.0 Safari/537.36
[2026-08-27T17:24:08.716Z] [HEARTBEAT] Log sync check. Status: OK
[2026-08-27T17:24:09.002Z] [LOG] [HTTP-REQUEST] GET /workflow/state 304 - 1ms - Role: Traveler - IP: 127.0.0.1 - UA: Mozilla/5.0 (Windows NT 10.0; Win64; x64) AppleWebKit/537.36 (KHTML, like Gecko) Chrome/151.0.0.0 Safari/537.36
[2026-08-27T17:24:09.013Z] [LOG] [HTTP-REQUEST] GET /workflow/state 304 - 1ms - Role: Travel Partner - IP: 127.0.0.1 - UA: Mozilla/5.0 (Windows NT 10.0; Win64; x64) AppleWebKit/537.36 (KHTML, like Gecko) Chrome/151.0.0.0 Safari/537.36
[2026-08-27T17:24:09.015Z] [LOG] [HTTP-REQUEST] GET /workflow/state 304 - 1ms - Role: Tour Guide - IP: 127.0.0.1 - UA: Mozilla/5.0 (Windows NT 10.0; Win64; x64) AppleWebKit/537.36 (KHTML, like Gecko) Chrome/151.0.0.0 Safari/537.36
[2026-08-27T17:24:17.162Z] [LOG] [HTTP-REQUEST] GET /workflow/state 304 - 1ms - Role: Traveler - IP: 127.0.0.1 - UA: Mozilla/5.0 (Windows NT 10.0; Win64; x64) AppleWebKit/537.36 (KHTML, like Gecko) Chrome/151.0.0.0 Safari/537.36
[2026-08-27T17:24:23.719Z] [HEARTBEAT] Log sync check. Status: OK
[2026-08-27T17:24:23.999Z] [LOG] [HTTP-REQUEST] GET /workflow/state 304 - 1ms - Role: Traveler - IP: 127.0.0.1 - UA: Mozilla/5.0 (Windows NT 10.0; Win64; x64) AppleWebKit/537.36 (KHTML, like Gecko) Chrome/151.0.0.0 Safari/537.36
[2026-08-27T17:24:24.011Z] [LOG] [HTTP-REQUEST] GET /workflow/state 304 - 1ms - Role: Travel Partner - IP: 127.0.0.1 - UA: Mozilla/5.0 (Windows NT 10.0; Win64; x64) AppleWebKit/537.36 (KHTML, like Gecko) Chrome/151.0.0.0 Safari/537.36
[2026-08-27T17:24:24.014Z] [LOG] [HTTP-REQUEST] GET /workflow/state 304 - 1ms - Role: Tour Guide - IP: 127.0.0.1 - UA: Mozilla/5.0 (Windows NT 10.0; Win64; x64) AppleWebKit/537.36 (KHTML, like Gecko) Chrome/151.0.0.0 Safari/537.36
[2026-08-27T17:24:38.734Z] [HEARTBEAT] Log sync check. Status: OK
[2026-08-27T17:24:39.082Z] [LOG] [HTTP-REQUEST] GET /workflow/state 304 - 1ms - Role: Traveler - IP: 127.0.0.1 - UA: Mozilla/5.0 (Windows NT 10.0; Win64; x64) AppleWebKit/537.36 (KHTML, like Gecko) Chrome/151.0.0.0 Safari/537.36
[2026-08-27T17:24:39.085Z] [LOG] [HTTP-REQUEST] GET /workflow/state 304 - 1ms - Role: Travel Partner - IP: 127.0.0.1 - UA: Mozilla/5.0 (Windows NT 10.0; Win64; x64) AppleWebKit/537.36 (KHTML, like Gecko) Chrome/151.0.0.0 Safari/537.36
[2026-08-27T17:24:39.086Z] [LOG] [HTTP-REQUEST] GET /workflow/state 304 - 0ms - Role: Tour Guide - IP: 127.0.0.1 - UA: Mozilla/5.0 (Windows NT 10.0; Win64; x64) AppleWebKit/537.36 (KHTML, like Gecko) Chrome/151.0.0.0 Safari/537.36
[2026-08-27T17:24:53.735Z] [HEARTBEAT] Log sync check. Status: OK
[2026-08-27T17:24:54.129Z] [LOG] [HTTP-REQUEST] GET /workflow/state 304 - 2ms - Role: Tour Guide - IP: 127.0.0.1 - UA: Mozilla/5.0 (Windows NT 10.0; Win64; x64) AppleWebKit/537.36 (KHTML, like Gecko) Chrome/151.0.0.0 Safari/537.36
[2026-08-27T17:24:54.131Z] [LOG] [HTTP-REQUEST] GET /workflow/state 304 - 1ms - Role: Traveler - IP: 127.0.0.1 - UA: Mozilla/5.0 (Windows NT 10.0; Win64; x64) AppleWebKit/537.36 (KHTML, like Gecko) Chrome/151.0.0.0 Safari/537.36
[2026-08-27T17:24:54.133Z] [LOG] [HTTP-REQUEST] GET /workflow/state 304 - 0ms - Role: Travel Partner - IP: 127.0.0.1 - UA: Mozilla/5.0 (Windows NT 10.0; Win64; x64) AppleWebKit/537.36 (KHTML, like Gecko) Chrome/151.0.0.0 Safari/537.36
[2026-08-27T17:25:08.742Z] [HEARTBEAT] Log sync check. Status: OK
[2026-08-27T17:25:09.144Z] [LOG] [HTTP-REQUEST] GET /workflow/state 304 - 1ms - Role: Traveler - IP: 127.0.0.1 - UA: Mozilla/5.0 (Windows NT 10.0; Win64; x64) AppleWebKit/537.36 (KHTML, like Gecko) Chrome/151.0.0.0 Safari/537.36
[2026-08-27T17:25:09.147Z] [LOG] [HTTP-REQUEST] GET /workflow/state 304 - 1ms - Role: Travel Partner - IP: 127.0.0.1 - UA: Mozilla/5.0 (Windows NT 10.0; Win64; x64) AppleWebKit/537.36 (KHTML, like Gecko) Chrome/151.0.0.0 Safari/537.36
[2026-08-27T17:25:09.151Z] [LOG] [HTTP-REQUEST] GET /workflow/state 304 - 1ms - Role: Tour Guide - IP: 127.0.0.1 - UA: Mozilla/5.0 (Windows NT 10.0; Win64; x64) AppleWebKit/537.36 (KHTML, like Gecko) Chrome/151.0.0.0 Safari/537.36
[2026-08-27T17:25:23.744Z] [HEARTBEAT] Log sync check. Status: OK
[2026-08-27T17:25:24.095Z] [LOG] [HTTP-REQUEST] GET /workflow/state 304 - 1ms - Role: Tour Guide - IP: 127.0.0.1 - UA: Mozilla/5.0 (Windows NT 10.0; Win64; x64) AppleWebKit/537.36 (KHTML, like Gecko) Chrome/151.0.0.0 Safari/537.36
[2026-08-27T17:25:24.098Z] [LOG] [HTTP-REQUEST] GET /workflow/state 304 - 1ms - Role: Travel Partner - IP: 127.0.0.1 - UA: Mozilla/5.0 (Windows NT 10.0; Win64; x64) AppleWebKit/537.36 (KHTML, like Gecko) Chrome/151.0.0.0 Safari/537.36
[2026-08-27T17:25:24.100Z] [LOG] [HTTP-REQUEST] GET /workflow/state 304 - 1ms - Role: Traveler - IP: 127.0.0.1 - UA: Mozilla/5.0 (Windows NT 10.0; Win64; x64) AppleWebKit/537.36 (KHTML, like Gecko) Chrome/151.0.0.0 Safari/537.36
[2026-08-27T17:25:28.873Z] [LOG] [HTTP-REQUEST] GET /workflow/state 304 - 2ms - Role: Traveler - IP: 127.0.0.1 - UA: Mozilla/5.0 (Windows NT 10.0; Win64; x64) AppleWebKit/537.36 (KHTML, like Gecko) Chrome/151.0.0.0 Safari/537.36
[2026-08-27T17:25:28.875Z] [LOG] [HTTP-REQUEST] GET /workflow/state 304 - 1ms - Role: Travel Partner - IP: 127.0.0.1 - UA: Mozilla/5.0 (Windows NT 10.0; Win64; x64) AppleWebKit/537.36 (KHTML, like Gecko) Chrome/151.0.0.0 Safari/537.36
[2026-08-27T17:25:28.894Z] [LOG] [HTTP-REQUEST] GET /workflow/state 304 - 2ms - Role: Tour Guide - IP: 127.0.0.1 - UA: Mozilla/5.0 (Windows NT 10.0; Win64; x64) AppleWebKit/537.36 (KHTML, like Gecko) Chrome/151.0.0.0 Safari/537.36
[2026-08-27T17:25:38.751Z] [HEARTBEAT] Log sync check. Status: OK
[2026-08-27T17:25:39.129Z] [LOG] [HTTP-REQUEST] GET /workflow/state 304 - 1ms - Role: Travel Partner - IP: 127.0.0.1 - UA: Mozilla/5.0 (Windows NT 10.0; Win64; x64) AppleWebKit/537.36 (KHTML, like Gecko) Chrome/151.0.0.0 Safari/537.36
[2026-08-27T17:25:39.133Z] [LOG] [HTTP-REQUEST] GET /workflow/state 304 - 2ms - Role: Traveler - IP: 127.0.0.1 - UA: Mozilla/5.0 (Windows NT 10.0; Win64; x64) AppleWebKit/537.36 (KHTML, like Gecko) Chrome/151.0.0.0 Safari/537.36
[2026-08-27T17:25:39.135Z] [LOG] [HTTP-REQUEST] GET /workflow/state 304 - 1ms - Role: Tour Guide - IP: 127.0.0.1 - UA: Mozilla/5.0 (Windows NT 10.0; Win64; x64) AppleWebKit/537.36 (KHTML, like Gecko) Chrome/151.0.0.0 Safari/537.36
[2026-08-27T17:25:53.757Z] [HEARTBEAT] Log sync check. Status: OK
[2026-08-27T17:25:54.037Z] [LOG] [HTTP-REQUEST] GET /workflow/state 304 - 2ms - Role: Tour Guide - IP: 127.0.0.1 - UA: Mozilla/5.0 (Windows NT 10.0; Win64; x64) AppleWebKit/537.36 (KHTML, like Gecko) Chrome/151.0.0.0 Safari/537.36
[2026-08-27T17:25:54.040Z] [LOG] [HTTP-REQUEST] GET /workflow/state 304 - 1ms - Role: Travel Partner - IP: 127.0.0.1 - UA: Mozilla/5.0 (Windows NT 10.0; Win64; x64) AppleWebKit/537.36 (KHTML, like Gecko) Chrome/151.0.0.0 Safari/537.36
[2026-08-27T17:25:54.043Z] [LOG] [HTTP-REQUEST] GET /workflow/state 304 - 1ms - Role: Traveler - IP: 127.0.0.1 - UA: Mozilla/5.0 (Windows NT 10.0; Win64; x64) AppleWebKit/537.36 (KHTML, like Gecko) Chrome/151.0.0.0 Safari/537.36
[2026-08-27T17:26:08.761Z] [HEARTBEAT] Log sync check. Status: OK
[2026-08-27T17:26:09.105Z] [LOG] [HTTP-REQUEST] GET /workflow/state 304 - 2ms - Role: Tour Guide - IP: 127.0.0.1 - UA: Mozilla/5.0 (Windows NT 10.0; Win64; x64) AppleWebKit/537.36 (KHTML, like Gecko) Chrome/151.0.0.0 Safari/537.36
[2026-08-27T17:26:09.107Z] [LOG] [HTTP-REQUEST] GET /workflow/state 304 - 0ms - Role: Traveler - IP: 127.0.0.1 - UA: Mozilla/5.0 (Windows NT 10.0; Win64; x64) AppleWebKit/537.36 (KHTML, like Gecko) Chrome/151.0.0.0 Safari/537.36
[2026-08-27T17:26:09.109Z] [LOG] [HTTP-REQUEST] GET /workflow/state 304 - 1ms - Role: Travel Partner - IP: 127.0.0.1 - UA: Mozilla/5.0 (Windows NT 10.0; Win64; x64) AppleWebKit/537.36 (KHTML, like Gecko) Chrome/151.0.0.0 Safari/537.36
[2026-08-27T17:26:23.769Z] [HEARTBEAT] Log sync check. Status: OK
[2026-08-27T17:26:24.126Z] [LOG] [HTTP-REQUEST] GET /workflow/state 304 - 2ms - Role: Tour Guide - IP: 127.0.0.1 - UA: Mozilla/5.0 (Windows NT 10.0; Win64; x64) AppleWebKit/537.36 (KHTML, like Gecko) Chrome/151.0.0.0 Safari/537.36
[2026-08-27T17:26:24.129Z] [LOG] [HTTP-REQUEST] GET /workflow/state 304 - 1ms - Role: Travel Partner - IP: 127.0.0.1 - UA: Mozilla/5.0 (Windows NT 10.0; Win64; x64) AppleWebKit/537.36 (KHTML, like Gecko) Chrome/151.0.0.0 Safari/537.36
[2026-08-27T17:26:24.132Z] [LOG] [HTTP-REQUEST] GET /workflow/state 304 - 1ms - Role: Traveler - IP: 127.0.0.1 - UA: Mozilla/5.0 (Windows NT 10.0; Win64; x64) AppleWebKit/537.36 (KHTML, like Gecko) Chrome/151.0.0.0 Safari/537.36
[2026-08-27T17:26:38.783Z] [HEARTBEAT] Log sync check. Status: OK
[2026-08-27T17:26:39.192Z] [LOG] [HTTP-REQUEST] GET /workflow/state 304 - 1ms - Role: Travel Partner - IP: 127.0.0.1 - UA: Mozilla/5.0 (Windows NT 10.0; Win64; x64) AppleWebKit/537.36 (KHTML, like Gecko) Chrome/151.0.0.0 Safari/537.36
[2026-08-27T17:26:39.193Z] [LOG] [HTTP-REQUEST] GET /workflow/state 304 - 1ms - Role: Traveler - IP: 127.0.0.1 - UA: Mozilla/5.0 (Windows NT 10.0; Win64; x64) AppleWebKit/537.36 (KHTML, like Gecko) Chrome/151.0.0.0 Safari/537.36
[2026-08-27T17:26:39.196Z] [LOG] [HTTP-REQUEST] GET /workflow/state 304 - 2ms - Role: Tour Guide - IP: 127.0.0.1 - UA: Mozilla/5.0 (Windows NT 10.0; Win64; x64) AppleWebKit/537.36 (KHTML, like Gecko) Chrome/151.0.0.0 Safari/537.36
[2026-08-27T17:26:53.790Z] [HEARTBEAT] Log sync check. Status: OK
[2026-08-27T17:26:54.023Z] [LOG] [HTTP-REQUEST] GET /workflow/state 304 - 1ms - Role: Traveler - IP: 127.0.0.1 - UA: Mozilla/5.0 (Windows NT 10.0; Win64; x64) AppleWebKit/537.36 (KHTML, like Gecko) Chrome/151.0.0.0 Safari/537.36
[2026-08-27T17:26:54.036Z] [LOG] [HTTP-REQUEST] GET /workflow/state 304 - 2ms - Role: Tour Guide - IP: 127.0.0.1 - UA: Mozilla/5.0 (Windows NT 10.0; Win64; x64) AppleWebKit/537.36 (KHTML, like Gecko) Chrome/151.0.0.0 Safari/537.36
[2026-08-27T17:26:54.044Z] [LOG] [HTTP-REQUEST] GET /workflow/state 304 - 1ms - Role: Travel Partner - IP: 127.0.0.1 - UA: Mozilla/5.0 (Windows NT 10.0; Win64; x64) AppleWebKit/537.36 (KHTML, like Gecko) Chrome/151.0.0.0 Safari/537.36
[2026-08-27T17:26:58.516Z] [LOG] [HTTP-REQUEST] PUT /workflow/state 200 - 12ms - Role: Traveler - IP: 127.0.0.1 - UA: Mozilla/5.0 (Windows NT 10.0; Win64; x64) AppleWebKit/537.36 (KHTML, like Gecko) Chrome/151.0.0.0 Safari/537.36
[2026-08-27T17:26:58.694Z] [LOG] [HTTP-REQUEST] GET /workflow/state 200 - 1ms - Role: Traveler - IP: 127.0.0.1 - UA: Mozilla/5.0 (Windows NT 10.0; Win64; x64) AppleWebKit/537.36 (KHTML, like Gecko) Chrome/151.0.0.0 Safari/537.36
[2026-08-27T17:26:58.709Z] [LOG] [HTTP-REQUEST] GET /workflow/state 304 - 1ms - Role: Travel Partner - IP: 127.0.0.1 - UA: Mozilla/5.0 (Windows NT 10.0; Win64; x64) AppleWebKit/537.36 (KHTML, like Gecko) Chrome/151.0.0.0 Safari/537.36
[2026-08-27T17:26:58.713Z] [LOG] [HTTP-REQUEST] GET /workflow/state 304 - 2ms - Role: Tour Guide - IP: 127.0.0.1 - UA: Mozilla/5.0 (Windows NT 10.0; Win64; x64) AppleWebKit/537.36 (KHTML, like Gecko) Chrome/151.0.0.0 Safari/537.36
[2026-08-27T17:26:59.683Z] [LOG] [HTTP-REQUEST] GET /workflow/state 304 - 2ms - Role: Traveler - IP: 127.0.0.1 - UA: Mozilla/5.0 (Windows NT 10.0; Win64; x64) AppleWebKit/537.36 (KHTML, like Gecko) Chrome/151.0.0.0 Safari/537.36
[2026-08-27T17:26:59.691Z] [LOG] [HTTP-REQUEST] GET /workflow/state 304 - 2ms - Role: Tour Guide - IP: 127.0.0.1 - UA: Mozilla/5.0 (Windows NT 10.0; Win64; x64) AppleWebKit/537.36 (KHTML, like Gecko) Chrome/151.0.0.0 Safari/537.36
[2026-08-27T17:26:59.696Z] [LOG] [HTTP-REQUEST] GET /workflow/state 304 - 2ms - Role: Travel Partner - IP: 127.0.0.1 - UA: Mozilla/5.0 (Windows NT 10.0; Win64; x64) AppleWebKit/537.36 (KHTML, like Gecko) Chrome/151.0.0.0 Safari/537.36
[2026-08-27T17:26:59.894Z] [LOG] [HTTP-REQUEST] GET /workflow/state 304 - 1ms - Role: Traveler - IP: 127.0.0.1 - UA: Mozilla/5.0 (Windows NT 10.0; Win64; x64) AppleWebKit/537.36 (KHTML, like Gecko) Chrome/151.0.0.0 Safari/537.36
[2026-08-27T17:26:59.910Z] [LOG] [HTTP-REQUEST] GET /workflow/state 304 - 1ms - Role: Tour Guide - IP: 127.0.0.1 - UA: Mozilla/5.0 (Windows NT 10.0; Win64; x64) AppleWebKit/537.36 (KHTML, like Gecko) Chrome/151.0.0.0 Safari/537.36
[2026-08-27T17:26:59.913Z] [LOG] [HTTP-REQUEST] GET /workflow/state 304 - 1ms - Role: Travel Partner - IP: 127.0.0.1 - UA: Mozilla/5.0 (Windows NT 10.0; Win64; x64) AppleWebKit/537.36 (KHTML, like Gecko) Chrome/151.0.0.0 Safari/537.36
[2026-08-27T17:27:05.354Z] [LOG] [HTTP-REQUEST] GET /workflow/state 304 - 1ms - Role: Travel Partner - IP: 127.0.0.1 - UA: Mozilla/5.0 (Windows NT 10.0; Win64; x64) AppleWebKit/537.36 (KHTML, like Gecko) Chrome/151.0.0.0 Safari/537.36
[2026-08-27T17:27:08.801Z] [HEARTBEAT] Log sync check. Status: OK
[2026-08-27T17:27:09.010Z] [LOG] [HTTP-REQUEST] GET /workflow/state 304 - 2ms - Role: Travel Partner - IP: 127.0.0.1 - UA: Mozilla/5.0 (Windows NT 10.0; Win64; x64) AppleWebKit/537.36 (KHTML, like Gecko) Chrome/151.0.0.0 Safari/537.36
[2026-08-27T17:27:09.025Z] [LOG] [HTTP-REQUEST] GET /workflow/state 304 - 4ms - Role: Tour Guide - IP: 127.0.0.1 - UA: Mozilla/5.0 (Windows NT 10.0; Win64; x64) AppleWebKit/537.36 (KHTML, like Gecko) Chrome/151.0.0.0 Safari/537.36
[2026-08-27T17:27:09.030Z] [LOG] [HTTP-REQUEST] GET /workflow/state 304 - 1ms - Role: Traveler - IP: 127.0.0.1 - UA: Mozilla/5.0 (Windows NT 10.0; Win64; x64) AppleWebKit/537.36 (KHTML, like Gecko) Chrome/151.0.0.0 Safari/537.36
[2026-08-27T17:27:11.994Z] [LOG] [HTTP-REQUEST] GET /workflow/state 304 - 1ms - Role: Travel Partner - IP: 127.0.0.1 - UA: Mozilla/5.0 (Windows NT 10.0; Win64; x64) AppleWebKit/537.36 (KHTML, like Gecko) Chrome/151.0.0.0 Safari/537.36
[2026-08-27T17:27:23.802Z] [HEARTBEAT] Log sync check. Status: OK
[2026-08-27T17:27:24.049Z] [LOG] [HTTP-REQUEST] GET /workflow/state 304 - 2ms - Role: Tour Guide - IP: 127.0.0.1 - UA: Mozilla/5.0 (Windows NT 10.0; Win64; x64) AppleWebKit/537.36 (KHTML, like Gecko) Chrome/151.0.0.0 Safari/537.36
[2026-08-27T17:27:24.057Z] [LOG] [HTTP-REQUEST] GET /workflow/state 304 - 1ms - Role: Travel Partner - IP: 127.0.0.1 - UA: Mozilla/5.0 (Windows NT 10.0; Win64; x64) AppleWebKit/537.36 (KHTML, like Gecko) Chrome/151.0.0.0 Safari/537.36
[2026-08-27T17:27:24.066Z] [LOG] [HTTP-REQUEST] GET /workflow/state 304 - 1ms - Role: Traveler - IP: 127.0.0.1 - UA: Mozilla/5.0 (Windows NT 10.0; Win64; x64) AppleWebKit/537.36 (KHTML, like Gecko) Chrome/151.0.0.0 Safari/537.36
[2026-08-27T17:27:26.880Z] [LOG] [HTTP-REQUEST] GET /workflow/state 304 - 1ms - Role: Travel Partner - IP: 127.0.0.1 - UA: Mozilla/5.0 (Windows NT 10.0; Win64; x64) AppleWebKit/537.36 (KHTML, like Gecko) Chrome/151.0.0.0 Safari/537.36
[2026-08-27T17:27:32.538Z] [LOG] [HTTP-REQUEST] GET /workflow/state 304 - 1ms - Role: Travel Partner - IP: 127.0.0.1 - UA: Mozilla/5.0 (Windows NT 10.0; Win64; x64) AppleWebKit/537.36 (KHTML, like Gecko) Chrome/151.0.0.0 Safari/537.36
[2026-08-27T17:27:38.813Z] [HEARTBEAT] Log sync check. Status: OK
[2026-08-27T17:27:39.047Z] [LOG] [HTTP-REQUEST] GET /workflow/state 304 - 2ms - Role: Tour Guide - IP: 127.0.0.1 - UA: Mozilla/5.0 (Windows NT 10.0; Win64; x64) AppleWebKit/537.36 (KHTML, like Gecko) Chrome/151.0.0.0 Safari/537.36
[2026-08-27T17:27:39.050Z] [LOG] [HTTP-REQUEST] GET /workflow/state 304 - 2ms - Role: Traveler - IP: 127.0.0.1 - UA: Mozilla/5.0 (Windows NT 10.0; Win64; x64) AppleWebKit/537.36 (KHTML, like Gecko) Chrome/151.0.0.0 Safari/537.36
[2026-08-27T17:27:40.937Z] [LOG] [HTTP-REQUEST] GET /workflow/state 304 - 2ms - Role: Travel Partner - IP: 127.0.0.1 - UA: Mozilla/5.0 (Windows NT 10.0; Win64; x64) AppleWebKit/537.36 (KHTML, like Gecko) Chrome/151.0.0.0 Safari/537.36
[2026-08-27T17:27:53.821Z] [HEARTBEAT] Log sync check. Status: OK
[2026-08-27T17:27:54.221Z] [LOG] [HTTP-REQUEST] GET /workflow/state 304 - 2ms - Role: Tour Guide - IP: 127.0.0.1 - UA: Mozilla/5.0 (Windows NT 10.0; Win64; x64) AppleWebKit/537.36 (KHTML, like Gecko) Chrome/151.0.0.0 Safari/537.36
[2026-08-27T17:27:54.223Z] [LOG] [HTTP-REQUEST] GET /workflow/state 304 - 1ms - Role: Traveler - IP: 127.0.0.1 - UA: Mozilla/5.0 (Windows NT 10.0; Win64; x64) AppleWebKit/537.36 (KHTML, like Gecko) Chrome/151.0.0.0 Safari/537.36
[2026-08-27T17:27:54.225Z] [LOG] [HTTP-REQUEST] GET /workflow/state 304 - 1ms - Role: Travel Partner - IP: 127.0.0.1 - UA: Mozilla/5.0 (Windows NT 10.0; Win64; x64) AppleWebKit/537.36 (KHTML, like Gecko) Chrome/151.0.0.0 Safari/537.36
[2026-08-27T17:28:08.826Z] [HEARTBEAT] Log sync check. Status: OK
[2026-08-27T17:28:09.207Z] [LOG] [HTTP-REQUEST] GET /workflow/state 304 - 1ms - Role: Travel Partner - IP: 127.0.0.1 - UA: Mozilla/5.0 (Windows NT 10.0; Win64; x64) AppleWebKit/537.36 (KHTML, like Gecko) Chrome/151.0.0.0 Safari/537.36
[2026-08-27T17:28:09.209Z] [LOG] [HTTP-REQUEST] GET /workflow/state 304 - 1ms - Role: Tour Guide - IP: 127.0.0.1 - UA: Mozilla/5.0 (Windows NT 10.0; Win64; x64) AppleWebKit/537.36 (KHTML, like Gecko) Chrome/151.0.0.0 Safari/537.36
[2026-08-27T17:28:09.211Z] [LOG] [HTTP-REQUEST] GET /workflow/state 304 - 1ms - Role: Traveler - IP: 127.0.0.1 - UA: Mozilla/5.0 (Windows NT 10.0; Win64; x64) AppleWebKit/537.36 (KHTML, like Gecko) Chrome/151.0.0.0 Safari/537.36
[2026-08-27T17:28:23.829Z] [HEARTBEAT] Log sync check. Status: OK
[2026-08-27T17:28:24.204Z] [LOG] [HTTP-REQUEST] GET /workflow/state 304 - 3ms - Role: Tour Guide - IP: 127.0.0.1 - UA: Mozilla/5.0 (Windows NT 10.0; Win64; x64) AppleWebKit/537.36 (KHTML, like Gecko) Chrome/151.0.0.0 Safari/537.36
[2026-08-27T17:28:24.207Z] [LOG] [HTTP-REQUEST] GET /workflow/state 304 - 1ms - Role: Travel Partner - IP: 127.0.0.1 - UA: Mozilla/5.0 (Windows NT 10.0; Win64; x64) AppleWebKit/537.36 (KHTML, like Gecko) Chrome/151.0.0.0 Safari/537.36
[2026-08-27T17:28:24.209Z] [LOG] [HTTP-REQUEST] GET /workflow/state 304 - 1ms - Role: Traveler - IP: 127.0.0.1 - UA: Mozilla/5.0 (Windows NT 10.0; Win64; x64) AppleWebKit/537.36 (KHTML, like Gecko) Chrome/151.0.0.0 Safari/537.36
[2026-08-27T17:28:38.840Z] [HEARTBEAT] Log sync check. Status: OK
[2026-08-27T17:28:39.209Z] [LOG] [HTTP-REQUEST] GET /workflow/state 304 - 2ms - Role: Tour Guide - IP: 127.0.0.1 - UA: Mozilla/5.0 (Windows NT 10.0; Win64; x64) AppleWebKit/537.36 (KHTML, like Gecko) Chrome/151.0.0.0 Safari/537.36
[2026-08-27T17:28:39.212Z] [LOG] [HTTP-REQUEST] GET /workflow/state 304 - 1ms - Role: Traveler - IP: 127.0.0.1 - UA: Mozilla/5.0 (Windows NT 10.0; Win64; x64) AppleWebKit/537.36 (KHTML, like Gecko) Chrome/151.0.0.0 Safari/537.36
[2026-08-27T17:28:39.226Z] [LOG] [HTTP-REQUEST] GET /workflow/state 304 - 1ms - Role: Travel Partner - IP: 127.0.0.1 - UA: Mozilla/5.0 (Windows NT 10.0; Win64; x64) AppleWebKit/537.36 (KHTML, like Gecko) Chrome/151.0.0.0 Safari/537.36
[2026-08-27T17:28:40.061Z] [LOG] [HTTP-REQUEST] GET /workflow/state 304 - 2ms - Role: Tour Guide - IP: 127.0.0.1 - UA: Mozilla/5.0 (Windows NT 10.0; Win64; x64) AppleWebKit/537.36 (KHTML, like Gecko) Chrome/151.0.0.0 Safari/537.36
[2026-08-27T17:28:40.064Z] [LOG] [HTTP-REQUEST] GET /workflow/state 304 - 1ms - Role: Traveler - IP: 127.0.0.1 - UA: Mozilla/5.0 (Windows NT 10.0; Win64; x64) AppleWebKit/537.36 (KHTML, like Gecko) Chrome/151.0.0.0 Safari/537.36
[2026-08-27T17:28:40.066Z] [LOG] [HTTP-REQUEST] GET /workflow/state 304 - 0ms - Role: Travel Partner - IP: 127.0.0.1 - UA: Mozilla/5.0 (Windows NT 10.0; Win64; x64) AppleWebKit/537.36 (KHTML, like Gecko) Chrome/151.0.0.0 Safari/537.36
[2026-08-27T17:28:45.905Z] [LOG] [HTTP-REQUEST] GET /workflow/state 304 - 0ms - Role: Tour Guide - IP: 127.0.0.1 - UA: Mozilla/5.0 (Windows NT 10.0; Win64; x64) AppleWebKit/537.36 (KHTML, like Gecko) Chrome/151.0.0.0 Safari/537.36
[2026-08-27T17:28:45.911Z] [LOG] [HTTP-REQUEST] GET /workflow/state 304 - 3ms - Role: Travel Partner - IP: 127.0.0.1 - UA: Mozilla/5.0 (Windows NT 10.0; Win64; x64) AppleWebKit/537.36 (KHTML, like Gecko) Chrome/151.0.0.0 Safari/537.36
[2026-08-27T17:28:45.917Z] [LOG] [HTTP-REQUEST] GET /workflow/state 304 - 2ms - Role: Traveler - IP: 127.0.0.1 - UA: Mozilla/5.0 (Windows NT 10.0; Win64; x64) AppleWebKit/537.36 (KHTML, like Gecko) Chrome/151.0.0.0 Safari/537.36
[2026-08-27T17:28:53.849Z] [HEARTBEAT] Log sync check. Status: OK
[2026-08-27T17:28:54.066Z] [LOG] [HTTP-REQUEST] GET /workflow/state 304 - 1ms - Role: Travel Partner - IP: 127.0.0.1 - UA: Mozilla/5.0 (Windows NT 10.0; Win64; x64) AppleWebKit/537.36 (KHTML, like Gecko) Chrome/151.0.0.0 Safari/537.36
[2026-08-27T17:28:54.077Z] [LOG] [HTTP-REQUEST] GET /workflow/state 304 - 2ms - Role: Traveler - IP: 127.0.0.1 - UA: Mozilla/5.0 (Windows NT 10.0; Win64; x64) AppleWebKit/537.36 (KHTML, like Gecko) Chrome/151.0.0.0 Safari/537.36
[2026-08-27T17:28:54.080Z] [LOG] [HTTP-REQUEST] GET /workflow/state 304 - 2ms - Role: Tour Guide - IP: 127.0.0.1 - UA: Mozilla/5.0 (Windows NT 10.0; Win64; x64) AppleWebKit/537.36 (KHTML, like Gecko) Chrome/151.0.0.0 Safari/537.36
[2026-08-27T17:29:00.497Z] [LOG] [HTTP-REQUEST] GET /workflow/state 304 - 2ms - Role: Travel Partner - IP: 127.0.0.1 - UA: Mozilla/5.0 (Windows NT 10.0; Win64; x64) AppleWebKit/537.36 (KHTML, like Gecko) Chrome/151.0.0.0 Safari/537.36
[2026-08-27T17:29:00.500Z] [LOG] [HTTP-REQUEST] GET /workflow/state 304 - 2ms - Role: Tour Guide - IP: 127.0.0.1 - UA: Mozilla/5.0 (Windows NT 10.0; Win64; x64) AppleWebKit/537.36 (KHTML, like Gecko) Chrome/151.0.0.0 Safari/537.36
[2026-08-27T17:29:00.514Z] [LOG] [HTTP-REQUEST] GET /workflow/state 304 - 2ms - Role: Traveler - IP: 127.0.0.1 - UA: Mozilla/5.0 (Windows NT 10.0; Win64; x64) AppleWebKit/537.36 (KHTML, like Gecko) Chrome/151.0.0.0 Safari/537.36
[2026-08-27T17:29:08.865Z] [HEARTBEAT] Log sync check. Status: OK
[2026-08-27T17:29:09.225Z] [LOG] [HTTP-REQUEST] GET /workflow/state 304 - 1ms - Role: Travel Partner - IP: 127.0.0.1 - UA: Mozilla/5.0 (Windows NT 10.0; Win64; x64) AppleWebKit/537.36 (KHTML, like Gecko) Chrome/151.0.0.0 Safari/537.36
[2026-08-27T17:29:09.232Z] [LOG] [HTTP-REQUEST] GET /workflow/state 304 - 1ms - Role: Traveler - IP: 127.0.0.1 - UA: Mozilla/5.0 (Windows NT 10.0; Win64; x64) AppleWebKit/537.36 (KHTML, like Gecko) Chrome/151.0.0.0 Safari/537.36
[2026-08-27T17:29:09.234Z] [LOG] [HTTP-REQUEST] GET /workflow/state 304 - 1ms - Role: Tour Guide - IP: 127.0.0.1 - UA: Mozilla/5.0 (Windows NT 10.0; Win64; x64) AppleWebKit/537.36 (KHTML, like Gecko) Chrome/151.0.0.0 Safari/537.36
[2026-08-27T17:29:15.685Z] [LOG] [HTTP-REQUEST] GET /workflow/state 304 - 1ms - Role: Traveler - IP: 127.0.0.1 - UA: Mozilla/5.0 (Windows NT 10.0; Win64; x64) AppleWebKit/537.36 (KHTML, like Gecko) Chrome/151.0.0.0 Safari/537.36
[2026-08-27T17:29:15.693Z] [LOG] [HTTP-REQUEST] GET /workflow/state 304 - 2ms - Role: Travel Partner - IP: 127.0.0.1 - UA: Mozilla/5.0 (Windows NT 10.0; Win64; x64) AppleWebKit/537.36 (KHTML, like Gecko) Chrome/151.0.0.0 Safari/537.36
[2026-08-27T17:29:15.695Z] [LOG] [HTTP-REQUEST] GET /workflow/state 304 - 1ms - Role: Tour Guide - IP: 127.0.0.1 - UA: Mozilla/5.0 (Windows NT 10.0; Win64; x64) AppleWebKit/537.36 (KHTML, like Gecko) Chrome/151.0.0.0 Safari/537.36
[2026-08-27T17:29:23.870Z] [HEARTBEAT] Log sync check. Status: OK
[2026-08-27T17:29:24.234Z] [LOG] [HTTP-REQUEST] GET /workflow/state 304 - 1ms - Role: Traveler - IP: 127.0.0.1 - UA: Mozilla/5.0 (Windows NT 10.0; Win64; x64) AppleWebKit/537.36 (KHTML, like Gecko) Chrome/151.0.0.0 Safari/537.36
[2026-08-27T17:29:24.236Z] [LOG] [HTTP-REQUEST] GET /workflow/state 304 - 1ms - Role: Travel Partner - IP: 127.0.0.1 - UA: Mozilla/5.0 (Windows NT 10.0; Win64; x64) AppleWebKit/537.36 (KHTML, like Gecko) Chrome/151.0.0.0 Safari/537.36
[2026-08-27T17:29:24.240Z] [LOG] [HTTP-REQUEST] GET /workflow/state 304 - 2ms - Role: Tour Guide - IP: 127.0.0.1 - UA: Mozilla/5.0 (Windows NT 10.0; Win64; x64) AppleWebKit/537.36 (KHTML, like Gecko) Chrome/151.0.0.0 Safari/537.36
[2026-08-27T17:29:30.702Z] [LOG] [HTTP-REQUEST] GET /workflow/state 304 - 0ms - Role: Traveler - IP: 127.0.0.1 - UA: Mozilla/5.0 (Windows NT 10.0; Win64; x64) AppleWebKit/537.36 (KHTML, like Gecko) Chrome/151.0.0.0 Safari/537.36
[2026-08-27T17:29:30.708Z] [LOG] [HTTP-REQUEST] GET /workflow/state 304 - 1ms - Role: Tour Guide - IP: 127.0.0.1 - UA: Mozilla/5.0 (Windows NT 10.0; Win64; x64) AppleWebKit/537.36 (KHTML, like Gecko) Chrome/151.0.0.0 Safari/537.36
[2026-08-27T17:29:30.710Z] [LOG] [HTTP-REQUEST] GET /workflow/state 304 - 1ms - Role: Travel Partner - IP: 127.0.0.1 - UA: Mozilla/5.0 (Windows NT 10.0; Win64; x64) AppleWebKit/537.36 (KHTML, like Gecko) Chrome/151.0.0.0 Safari/537.36
[2026-08-27T17:29:38.878Z] [HEARTBEAT] Log sync check. Status: OK
[2026-08-27T17:29:39.075Z] [LOG] [HTTP-REQUEST] GET /workflow/state 304 - 1ms - Role: Travel Partner - IP: 127.0.0.1 - UA: Mozilla/5.0 (Windows NT 10.0; Win64; x64) AppleWebKit/537.36 (KHTML, like Gecko) Chrome/151.0.0.0 Safari/537.36
[2026-08-27T17:29:39.095Z] [LOG] [HTTP-REQUEST] GET /workflow/state 304 - 1ms - Role: Traveler - IP: 127.0.0.1 - UA: Mozilla/5.0 (Windows NT 10.0; Win64; x64) AppleWebKit/537.36 (KHTML, like Gecko) Chrome/151.0.0.0 Safari/537.36
[2026-08-27T17:29:39.100Z] [LOG] [HTTP-REQUEST] GET /workflow/state 304 - 3ms - Role: Tour Guide - IP: 127.0.0.1 - UA: Mozilla/5.0 (Windows NT 10.0; Win64; x64) AppleWebKit/537.36 (KHTML, like Gecko) Chrome/151.0.0.0 Safari/537.36
[2026-08-27T17:29:53.888Z] [HEARTBEAT] Log sync check. Status: OK
[2026-08-27T17:29:54.241Z] [LOG] [HTTP-REQUEST] GET /workflow/state 304 - 1ms - Role: Tour Guide - IP: 127.0.0.1 - UA: Mozilla/5.0 (Windows NT 10.0; Win64; x64) AppleWebKit/537.36 (KHTML, like Gecko) Chrome/151.0.0.0 Safari/537.36
[2026-08-27T17:29:54.244Z] [LOG] [HTTP-REQUEST] GET /workflow/state 304 - 2ms - Role: Traveler - IP: 127.0.0.1 - UA: Mozilla/5.0 (Windows NT 10.0; Win64; x64) AppleWebKit/537.36 (KHTML, like Gecko) Chrome/151.0.0.0 Safari/537.36
[2026-08-27T17:29:54.246Z] [LOG] [HTTP-REQUEST] GET /workflow/state 304 - 0ms - Role: Travel Partner - IP: 127.0.0.1 - UA: Mozilla/5.0 (Windows NT 10.0; Win64; x64) AppleWebKit/537.36 (KHTML, like Gecko) Chrome/151.0.0.0 Safari/537.36
[2026-08-27T17:30:03.783Z] [LOG] [HTTP-REQUEST] GET /workflow/state 304 - 2ms - Role: Traveler - IP: 127.0.0.1 - UA: Mozilla/5.0 (Windows NT 10.0; Win64; x64) AppleWebKit/537.36 (KHTML, like Gecko) Chrome/151.0.0.0 Safari/537.36
[2026-08-27T17:30:08.827Z] [LOG] [HTTP-REQUEST] GET /workflow/state 304 - 2ms - Role: Traveler - IP: 127.0.0.1 - UA: Mozilla/5.0 (Windows NT 10.0; Win64; x64) AppleWebKit/537.36 (KHTML, like Gecko) Chrome/151.0.0.0 Safari/537.36
[2026-08-27T17:30:08.894Z] [HEARTBEAT] Log sync check. Status: OK
[2026-08-27T17:30:09.155Z] [LOG] [HTTP-REQUEST] GET /workflow/state 304 - 1ms - Role: Traveler - IP: 127.0.0.1 - UA: Mozilla/5.0 (Windows NT 10.0; Win64; x64) AppleWebKit/537.36 (KHTML, like Gecko) Chrome/151.0.0.0 Safari/537.36
[2026-08-27T17:30:09.177Z] [LOG] [HTTP-REQUEST] GET /workflow/state 304 - 2ms - Role: Traveler - IP: 127.0.0.1 - UA: Mozilla/5.0 (Windows NT 10.0; Win64; x64) AppleWebKit/537.36 (KHTML, like Gecko) Chrome/151.0.0.0 Safari/537.36
[2026-08-27T17:30:09.183Z] [LOG] [HTTP-REQUEST] GET /workflow/state 304 - 1ms - Role: Travel Partner - IP: 127.0.0.1 - UA: Mozilla/5.0 (Windows NT 10.0; Win64; x64) AppleWebKit/537.36 (KHTML, like Gecko) Chrome/151.0.0.0 Safari/537.36
[2026-08-27T17:30:09.189Z] [LOG] [HTTP-REQUEST] GET /workflow/state 304 - 2ms - Role: Tour Guide - IP: 127.0.0.1 - UA: Mozilla/5.0 (Windows NT 10.0; Win64; x64) AppleWebKit/537.36 (KHTML, like Gecko) Chrome/151.0.0.0 Safari/537.36
[2026-08-27T17:30:10.345Z] [LOG] [HTTP-REQUEST] GET /workflow/state 304 - 1ms - Role: Traveler - IP: 127.0.0.1 - UA: Mozilla/5.0 (Windows NT 10.0; Win64; x64) AppleWebKit/537.36 (KHTML, like Gecko) Chrome/151.0.0.0 Safari/537.36
[2026-08-27T17:30:23.801Z] [LOG] [HTTP-REQUEST] POST /auth/login 201 - 1ms - Role: Super User - IP: 127.0.0.1 - UA: Mozilla/5.0 (Windows NT 10.0; Win64; x64) AppleWebKit/537.36 (KHTML, like Gecko) Chrome/151.0.0.0 Safari/537.36
[2026-08-27T17:30:23.909Z] [HEARTBEAT] Log sync check. Status: OK
[2026-08-27T17:30:24.263Z] [LOG] [HTTP-REQUEST] GET /workflow/state 304 - 2ms - Role: Vendor - IP: 127.0.0.1 - UA: Mozilla/5.0 (Windows NT 10.0; Win64; x64) AppleWebKit/537.36 (KHTML, like Gecko) Chrome/151.0.0.0 Safari/537.36
[2026-08-27T17:30:24.274Z] [LOG] [HTTP-REQUEST] GET /workflow/state 304 - 1ms - Role: Tour Guide - IP: 127.0.0.1 - UA: Mozilla/5.0 (Windows NT 10.0; Win64; x64) AppleWebKit/537.36 (KHTML, like Gecko) Chrome/151.0.0.0 Safari/537.36
[2026-08-27T17:30:24.276Z] [LOG] [HTTP-REQUEST] GET /workflow/state 304 - 1ms - Role: Traveler - IP: 127.0.0.1 - UA: Mozilla/5.0 (Windows NT 10.0; Win64; x64) AppleWebKit/537.36 (KHTML, like Gecko) Chrome/151.0.0.0 Safari/537.36
[2026-08-27T17:30:24.279Z] [LOG] [HTTP-REQUEST] GET /workflow/state 304 - 2ms - Role: Travel Partner - IP: 127.0.0.1 - UA: Mozilla/5.0 (Windows NT 10.0; Win64; x64) AppleWebKit/537.36 (KHTML, like Gecko) Chrome/151.0.0.0 Safari/537.36
[2026-08-27T17:30:30.808Z] [LOG] [HTTP-REQUEST] GET /workflow/state 304 - 1ms - Role: Vendor - IP: 127.0.0.1 - UA: Mozilla/5.0 (Windows NT 10.0; Win64; x64) AppleWebKit/537.36 (KHTML, like Gecko) Chrome/151.0.0.0 Safari/537.36
[2026-08-27T17:30:38.918Z] [HEARTBEAT] Log sync check. Status: OK
[2026-08-27T17:30:39.198Z] [LOG] [HTTP-REQUEST] GET /workflow/state 304 - 2ms - Role: Vendor - IP: 127.0.0.1 - UA: Mozilla/5.0 (Windows NT 10.0; Win64; x64) AppleWebKit/537.36 (KHTML, like Gecko) Chrome/151.0.0.0 Safari/537.36
[2026-08-27T17:30:39.202Z] [LOG] [HTTP-REQUEST] GET /workflow/state 304 - 2ms - Role: Traveler - IP: 127.0.0.1 - UA: Mozilla/5.0 (Windows NT 10.0; Win64; x64) AppleWebKit/537.36 (KHTML, like Gecko) Chrome/151.0.0.0 Safari/537.36
[2026-08-27T17:30:39.205Z] [LOG] [HTTP-REQUEST] GET /workflow/state 304 - 2ms - Role: Vendor - IP: 127.0.0.1 - UA: Mozilla/5.0 (Windows NT 10.0; Win64; x64) AppleWebKit/537.36 (KHTML, like Gecko) Chrome/151.0.0.0 Safari/537.36
[2026-08-27T17:30:39.208Z] [LOG] [HTTP-REQUEST] GET /workflow/state 304 - 2ms - Role: Travel Partner - IP: 127.0.0.1 - UA: Mozilla/5.0 (Windows NT 10.0; Win64; x64) AppleWebKit/537.36 (KHTML, like Gecko) Chrome/151.0.0.0 Safari/537.36
[2026-08-27T17:30:39.212Z] [LOG] [HTTP-REQUEST] GET /workflow/state 304 - 2ms - Role: Tour Guide - IP: 127.0.0.1 - UA: Mozilla/5.0 (Windows NT 10.0; Win64; x64) AppleWebKit/537.36 (KHTML, like Gecko) Chrome/151.0.0.0 Safari/537.36
[2026-08-27T17:30:46.382Z] [LOG] [HTTP-REQUEST] GET /workflow/state 304 - 1ms - Role: Vendor - IP: 127.0.0.1 - UA: Mozilla/5.0 (Windows NT 10.0; Win64; x64) AppleWebKit/537.36 (KHTML, like Gecko) Chrome/151.0.0.0 Safari/537.36
[2026-08-27T17:30:53.921Z] [HEARTBEAT] Log sync check. Status: OK
[2026-08-27T17:30:54.237Z] [LOG] [HTTP-REQUEST] GET /workflow/state 304 - 1ms - Role: Tour Guide - IP: 127.0.0.1 - UA: Mozilla/5.0 (Windows NT 10.0; Win64; x64) AppleWebKit/537.36 (KHTML, like Gecko) Chrome/151.0.0.0 Safari/537.36
[2026-08-27T17:30:54.241Z] [LOG] [HTTP-REQUEST] GET /workflow/state 304 - 1ms - Role: Traveler - IP: 127.0.0.1 - UA: Mozilla/5.0 (Windows NT 10.0; Win64; x64) AppleWebKit/537.36 (KHTML, like Gecko) Chrome/151.0.0.0 Safari/537.36
[2026-08-27T17:30:54.245Z] [LOG] [HTTP-REQUEST] GET /workflow/state 304 - 1ms - Role: Travel Partner - IP: 127.0.0.1 - UA: Mozilla/5.0 (Windows NT 10.0; Win64; x64) AppleWebKit/537.36 (KHTML, like Gecko) Chrome/151.0.0.0 Safari/537.36
[2026-08-27T17:30:54.249Z] [LOG] [HTTP-REQUEST] GET /workflow/state 304 - 2ms - Role: Vendor - IP: 127.0.0.1 - UA: Mozilla/5.0 (Windows NT 10.0; Win64; x64) AppleWebKit/537.36 (KHTML, like Gecko) Chrome/151.0.0.0 Safari/537.36
[2026-08-27T17:30:57.376Z] [LOG] [HTTP-REQUEST] POST /auth/login 201 - 1ms - Role: Super User - IP: 127.0.0.1 - UA: Mozilla/5.0 (Windows NT 10.0; Win64; x64) AppleWebKit/537.36 (KHTML, like Gecko) Chrome/151.0.0.0 Safari/537.36
[2026-08-27T17:30:57.740Z] [LOG] [HTTP-REQUEST] GET /workflow/state 304 - 3ms - Role: Support Executive - IP: 127.0.0.1 - UA: Mozilla/5.0 (Windows NT 10.0; Win64; x64) AppleWebKit/537.36 (KHTML, like Gecko) Chrome/151.0.0.0 Safari/537.36
[2026-08-27T17:31:05.012Z] [LOG] [HTTP-REQUEST] GET /workflow/state 304 - 1ms - Role: Support Executive - IP: 127.0.0.1 - UA: Mozilla/5.0 (Windows NT 10.0; Win64; x64) AppleWebKit/537.36 (KHTML, like Gecko) Chrome/151.0.0.0 Safari/537.36
[2026-08-27T17:31:08.507Z] [LOG] [HTTP-REQUEST] PUT /workflow/state 200 - 10ms - Role: Support Executive - IP: 127.0.0.1 - UA: Mozilla/5.0 (Windows NT 10.0; Win64; x64) AppleWebKit/537.36 (KHTML, like Gecko) Chrome/151.0.0.0 Safari/537.36
[2026-08-27T17:31:08.740Z] [LOG] [HTTP-REQUEST] GET /workflow/state 200 - 2ms - Role: Support Executive - IP: 127.0.0.1 - UA: Mozilla/5.0 (Windows NT 10.0; Win64; x64) AppleWebKit/537.36 (KHTML, like Gecko) Chrome/151.0.0.0 Safari/537.36
[2026-08-27T17:31:08.769Z] [LOG] [HTTP-REQUEST] GET /workflow/state 304 - 1ms - Role: Tour Guide - IP: 127.0.0.1 - UA: Mozilla/5.0 (Windows NT 10.0; Win64; x64) AppleWebKit/537.36 (KHTML, like Gecko) Chrome/151.0.0.0 Safari/537.36
[2026-08-27T17:31:08.776Z] [LOG] [HTTP-REQUEST] GET /workflow/state 304 - 2ms - Role: Travel Partner - IP: 127.0.0.1 - UA: Mozilla/5.0 (Windows NT 10.0; Win64; x64) AppleWebKit/537.36 (KHTML, like Gecko) Chrome/151.0.0.0 Safari/537.36
[2026-08-27T17:31:08.780Z] [LOG] [HTTP-REQUEST] GET /workflow/state 304 - 2ms - Role: Vendor - IP: 127.0.0.1 - UA: Mozilla/5.0 (Windows NT 10.0; Win64; x64) AppleWebKit/537.36 (KHTML, like Gecko) Chrome/151.0.0.0 Safari/537.36
[2026-08-27T17:31:08.783Z] [LOG] [HTTP-REQUEST] GET /workflow/state 304 - 2ms - Role: Traveler - IP: 127.0.0.1 - UA: Mozilla/5.0 (Windows NT 10.0; Win64; x64) AppleWebKit/537.36 (KHTML, like Gecko) Chrome/151.0.0.0 Safari/537.36
[2026-08-27T17:31:08.935Z] [HEARTBEAT] Log sync check. Status: OK
[2026-08-27T17:31:08.964Z] [LOG] [HTTP-REQUEST] GET /workflow/state 304 - 1ms - Role: Support Executive - IP: 127.0.0.1 - UA: Mozilla/5.0 (Windows NT 10.0; Win64; x64) AppleWebKit/537.36 (KHTML, like Gecko) Chrome/151.0.0.0 Safari/537.36
[2026-08-27T17:31:08.978Z] [LOG] [HTTP-REQUEST] GET /workflow/state 304 - 2ms - Role: Tour Guide - IP: 127.0.0.1 - UA: Mozilla/5.0 (Windows NT 10.0; Win64; x64) AppleWebKit/537.36 (KHTML, like Gecko) Chrome/151.0.0.0 Safari/537.36
[2026-08-27T17:31:09.140Z] [LOG] [HTTP-REQUEST] GET /workflow/state 304 - 1ms - Role: Support Executive - IP: 127.0.0.1 - UA: Mozilla/5.0 (Windows NT 10.0; Win64; x64) AppleWebKit/537.36 (KHTML, like Gecko) Chrome/151.0.0.0 Safari/537.36
[2026-08-27T17:31:09.260Z] [LOG] [HTTP-REQUEST] GET /workflow/state 304 - 1ms - Role: Travel Partner - IP: 127.0.0.1 - UA: Mozilla/5.0 (Windows NT 10.0; Win64; x64) AppleWebKit/537.36 (KHTML, like Gecko) Chrome/151.0.0.0 Safari/537.36
[2026-08-27T17:31:09.265Z] [LOG] [HTTP-REQUEST] GET /workflow/state 304 - 2ms - Role: Vendor - IP: 127.0.0.1 - UA: Mozilla/5.0 (Windows NT 10.0; Win64; x64) AppleWebKit/537.36 (KHTML, like Gecko) Chrome/151.0.0.0 Safari/537.36
[2026-08-27T17:31:09.268Z] [LOG] [HTTP-REQUEST] GET /workflow/state 304 - 1ms - Role: Traveler - IP: 127.0.0.1 - UA: Mozilla/5.0 (Windows NT 10.0; Win64; x64) AppleWebKit/537.36 (KHTML, like Gecko) Chrome/151.0.0.0 Safari/537.36
[2026-08-27T17:31:23.945Z] [HEARTBEAT] Log sync check. Status: OK
[2026-08-27T17:31:24.227Z] [LOG] [HTTP-REQUEST] GET /workflow/state 304 - 2ms - Role: Travel Partner - IP: 127.0.0.1 - UA: Mozilla/5.0 (Windows NT 10.0; Win64; x64) AppleWebKit/537.36 (KHTML, like Gecko) Chrome/151.0.0.0 Safari/537.36
[2026-08-27T17:31:24.237Z] [LOG] [HTTP-REQUEST] GET /workflow/state 304 - 3ms - Role: Support Executive - IP: 127.0.0.1 - UA: Mozilla/5.0 (Windows NT 10.0; Win64; x64) AppleWebKit/537.36 (KHTML, like Gecko) Chrome/151.0.0.0 Safari/537.36
[2026-08-27T17:31:24.241Z] [LOG] [HTTP-REQUEST] GET /workflow/state 304 - 1ms - Role: Vendor - IP: 127.0.0.1 - UA: Mozilla/5.0 (Windows NT 10.0; Win64; x64) AppleWebKit/537.36 (KHTML, like Gecko) Chrome/151.0.0.0 Safari/537.36
[2026-08-27T17:31:24.248Z] [LOG] [HTTP-REQUEST] GET /workflow/state 304 - 3ms - Role: Tour Guide - IP: 127.0.0.1 - UA: Mozilla/5.0 (Windows NT 10.0; Win64; x64) AppleWebKit/537.36 (KHTML, like Gecko) Chrome/151.0.0.0 Safari/537.36
[2026-08-27T17:31:24.251Z] [LOG] [HTTP-REQUEST] GET /workflow/state 304 - 1ms - Role: Traveler - IP: 127.0.0.1 - UA: Mozilla/5.0 (Windows NT 10.0; Win64; x64) AppleWebKit/537.36 (KHTML, like Gecko) Chrome/151.0.0.0 Safari/537.36
[2026-08-27T17:31:37.305Z] [LOG] [HTTP-REQUEST] PUT /workflow/state 200 - 7ms - Role: Travel Partner - IP: 127.0.0.1 - UA: Mozilla/5.0 (Windows NT 10.0; Win64; x64) AppleWebKit/537.36 (KHTML, like Gecko) Chrome/151.0.0.0 Safari/537.36
[2026-08-27T17:31:37.585Z] [LOG] [HTTP-REQUEST] GET /workflow/state 200 - 2ms - Role: Travel Partner - IP: 127.0.0.1 - UA: Mozilla/5.0 (Windows NT 10.0; Win64; x64) AppleWebKit/537.36 (KHTML, like Gecko) Chrome/151.0.0.0 Safari/537.36
[2026-08-27T17:31:37.618Z] [LOG] [HTTP-REQUEST] GET /workflow/state 304 - 1ms - Role: Support Executive - IP: 127.0.0.1 - UA: Mozilla/5.0 (Windows NT 10.0; Win64; x64) AppleWebKit/537.36 (KHTML, like Gecko) Chrome/151.0.0.0 Safari/537.36
[2026-08-27T17:31:37.623Z] [LOG] [HTTP-REQUEST] GET /workflow/state 304 - 1ms - Role: Tour Guide - IP: 127.0.0.1 - UA: Mozilla/5.0 (Windows NT 10.0; Win64; x64) AppleWebKit/537.36 (KHTML, like Gecko) Chrome/151.0.0.0 Safari/537.36
[2026-08-27T17:31:37.626Z] [LOG] [HTTP-REQUEST] GET /workflow/state 304 - 1ms - Role: Vendor - IP: 127.0.0.1 - UA: Mozilla/5.0 (Windows NT 10.0; Win64; x64) AppleWebKit/537.36 (KHTML, like Gecko) Chrome/151.0.0.0 Safari/537.36
[2026-08-27T17:31:37.636Z] [LOG] [HTTP-REQUEST] GET /workflow/state 304 - 3ms - Role: Traveler - IP: 127.0.0.1 - UA: Mozilla/5.0 (Windows NT 10.0; Win64; x64) AppleWebKit/537.36 (KHTML, like Gecko) Chrome/151.0.0.0 Safari/537.36
[2026-08-27T17:31:37.847Z] [LOG] [HTTP-REQUEST] GET /workflow/state 304 - 1ms - Role: Support Executive - IP: 127.0.0.1 - UA: Mozilla/5.0 (Windows NT 10.0; Win64; x64) AppleWebKit/537.36 (KHTML, like Gecko) Chrome/151.0.0.0 Safari/537.36
[2026-08-27T17:31:37.853Z] [LOG] [HTTP-REQUEST] GET /workflow/state 304 - 1ms - Role: Travel Partner - IP: 127.0.0.1 - UA: Mozilla/5.0 (Windows NT 10.0; Win64; x64) AppleWebKit/537.36 (KHTML, like Gecko) Chrome/151.0.0.0 Safari/537.36
[2026-08-27T17:31:37.860Z] [LOG] [HTTP-REQUEST] GET /workflow/state 304 - 3ms - Role: Tour Guide - IP: 127.0.0.1 - UA: Mozilla/5.0 (Windows NT 10.0; Win64; x64) AppleWebKit/537.36 (KHTML, like Gecko) Chrome/151.0.0.0 Safari/537.36
[2026-08-27T17:31:38.489Z] [LOG] [HTTP-REQUEST] GET /workflow/state 304 - 1ms - Role: Travel Partner - IP: 127.0.0.1 - UA: Mozilla/5.0 (Windows NT 10.0; Win64; x64) AppleWebKit/537.36 (KHTML, like Gecko) Chrome/151.0.0.0 Safari/537.36
[2026-08-27T17:31:38.513Z] [LOG] [HTTP-REQUEST] GET /workflow/state 304 - 3ms - Role: Support Executive - IP: 127.0.0.1 - UA: Mozilla/5.0 (Windows NT 10.0; Win64; x64) AppleWebKit/537.36 (KHTML, like Gecko) Chrome/151.0.0.0 Safari/537.36
[2026-08-27T17:31:38.517Z] [LOG] [HTTP-REQUEST] GET /workflow/state 304 - 2ms - Role: Vendor - IP: 127.0.0.1 - UA: Mozilla/5.0 (Windows NT 10.0; Win64; x64) AppleWebKit/537.36 (KHTML, like Gecko) Chrome/151.0.0.0 Safari/537.36
[2026-08-27T17:31:38.521Z] [LOG] [HTTP-REQUEST] GET /workflow/state 304 - 2ms - Role: Traveler - IP: 127.0.0.1 - UA: Mozilla/5.0 (Windows NT 10.0; Win64; x64) AppleWebKit/537.36 (KHTML, like Gecko) Chrome/151.0.0.0 Safari/537.36
[2026-08-27T17:31:38.525Z] [LOG] [HTTP-REQUEST] GET /workflow/state 304 - 2ms - Role: Tour Guide - IP: 127.0.0.1 - UA: Mozilla/5.0 (Windows NT 10.0; Win64; x64) AppleWebKit/537.36 (KHTML, like Gecko) Chrome/151.0.0.0 Safari/537.36
[2026-08-27T17:31:38.961Z] [HEARTBEAT] Log sync check. Status: OK
[2026-08-27T17:31:39.196Z] [LOG] [HTTP-REQUEST] GET /workflow/state 304 - 2ms - Role: Travel Partner - IP: 127.0.0.1 - UA: Mozilla/5.0 (Windows NT 10.0; Win64; x64) AppleWebKit/537.36 (KHTML, like Gecko) Chrome/151.0.0.0 Safari/537.36
[2026-08-27T17:31:39.266Z] [LOG] [HTTP-REQUEST] GET /workflow/state 304 - 1ms - Role: Support Executive - IP: 127.0.0.1 - UA: Mozilla/5.0 (Windows NT 10.0; Win64; x64) AppleWebKit/537.36 (KHTML, like Gecko) Chrome/151.0.0.0 Safari/537.36
[2026-08-27T17:31:39.270Z] [LOG] [HTTP-REQUEST] GET /workflow/state 304 - 2ms - Role: Traveler - IP: 127.0.0.1 - UA: Mozilla/5.0 (Windows NT 10.0; Win64; x64) AppleWebKit/537.36 (KHTML, like Gecko) Chrome/151.0.0.0 Safari/537.36
[2026-08-27T17:31:39.273Z] [LOG] [HTTP-REQUEST] GET /workflow/state 304 - 1ms - Role: Tour Guide - IP: 127.0.0.1 - UA: Mozilla/5.0 (Windows NT 10.0; Win64; x64) AppleWebKit/537.36 (KHTML, like Gecko) Chrome/151.0.0.0 Safari/537.36
[2026-08-27T17:31:39.277Z] [LOG] [HTTP-REQUEST] GET /workflow/state 304 - 2ms - Role: Vendor - IP: 127.0.0.1 - UA: Mozilla/5.0 (Windows NT 10.0; Win64; x64) AppleWebKit/537.36 (KHTML, like Gecko) Chrome/151.0.0.0 Safari/537.36
[2026-08-27T17:31:51.333Z] [LOG] [HTTP-REQUEST] GET /workflow/state 304 - 2ms - Role: Traveler - IP: 127.0.0.1 - UA: Mozilla/5.0 (Windows NT 10.0; Win64; x64) AppleWebKit/537.36 (KHTML, like Gecko) Chrome/151.0.0.0 Safari/537.36
[2026-08-27T17:31:53.970Z] [HEARTBEAT] Log sync check. Status: OK
[2026-08-27T17:31:54.229Z] [LOG] [HTTP-REQUEST] GET /workflow/state 304 - 2ms - Role: Traveler - IP: 127.0.0.1 - UA: Mozilla/5.0 (Windows NT 10.0; Win64; x64) AppleWebKit/537.36 (KHTML, like Gecko) Chrome/151.0.0.0 Safari/537.36
[2026-08-27T17:31:54.259Z] [LOG] [HTTP-REQUEST] GET /workflow/state 304 - 2ms - Role: Support Executive - IP: 127.0.0.1 - UA: Mozilla/5.0 (Windows NT 10.0; Win64; x64) AppleWebKit/537.36 (KHTML, like Gecko) Chrome/151.0.0.0 Safari/537.36
[2026-08-27T17:31:54.262Z] [LOG] [HTTP-REQUEST] GET /workflow/state 304 - 1ms - Role: Travel Partner - IP: 127.0.0.1 - UA: Mozilla/5.0 (Windows NT 10.0; Win64; x64) AppleWebKit/537.36 (KHTML, like Gecko) Chrome/151.0.0.0 Safari/537.36
[2026-08-27T17:31:54.268Z] [LOG] [HTTP-REQUEST] GET /workflow/state 304 - 2ms - Role: Tour Guide - IP: 127.0.0.1 - UA: Mozilla/5.0 (Windows NT 10.0; Win64; x64) AppleWebKit/537.36 (KHTML, like Gecko) Chrome/151.0.0.0 Safari/537.36
[2026-08-27T17:31:54.274Z] [LOG] [HTTP-REQUEST] GET /workflow/state 304 - 2ms - Role: Vendor - IP: 127.0.0.1 - UA: Mozilla/5.0 (Windows NT 10.0; Win64; x64) AppleWebKit/537.36 (KHTML, like Gecko) Chrome/151.0.0.0 Safari/537.36
[2026-08-27T17:31:59.070Z] [LOG] [HTTP-REQUEST] GET /workflow/state 304 - 1ms - Role: Traveler - IP: 127.0.0.1 - UA: Mozilla/5.0 (Windows NT 10.0; Win64; x64) AppleWebKit/537.36 (KHTML, like Gecko) Chrome/151.0.0.0 Safari/537.36
[2026-08-27T17:32:01.586Z] [LOG] [HTTP-REQUEST] GET /workflow/state 304 - 2ms - Role: Traveler - IP: 127.0.0.1 - UA: Mozilla/5.0 (Windows NT 10.0; Win64; x64) AppleWebKit/537.36 (KHTML, like Gecko) Chrome/151.0.0.0 Safari/537.36
[2026-08-27T17:32:04.452Z] [LOG] [HTTP-REQUEST] GET /workflow/state 304 - 1ms - Role: Traveler - IP: 127.0.0.1 - UA: Mozilla/5.0 (Windows NT 10.0; Win64; x64) AppleWebKit/537.36 (KHTML, like Gecko) Chrome/151.0.0.0 Safari/537.36
[2026-08-27T17:32:08.979Z] [HEARTBEAT] Log sync check. Status: OK
[2026-08-27T17:32:09.246Z] [LOG] [HTTP-REQUEST] GET /workflow/state 304 - 2ms - Role: Traveler - IP: 127.0.0.1 - UA: Mozilla/5.0 (Windows NT 10.0; Win64; x64) AppleWebKit/537.36 (KHTML, like Gecko) Chrome/151.0.0.0 Safari/537.36
[2026-08-27T17:32:09.274Z] [LOG] [HTTP-REQUEST] GET /workflow/state 304 - 2ms - Role: Support Executive - IP: 127.0.0.1 - UA: Mozilla/5.0 (Windows NT 10.0; Win64; x64) AppleWebKit/537.36 (KHTML, like Gecko) Chrome/151.0.0.0 Safari/537.36
[2026-08-27T17:32:09.287Z] [LOG] [HTTP-REQUEST] GET /workflow/state 304 - 1ms - Role: Travel Partner - IP: 127.0.0.1 - UA: Mozilla/5.0 (Windows NT 10.0; Win64; x64) AppleWebKit/537.36 (KHTML, like Gecko) Chrome/151.0.0.0 Safari/537.36
[2026-08-27T17:32:09.292Z] [LOG] [HTTP-REQUEST] GET /workflow/state 304 - 1ms - Role: Tour Guide - IP: 127.0.0.1 - UA: Mozilla/5.0 (Windows NT 10.0; Win64; x64) AppleWebKit/537.36 (KHTML, like Gecko) Chrome/151.0.0.0 Safari/537.36
[2026-08-27T17:32:09.296Z] [LOG] [HTTP-REQUEST] GET /workflow/state 304 - 2ms - Role: Vendor - IP: 127.0.0.1 - UA: Mozilla/5.0 (Windows NT 10.0; Win64; x64) AppleWebKit/537.36 (KHTML, like Gecko) Chrome/151.0.0.0 Safari/537.36
[2026-08-27T17:32:18.420Z] [LOG] [HTTP-REQUEST] GET /workflow/state 304 - 1ms - Role: Vendor - IP: 127.0.0.1 - UA: Mozilla/5.0 (Windows NT 10.0; Win64; x64) AppleWebKit/537.36 (KHTML, like Gecko) Chrome/151.0.0.0 Safari/537.36
[2026-08-27T17:32:23.981Z] [HEARTBEAT] Log sync check. Status: OK
[2026-08-27T17:32:24.258Z] [LOG] [HTTP-REQUEST] GET /workflow/state 304 - 2ms - Role: Vendor - IP: 127.0.0.1 - UA: Mozilla/5.0 (Windows NT 10.0; Win64; x64) AppleWebKit/537.36 (KHTML, like Gecko) Chrome/151.0.0.0 Safari/537.36
[2026-08-27T17:32:24.282Z] [LOG] [HTTP-REQUEST] GET /workflow/state 304 - 2ms - Role: Traveler - IP: 127.0.0.1 - UA: Mozilla/5.0 (Windows NT 10.0; Win64; x64) AppleWebKit/537.36 (KHTML, like Gecko) Chrome/151.0.0.0 Safari/537.36
[2026-08-27T17:32:24.285Z] [LOG] [HTTP-REQUEST] GET /workflow/state 304 - 1ms - Role: Support Executive - IP: 127.0.0.1 - UA: Mozilla/5.0 (Windows NT 10.0; Win64; x64) AppleWebKit/537.36 (KHTML, like Gecko) Chrome/151.0.0.0 Safari/537.36
[2026-08-27T17:32:24.290Z] [LOG] [HTTP-REQUEST] GET /workflow/state 304 - 2ms - Role: Travel Partner - IP: 127.0.0.1 - UA: Mozilla/5.0 (Windows NT 10.0; Win64; x64) AppleWebKit/537.36 (KHTML, like Gecko) Chrome/151.0.0.0 Safari/537.36
[2026-08-27T17:32:24.295Z] [LOG] [HTTP-REQUEST] GET /workflow/state 304 - 1ms - Role: Tour Guide - IP: 127.0.0.1 - UA: Mozilla/5.0 (Windows NT 10.0; Win64; x64) AppleWebKit/537.36 (KHTML, like Gecko) Chrome/151.0.0.0 Safari/537.36
[2026-08-27T17:32:38.985Z] [HEARTBEAT] Log sync check. Status: OK
[2026-08-27T17:32:39.320Z] [LOG] [HTTP-REQUEST] GET /workflow/state 304 - 1ms - Role: Vendor - IP: 127.0.0.1 - UA: Mozilla/5.0 (Windows NT 10.0; Win64; x64) AppleWebKit/537.36 (KHTML, like Gecko) Chrome/151.0.0.0 Safari/537.36
[2026-08-27T17:32:39.328Z] [LOG] [HTTP-REQUEST] GET /workflow/state 304 - 3ms - Role: Traveler - IP: 127.0.0.1 - UA: Mozilla/5.0 (Windows NT 10.0; Win64; x64) AppleWebKit/537.36 (KHTML, like Gecko) Chrome/151.0.0.0 Safari/537.36
[2026-08-27T17:32:39.332Z] [LOG] [HTTP-REQUEST] GET /workflow/state 304 - 1ms - Role: Support Executive - IP: 127.0.0.1 - UA: Mozilla/5.0 (Windows NT 10.0; Win64; x64) AppleWebKit/537.36 (KHTML, like Gecko) Chrome/151.0.0.0 Safari/537.36
[2026-08-27T17:32:39.336Z] [LOG] [HTTP-REQUEST] GET /workflow/state 304 - 2ms - Role: Travel Partner - IP: 127.0.0.1 - UA: Mozilla/5.0 (Windows NT 10.0; Win64; x64) AppleWebKit/537.36 (KHTML, like Gecko) Chrome/151.0.0.0 Safari/537.36
[2026-08-27T17:32:39.338Z] [LOG] [HTTP-REQUEST] GET /workflow/state 304 - 1ms - Role: Tour Guide - IP: 127.0.0.1 - UA: Mozilla/5.0 (Windows NT 10.0; Win64; x64) AppleWebKit/537.36 (KHTML, like Gecko) Chrome/151.0.0.0 Safari/537.36
[2026-08-27T17:32:53.999Z] [HEARTBEAT] Log sync check. Status: OK
[2026-08-27T17:32:54.280Z] [LOG] [HTTP-REQUEST] GET /workflow/state 304 - 2ms - Role: Vendor - IP: 127.0.0.1 - UA: Mozilla/5.0 (Windows NT 10.0; Win64; x64) AppleWebKit/537.36 (KHTML, like Gecko) Chrome/151.0.0.0 Safari/537.36
[2026-08-27T17:32:54.314Z] [LOG] [HTTP-REQUEST] GET /workflow/state 304 - 6ms - Role: Support Executive - IP: 127.0.0.1 - UA: Mozilla/5.0 (Windows NT 10.0; Win64; x64) AppleWebKit/537.36 (KHTML, like Gecko) Chrome/151.0.0.0 Safari/537.36
[2026-08-27T17:32:54.319Z] [LOG] [HTTP-REQUEST] GET /workflow/state 304 - 1ms - Role: Traveler - IP: 127.0.0.1 - UA: Mozilla/5.0 (Windows NT 10.0; Win64; x64) AppleWebKit/537.36 (KHTML, like Gecko) Chrome/151.0.0.0 Safari/537.36
[2026-08-27T17:32:54.324Z] [LOG] [HTTP-REQUEST] GET /workflow/state 304 - 1ms - Role: Travel Partner - IP: 127.0.0.1 - UA: Mozilla/5.0 (Windows NT 10.0; Win64; x64) AppleWebKit/537.36 (KHTML, like Gecko) Chrome/151.0.0.0 Safari/537.36
[2026-08-27T17:32:54.327Z] [LOG] [HTTP-REQUEST] GET /workflow/state 304 - 2ms - Role: Tour Guide - IP: 127.0.0.1 - UA: Mozilla/5.0 (Windows NT 10.0; Win64; x64) AppleWebKit/537.36 (KHTML, like Gecko) Chrome/151.0.0.0 Safari/537.36
[2026-08-27T17:33:05.207Z] [LOG] [HTTP-REQUEST] PUT /workflow/state 200 - 7ms - Role: Vendor - IP: 127.0.0.1 - UA: Mozilla/5.0 (Windows NT 10.0; Win64; x64) AppleWebKit/537.36 (KHTML, like Gecko) Chrome/151.0.0.0 Safari/537.36
[2026-08-27T17:33:05.474Z] [LOG] [HTTP-REQUEST] GET /workflow/state 200 - 1ms - Role: Vendor - IP: 127.0.0.1 - UA: Mozilla/5.0 (Windows NT 10.0; Win64; x64) AppleWebKit/537.36 (KHTML, like Gecko) Chrome/151.0.0.0 Safari/537.36
[2026-08-27T17:33:05.506Z] [LOG] [HTTP-REQUEST] GET /workflow/state 304 - 1ms - Role: Tour Guide - IP: 127.0.0.1 - UA: Mozilla/5.0 (Windows NT 10.0; Win64; x64) AppleWebKit/537.36 (KHTML, like Gecko) Chrome/151.0.0.0 Safari/537.36
[2026-08-27T17:33:05.512Z] [LOG] [HTTP-REQUEST] GET /workflow/state 304 - 2ms - Role: Support Executive - IP: 127.0.0.1 - UA: Mozilla/5.0 (Windows NT 10.0; Win64; x64) AppleWebKit/537.36 (KHTML, like Gecko) Chrome/151.0.0.0 Safari/537.36
[2026-08-27T17:33:05.515Z] [LOG] [HTTP-REQUEST] GET /workflow/state 304 - 2ms - Role: Traveler - IP: 127.0.0.1 - UA: Mozilla/5.0 (Windows NT 10.0; Win64; x64) AppleWebKit/537.36 (KHTML, like Gecko) Chrome/151.0.0.0 Safari/537.36
[2026-08-27T17:33:05.521Z] [LOG] [HTTP-REQUEST] GET /workflow/state 304 - 2ms - Role: Travel Partner - IP: 127.0.0.1 - UA: Mozilla/5.0 (Windows NT 10.0; Win64; x64) AppleWebKit/537.36 (KHTML, like Gecko) Chrome/151.0.0.0 Safari/537.36
[2026-08-27T17:33:05.724Z] [LOG] [HTTP-REQUEST] GET /workflow/state 304 - 1ms - Role: Vendor - IP: 127.0.0.1 - UA: Mozilla/5.0 (Windows NT 10.0; Win64; x64) AppleWebKit/537.36 (KHTML, like Gecko) Chrome/151.0.0.0 Safari/537.36
[2026-08-27T17:33:05.746Z] [LOG] [HTTP-REQUEST] GET /workflow/state 304 - 2ms - Role: Tour Guide - IP: 127.0.0.1 - UA: Mozilla/5.0 (Windows NT 10.0; Win64; x64) AppleWebKit/537.36 (KHTML, like Gecko) Chrome/151.0.0.0 Safari/537.36
[2026-08-27T17:33:05.757Z] [LOG] [HTTP-REQUEST] GET /workflow/state 304 - 1ms - Role: Support Executive - IP: 127.0.0.1 - UA: Mozilla/5.0 (Windows NT 10.0; Win64; x64) AppleWebKit/537.36 (KHTML, like Gecko) Chrome/151.0.0.0 Safari/537.36
[2026-08-27T17:33:06.456Z] [LOG] [HTTP-REQUEST] GET /workflow/state 304 - 1ms - Role: Vendor - IP: 127.0.0.1 - UA: Mozilla/5.0 (Windows NT 10.0; Win64; x64) AppleWebKit/537.36 (KHTML, like Gecko) Chrome/151.0.0.0 Safari/537.36
[2026-08-27T17:33:06.476Z] [LOG] [HTTP-REQUEST] GET /workflow/state 304 - 3ms - Role: Tour Guide - IP: 127.0.0.1 - UA: Mozilla/5.0 (Windows NT 10.0; Win64; x64) AppleWebKit/537.36 (KHTML, like Gecko) Chrome/151.0.0.0 Safari/537.36
[2026-08-27T17:33:06.482Z] [LOG] [HTTP-REQUEST] GET /workflow/state 304 - 2ms - Role: Traveler - IP: 127.0.0.1 - UA: Mozilla/5.0 (Windows NT 10.0; Win64; x64) AppleWebKit/537.36 (KHTML, like Gecko) Chrome/151.0.0.0 Safari/537.36
[2026-08-27T17:33:06.486Z] [LOG] [HTTP-REQUEST] GET /workflow/state 304 - 2ms - Role: Support Executive - IP: 127.0.0.1 - UA: Mozilla/5.0 (Windows NT 10.0; Win64; x64) AppleWebKit/537.36 (KHTML, like Gecko) Chrome/151.0.0.0 Safari/537.36
[2026-08-27T17:33:06.490Z] [LOG] [HTTP-REQUEST] GET /workflow/state 304 - 2ms - Role: Travel Partner - IP: 127.0.0.1 - UA: Mozilla/5.0 (Windows NT 10.0; Win64; x64) AppleWebKit/537.36 (KHTML, like Gecko) Chrome/151.0.0.0 Safari/537.36
[2026-08-27T17:33:08.999Z] [HEARTBEAT] Log sync check. Status: OK
[2026-08-27T17:33:09.257Z] [LOG] [HTTP-REQUEST] GET /workflow/state 304 - 2ms - Role: Vendor - IP: 127.0.0.1 - UA: Mozilla/5.0 (Windows NT 10.0; Win64; x64) AppleWebKit/537.36 (KHTML, like Gecko) Chrome/151.0.0.0 Safari/537.36
[2026-08-27T17:33:09.297Z] [LOG] [HTTP-REQUEST] GET /workflow/state 304 - 1ms - Role: Support Executive - IP: 127.0.0.1 - UA: Mozilla/5.0 (Windows NT 10.0; Win64; x64) AppleWebKit/537.36 (KHTML, like Gecko) Chrome/151.0.0.0 Safari/537.36
[2026-08-27T17:33:09.301Z] [LOG] [HTTP-REQUEST] GET /workflow/state 304 - 2ms - Role: Tour Guide - IP: 127.0.0.1 - UA: Mozilla/5.0 (Windows NT 10.0; Win64; x64) AppleWebKit/537.36 (KHTML, like Gecko) Chrome/151.0.0.0 Safari/537.36
[2026-08-27T17:33:09.312Z] [LOG] [HTTP-REQUEST] GET /workflow/state 304 - 1ms - Role: Travel Partner - IP: 127.0.0.1 - UA: Mozilla/5.0 (Windows NT 10.0; Win64; x64) AppleWebKit/537.36 (KHTML, like Gecko) Chrome/151.0.0.0 Safari/537.36
[2026-08-27T17:33:09.315Z] [LOG] [HTTP-REQUEST] GET /workflow/state 304 - 1ms - Role: Traveler - IP: 127.0.0.1 - UA: Mozilla/5.0 (Windows NT 10.0; Win64; x64) AppleWebKit/537.36 (KHTML, like Gecko) Chrome/151.0.0.0 Safari/537.36
[2026-08-27T17:33:23.439Z] [LOG] [HTTP-REQUEST] GET /workflow/state 304 - 1ms - Role: Tour Guide - IP: 127.0.0.1 - UA: Mozilla/5.0 (Windows NT 10.0; Win64; x64) AppleWebKit/537.36 (KHTML, like Gecko) Chrome/151.0.0.0 Safari/537.36
[2026-08-27T17:33:24.005Z] [HEARTBEAT] Log sync check. Status: OK
[2026-08-27T17:33:24.295Z] [LOG] [HTTP-REQUEST] GET /workflow/state 304 - 2ms - Role: Tour Guide - IP: 127.0.0.1 - UA: Mozilla/5.0 (Windows NT 10.0; Win64; x64) AppleWebKit/537.36 (KHTML, like Gecko) Chrome/151.0.0.0 Safari/537.36
[2026-08-27T17:33:24.299Z] [LOG] [HTTP-REQUEST] GET /workflow/state 304 - 2ms - Role: Support Executive - IP: 127.0.0.1 - UA: Mozilla/5.0 (Windows NT 10.0; Win64; x64) AppleWebKit/537.36 (KHTML, like Gecko) Chrome/151.0.0.0 Safari/537.36
[2026-08-27T17:33:24.308Z] [LOG] [HTTP-REQUEST] GET /workflow/state 304 - 2ms - Role: Vendor - IP: 127.0.0.1 - UA: Mozilla/5.0 (Windows NT 10.0; Win64; x64) AppleWebKit/537.36 (KHTML, like Gecko) Chrome/151.0.0.0 Safari/537.36
[2026-08-27T17:33:24.313Z] [LOG] [HTTP-REQUEST] GET /workflow/state 304 - 2ms - Role: Traveler - IP: 127.0.0.1 - UA: Mozilla/5.0 (Windows NT 10.0; Win64; x64) AppleWebKit/537.36 (KHTML, like Gecko) Chrome/151.0.0.0 Safari/537.36
[2026-08-27T17:33:24.326Z] [LOG] [HTTP-REQUEST] GET /workflow/state 304 - 2ms - Role: Travel Partner - IP: 127.0.0.1 - UA: Mozilla/5.0 (Windows NT 10.0; Win64; x64) AppleWebKit/537.36 (KHTML, like Gecko) Chrome/151.0.0.0 Safari/537.36
[2026-08-27T17:33:25.931Z] [LOG] [HTTP-REQUEST] GET /workflow/state 304 - 1ms - Role: Tour Guide - IP: 127.0.0.1 - UA: Mozilla/5.0 (Windows NT 10.0; Win64; x64) AppleWebKit/537.36 (KHTML, like Gecko) Chrome/151.0.0.0 Safari/537.36
[2026-08-27T17:33:36.991Z] [LOG] [HTTP-REQUEST] PUT /workflow/state 200 - 21ms - Role: Tour Guide - IP: 127.0.0.1 - UA: Mozilla/5.0 (Windows NT 10.0; Win64; x64) AppleWebKit/537.36 (KHTML, like Gecko) Chrome/151.0.0.0 Safari/537.36
[2026-08-27T17:33:37.263Z] [LOG] [HTTP-REQUEST] GET /workflow/state 200 - 1ms - Role: Tour Guide - IP: 127.0.0.1 - UA: Mozilla/5.0 (Windows NT 10.0; Win64; x64) AppleWebKit/537.36 (KHTML, like Gecko) Chrome/151.0.0.0 Safari/537.36
[2026-08-27T17:33:37.337Z] [LOG] [HTTP-REQUEST] GET /workflow/state 304 - 2ms - Role: Support Executive - IP: 127.0.0.1 - UA: Mozilla/5.0 (Windows NT 10.0; Win64; x64) AppleWebKit/537.36 (KHTML, like Gecko) Chrome/151.0.0.0 Safari/537.36
[2026-08-27T17:33:37.340Z] [LOG] [HTTP-REQUEST] GET /workflow/state 304 - 1ms - Role: Traveler - IP: 127.0.0.1 - UA: Mozilla/5.0 (Windows NT 10.0; Win64; x64) AppleWebKit/537.36 (KHTML, like Gecko) Chrome/151.0.0.0 Safari/537.36
[2026-08-27T17:33:37.349Z] [LOG] [HTTP-REQUEST] GET /workflow/state 304 - 1ms - Role: Vendor - IP: 127.0.0.1 - UA: Mozilla/5.0 (Windows NT 10.0; Win64; x64) AppleWebKit/537.36 (KHTML, like Gecko) Chrome/151.0.0.0 Safari/537.36
[2026-08-27T17:33:37.352Z] [LOG] [HTTP-REQUEST] GET /workflow/state 304 - 1ms - Role: Travel Partner - IP: 127.0.0.1 - UA: Mozilla/5.0 (Windows NT 10.0; Win64; x64) AppleWebKit/537.36 (KHTML, like Gecko) Chrome/151.0.0.0 Safari/537.36
[2026-08-27T17:33:37.545Z] [LOG] [HTTP-REQUEST] GET /workflow/state 304 - 1ms - Role: Tour Guide - IP: 127.0.0.1 - UA: Mozilla/5.0 (Windows NT 10.0; Win64; x64) AppleWebKit/537.36 (KHTML, like Gecko) Chrome/151.0.0.0 Safari/537.36
[2026-08-27T17:33:37.561Z] [LOG] [HTTP-REQUEST] GET /workflow/state 304 - 2ms - Role: Support Executive - IP: 127.0.0.1 - UA: Mozilla/5.0 (Windows NT 10.0; Win64; x64) AppleWebKit/537.36 (KHTML, like Gecko) Chrome/151.0.0.0 Safari/537.36
[2026-08-27T17:33:37.565Z] [LOG] [HTTP-REQUEST] GET /workflow/state 304 - 1ms - Role: Traveler - IP: 127.0.0.1 - UA: Mozilla/5.0 (Windows NT 10.0; Win64; x64) AppleWebKit/537.36 (KHTML, like Gecko) Chrome/151.0.0.0 Safari/537.36
[2026-08-27T17:33:37.674Z] [LOG] [HTTP-REQUEST] GET /workflow/state 304 - 2ms - Role: Vendor - IP: 127.0.0.1 - UA: Mozilla/5.0 (Windows NT 10.0; Win64; x64) AppleWebKit/537.36 (KHTML, like Gecko) Chrome/151.0.0.0 Safari/537.36
[2026-08-27T17:33:37.680Z] [LOG] [HTTP-REQUEST] GET /workflow/state 304 - 1ms - Role: Travel Partner - IP: 127.0.0.1 - UA: Mozilla/5.0 (Windows NT 10.0; Win64; x64) AppleWebKit/537.36 (KHTML, like Gecko) Chrome/151.0.0.0 Safari/537.36
[2026-08-27T17:33:39.005Z] [HEARTBEAT] Log sync check. Status: OK
[2026-08-27T17:33:39.272Z] [LOG] [HTTP-REQUEST] GET /workflow/state 304 - 1ms - Role: Tour Guide - IP: 127.0.0.1 - UA: Mozilla/5.0 (Windows NT 10.0; Win64; x64) AppleWebKit/537.36 (KHTML, like Gecko) Chrome/151.0.0.0 Safari/537.36
[2026-08-27T17:33:39.290Z] [LOG] [HTTP-REQUEST] GET /workflow/state 304 - 2ms - Role: Traveler - IP: 127.0.0.1 - UA: Mozilla/5.0 (Windows NT 10.0; Win64; x64) AppleWebKit/537.36 (KHTML, like Gecko) Chrome/151.0.0.0 Safari/537.36
[2026-08-27T17:33:39.305Z] [LOG] [HTTP-REQUEST] GET /workflow/state 304 - 2ms - Role: Support Executive - IP: 127.0.0.1 - UA: Mozilla/5.0 (Windows NT 10.0; Win64; x64) AppleWebKit/537.36 (KHTML, like Gecko) Chrome/151.0.0.0 Safari/537.36
[2026-08-27T17:33:39.308Z] [LOG] [HTTP-REQUEST] GET /workflow/state 304 - 2ms - Role: Vendor - IP: 127.0.0.1 - UA: Mozilla/5.0 (Windows NT 10.0; Win64; x64) AppleWebKit/537.36 (KHTML, like Gecko) Chrome/151.0.0.0 Safari/537.36
[2026-08-27T17:33:39.312Z] [LOG] [HTTP-REQUEST] GET /workflow/state 304 - 2ms - Role: Travel Partner - IP: 127.0.0.1 - UA: Mozilla/5.0 (Windows NT 10.0; Win64; x64) AppleWebKit/537.36 (KHTML, like Gecko) Chrome/151.0.0.0 Safari/537.36
[2026-08-27T17:33:54.012Z] [HEARTBEAT] Log sync check. Status: OK
[2026-08-27T17:33:54.345Z] [LOG] [HTTP-REQUEST] GET /workflow/state 304 - 2ms - Role: Vendor - IP: 127.0.0.1 - UA: Mozilla/5.0 (Windows NT 10.0; Win64; x64) AppleWebKit/537.36 (KHTML, like Gecko) Chrome/151.0.0.0 Safari/537.36
[2026-08-27T17:33:54.352Z] [LOG] [HTTP-REQUEST] GET /workflow/state 304 - 3ms - Role: Traveler - IP: 127.0.0.1 - UA: Mozilla/5.0 (Windows NT 10.0; Win64; x64) AppleWebKit/537.36 (KHTML, like Gecko) Chrome/151.0.0.0 Safari/537.36
[2026-08-27T17:33:54.364Z] [LOG] [HTTP-REQUEST] GET /workflow/state 304 - 2ms - Role: Tour Guide - IP: 127.0.0.1 - UA: Mozilla/5.0 (Windows NT 10.0; Win64; x64) AppleWebKit/537.36 (KHTML, like Gecko) Chrome/151.0.0.0 Safari/537.36
[2026-08-27T17:33:54.370Z] [LOG] [HTTP-REQUEST] GET /workflow/state 304 - 2ms - Role: Support Executive - IP: 127.0.0.1 - UA: Mozilla/5.0 (Windows NT 10.0; Win64; x64) AppleWebKit/537.36 (KHTML, like Gecko) Chrome/151.0.0.0 Safari/537.36
[2026-08-27T17:33:54.374Z] [LOG] [HTTP-REQUEST] GET /workflow/state 304 - 2ms - Role: Travel Partner - IP: 127.0.0.1 - UA: Mozilla/5.0 (Windows NT 10.0; Win64; x64) AppleWebKit/537.36 (KHTML, like Gecko) Chrome/151.0.0.0 Safari/537.36
[2026-08-27T17:33:57.520Z] [LOG] [HTTP-REQUEST] GET /workflow/state 304 - 2ms - Role: Traveler - IP: 127.0.0.1 - UA: Mozilla/5.0 (Windows NT 10.0; Win64; x64) AppleWebKit/537.36 (KHTML, like Gecko) Chrome/151.0.0.0 Safari/537.36
[2026-08-27T17:34:09.021Z] [HEARTBEAT] Log sync check. Status: OK
[2026-08-27T17:34:09.312Z] [LOG] [HTTP-REQUEST] GET /workflow/state 304 - 2ms - Role: Traveler - IP: 127.0.0.1 - UA: Mozilla/5.0 (Windows NT 10.0; Win64; x64) AppleWebKit/537.36 (KHTML, like Gecko) Chrome/151.0.0.0 Safari/537.36
[2026-08-27T17:34:09.328Z] [LOG] [HTTP-REQUEST] GET /workflow/state 304 - 1ms - Role: Vendor - IP: 127.0.0.1 - UA: Mozilla/5.0 (Windows NT 10.0; Win64; x64) AppleWebKit/537.36 (KHTML, like Gecko) Chrome/151.0.0.0 Safari/537.36
[2026-08-27T17:34:09.333Z] [LOG] [HTTP-REQUEST] GET /workflow/state 304 - 2ms - Role: Support Executive - IP: 127.0.0.1 - UA: Mozilla/5.0 (Windows NT 10.0; Win64; x64) AppleWebKit/537.36 (KHTML, like Gecko) Chrome/151.0.0.0 Safari/537.36
[2026-08-27T17:34:09.337Z] [LOG] [HTTP-REQUEST] GET /workflow/state 304 - 2ms - Role: Travel Partner - IP: 127.0.0.1 - UA: Mozilla/5.0 (Windows NT 10.0; Win64; x64) AppleWebKit/537.36 (KHTML, like Gecko) Chrome/151.0.0.0 Safari/537.36
[2026-08-27T17:34:09.345Z] [LOG] [HTTP-REQUEST] GET /workflow/state 304 - 2ms - Role: Tour Guide - IP: 127.0.0.1 - UA: Mozilla/5.0 (Windows NT 10.0; Win64; x64) AppleWebKit/537.36 (KHTML, like Gecko) Chrome/151.0.0.0 Safari/537.36
[2026-08-27T17:34:24.027Z] [HEARTBEAT] Log sync check. Status: OK
[2026-08-27T17:34:24.298Z] [LOG] [HTTP-REQUEST] GET /workflow/state 304 - 2ms - Role: Traveler - IP: 127.0.0.1 - UA: Mozilla/5.0 (Windows NT 10.0; Win64; x64) AppleWebKit/537.36 (KHTML, like Gecko) Chrome/151.0.0.0 Safari/537.36
[2026-08-27T17:34:24.316Z] [LOG] [HTTP-REQUEST] GET /workflow/state 304 - 2ms - Role: Support Executive - IP: 127.0.0.1 - UA: Mozilla/5.0 (Windows NT 10.0; Win64; x64) AppleWebKit/537.36 (KHTML, like Gecko) Chrome/151.0.0.0 Safari/537.36
[2026-08-27T17:34:24.318Z] [LOG] [HTTP-REQUEST] GET /workflow/state 304 - 1ms - Role: Vendor - IP: 127.0.0.1 - UA: Mozilla/5.0 (Windows NT 10.0; Win64; x64) AppleWebKit/537.36 (KHTML, like Gecko) Chrome/151.0.0.0 Safari/537.36
[2026-08-27T17:34:24.325Z] [LOG] [HTTP-REQUEST] GET /workflow/state 304 - 2ms - Role: Travel Partner - IP: 127.0.0.1 - UA: Mozilla/5.0 (Windows NT 10.0; Win64; x64) AppleWebKit/537.36 (KHTML, like Gecko) Chrome/151.0.0.0 Safari/537.36
[2026-08-27T17:34:24.334Z] [LOG] [HTTP-REQUEST] GET /workflow/state 304 - 2ms - Role: Tour Guide - IP: 127.0.0.1 - UA: Mozilla/5.0 (Windows NT 10.0; Win64; x64) AppleWebKit/537.36 (KHTML, like Gecko) Chrome/151.0.0.0 Safari/537.36
[2026-08-27T17:34:36.890Z] [WARN] [HTTP-REQUEST] POST /upload 401 - 6ms - Role: Anonymous - IP: 127.0.0.1 - UA: Mozilla/5.0 (Windows NT 10.0; Win64; x64) AppleWebKit/537.36 (KHTML, like Gecko) Chrome/151.0.0.0 Safari/537.36
[2026-08-27T17:34:37.074Z] [LOG] [HTTP-REQUEST] GET /workflow/state 304 - 1ms - Role: Traveler - IP: 127.0.0.1 - UA: Mozilla/5.0 (Windows NT 10.0; Win64; x64) AppleWebKit/537.36 (KHTML, like Gecko) Chrome/151.0.0.0 Safari/537.36
[2026-08-27T17:34:37.245Z] [LOG] [HTTP-REQUEST] GET /workflow/state 304 - 1ms - Role: Support Executive - IP: 127.0.0.1 - UA: Mozilla/5.0 (Windows NT 10.0; Win64; x64) AppleWebKit/537.36 (KHTML, like Gecko) Chrome/151.0.0.0 Safari/537.36
[2026-08-27T17:34:37.252Z] [LOG] [HTTP-REQUEST] GET /workflow/state 304 - 1ms - Role: Vendor - IP: 127.0.0.1 - UA: Mozilla/5.0 (Windows NT 10.0; Win64; x64) AppleWebKit/537.36 (KHTML, like Gecko) Chrome/151.0.0.0 Safari/537.36
[2026-08-27T17:34:37.264Z] [LOG] [HTTP-REQUEST] GET /workflow/state 304 - 2ms - Role: Travel Partner - IP: 127.0.0.1 - UA: Mozilla/5.0 (Windows NT 10.0; Win64; x64) AppleWebKit/537.36 (KHTML, like Gecko) Chrome/151.0.0.0 Safari/537.36
[2026-08-27T17:34:37.273Z] [LOG] [HTTP-REQUEST] GET /workflow/state 304 - 2ms - Role: Tour Guide - IP: 127.0.0.1 - UA: Mozilla/5.0 (Windows NT 10.0; Win64; x64) AppleWebKit/537.36 (KHTML, like Gecko) Chrome/151.0.0.0 Safari/537.36
[2026-08-27T17:34:37.494Z] [LOG] [HTTP-REQUEST] GET /workflow/state 304 - 2ms - Role: Traveler - IP: 127.0.0.1 - UA: Mozilla/5.0 (Windows NT 10.0; Win64; x64) AppleWebKit/537.36 (KHTML, like Gecko) Chrome/151.0.0.0 Safari/537.36
[2026-08-27T17:34:37.511Z] [LOG] [HTTP-REQUEST] GET /workflow/state 304 - 1ms - Role: Support Executive - IP: 127.0.0.1 - UA: Mozilla/5.0 (Windows NT 10.0; Win64; x64) AppleWebKit/537.36 (KHTML, like Gecko) Chrome/151.0.0.0 Safari/537.36
[2026-08-27T17:34:37.523Z] [LOG] [HTTP-REQUEST] GET /workflow/state 304 - 2ms - Role: Vendor - IP: 127.0.0.1 - UA: Mozilla/5.0 (Windows NT 10.0; Win64; x64) AppleWebKit/537.36 (KHTML, like Gecko) Chrome/151.0.0.0 Safari/537.36
[2026-08-27T17:34:37.527Z] [LOG] [HTTP-REQUEST] GET /workflow/state 304 - 2ms - Role: Travel Partner - IP: 127.0.0.1 - UA: Mozilla/5.0 (Windows NT 10.0; Win64; x64) AppleWebKit/537.36 (KHTML, like Gecko) Chrome/151.0.0.0 Safari/537.36
[2026-08-27T17:34:39.041Z] [HEARTBEAT] Log sync check. Status: OK
[2026-08-27T17:34:39.358Z] [LOG] [HTTP-REQUEST] GET /workflow/state 304 - 1ms - Role: Traveler - IP: 127.0.0.1 - UA: Mozilla/5.0 (Windows NT 10.0; Win64; x64) AppleWebKit/537.36 (KHTML, like Gecko) Chrome/151.0.0.0 Safari/537.36
[2026-08-27T17:34:39.364Z] [LOG] [HTTP-REQUEST] GET /workflow/state 304 - 2ms - Role: Vendor - IP: 127.0.0.1 - UA: Mozilla/5.0 (Windows NT 10.0; Win64; x64) AppleWebKit/537.36 (KHTML, like Gecko) Chrome/151.0.0.0 Safari/537.36
[2026-08-27T17:34:39.375Z] [LOG] [HTTP-REQUEST] GET /workflow/state 304 - 2ms - Role: Support Executive - IP: 127.0.0.1 - UA: Mozilla/5.0 (Windows NT 10.0; Win64; x64) AppleWebKit/537.36 (KHTML, like Gecko) Chrome/151.0.0.0 Safari/537.36
[2026-08-27T17:34:39.380Z] [LOG] [HTTP-REQUEST] GET /workflow/state 304 - 2ms - Role: Travel Partner - IP: 127.0.0.1 - UA: Mozilla/5.0 (Windows NT 10.0; Win64; x64) AppleWebKit/537.36 (KHTML, like Gecko) Chrome/151.0.0.0 Safari/537.36
[2026-08-27T17:34:39.388Z] [LOG] [HTTP-REQUEST] GET /workflow/state 304 - 2ms - Role: Tour Guide - IP: 127.0.0.1 - UA: Mozilla/5.0 (Windows NT 10.0; Win64; x64) AppleWebKit/537.36 (KHTML, like Gecko) Chrome/151.0.0.0 Safari/537.36
[2026-08-27T17:34:47.504Z] [WARN] [HTTP-REQUEST] POST /upload 401 - 4ms - Role: Anonymous - IP: 127.0.0.1 - UA: Mozilla/5.0 (Windows NT 10.0; Win64; x64) AppleWebKit/537.36 (KHTML, like Gecko) Chrome/151.0.0.0 Safari/537.36
[2026-08-27T17:34:47.795Z] [LOG] [HTTP-REQUEST] GET /workflow/state 304 - 2ms - Role: Traveler - IP: 127.0.0.1 - UA: Mozilla/5.0 (Windows NT 10.0; Win64; x64) AppleWebKit/537.36 (KHTML, like Gecko) Chrome/151.0.0.0 Safari/537.36
[2026-08-27T17:34:47.807Z] [LOG] [HTTP-REQUEST] GET /workflow/state 304 - 1ms - Role: Vendor - IP: 127.0.0.1 - UA: Mozilla/5.0 (Windows NT 10.0; Win64; x64) AppleWebKit/537.36 (KHTML, like Gecko) Chrome/151.0.0.0 Safari/537.36
[2026-08-27T17:34:47.812Z] [LOG] [HTTP-REQUEST] GET /workflow/state 304 - 2ms - Role: Support Executive - IP: 127.0.0.1 - UA: Mozilla/5.0 (Windows NT 10.0; Win64; x64) AppleWebKit/537.36 (KHTML, like Gecko) Chrome/151.0.0.0 Safari/537.36
[2026-08-27T17:34:47.824Z] [LOG] [HTTP-REQUEST] GET /workflow/state 304 - 2ms - Role: Tour Guide - IP: 127.0.0.1 - UA: Mozilla/5.0 (Windows NT 10.0; Win64; x64) AppleWebKit/537.36 (KHTML, like Gecko) Chrome/151.0.0.0 Safari/537.36
[2026-08-27T17:34:47.831Z] [LOG] [HTTP-REQUEST] GET /workflow/state 304 - 2ms - Role: Travel Partner - IP: 127.0.0.1 - UA: Mozilla/5.0 (Windows NT 10.0; Win64; x64) AppleWebKit/537.36 (KHTML, like Gecko) Chrome/151.0.0.0 Safari/537.36
[2026-08-27T17:34:48.047Z] [LOG] [HTTP-REQUEST] GET /workflow/state 304 - 2ms - Role: Traveler - IP: 127.0.0.1 - UA: Mozilla/5.0 (Windows NT 10.0; Win64; x64) AppleWebKit/537.36 (KHTML, like Gecko) Chrome/151.0.0.0 Safari/537.36
[2026-08-27T17:34:48.080Z] [LOG] [HTTP-REQUEST] GET /workflow/state 304 - 2ms - Role: Support Executive - IP: 127.0.0.1 - UA: Mozilla/5.0 (Windows NT 10.0; Win64; x64) AppleWebKit/537.36 (KHTML, like Gecko) Chrome/151.0.0.0 Safari/537.36
[2026-08-27T17:34:48.085Z] [LOG] [HTTP-REQUEST] GET /workflow/state 304 - 1ms - Role: Tour Guide - IP: 127.0.0.1 - UA: Mozilla/5.0 (Windows NT 10.0; Win64; x64) AppleWebKit/537.36 (KHTML, like Gecko) Chrome/151.0.0.0 Safari/537.36
[2026-08-27T17:34:48.088Z] [LOG] [HTTP-REQUEST] GET /workflow/state 304 - 1ms - Role: Vendor - IP: 127.0.0.1 - UA: Mozilla/5.0 (Windows NT 10.0; Win64; x64) AppleWebKit/537.36 (KHTML, like Gecko) Chrome/151.0.0.0 Safari/537.36
[2026-08-27T17:34:54.049Z] [HEARTBEAT] Log sync check. Status: OK
[2026-08-27T17:34:54.355Z] [LOG] [HTTP-REQUEST] GET /workflow/state 304 - 3ms - Role: Traveler - IP: 127.0.0.1 - UA: Mozilla/5.0 (Windows NT 10.0; Win64; x64) AppleWebKit/537.36 (KHTML, like Gecko) Chrome/151.0.0.0 Safari/537.36
[2026-08-27T17:34:54.362Z] [LOG] [HTTP-REQUEST] GET /workflow/state 304 - 1ms - Role: Support Executive - IP: 127.0.0.1 - UA: Mozilla/5.0 (Windows NT 10.0; Win64; x64) AppleWebKit/537.36 (KHTML, like Gecko) Chrome/151.0.0.0 Safari/537.36
[2026-08-27T17:34:54.367Z] [LOG] [HTTP-REQUEST] GET /workflow/state 304 - 2ms - Role: Vendor - IP: 127.0.0.1 - UA: Mozilla/5.0 (Windows NT 10.0; Win64; x64) AppleWebKit/537.36 (KHTML, like Gecko) Chrome/151.0.0.0 Safari/537.36
[2026-08-27T17:34:54.370Z] [LOG] [HTTP-REQUEST] GET /workflow/state 304 - 1ms - Role: Tour Guide - IP: 127.0.0.1 - UA: Mozilla/5.0 (Windows NT 10.0; Win64; x64) AppleWebKit/537.36 (KHTML, like Gecko) Chrome/151.0.0.0 Safari/537.36
[2026-08-27T17:34:54.385Z] [LOG] [HTTP-REQUEST] GET /workflow/state 304 - 3ms - Role: Travel Partner - IP: 127.0.0.1 - UA: Mozilla/5.0 (Windows NT 10.0; Win64; x64) AppleWebKit/537.36 (KHTML, like Gecko) Chrome/151.0.0.0 Safari/537.36
[2026-08-27T17:34:59.979Z] [WARN] [HTTP-REQUEST] POST /upload 401 - 8ms - Role: Anonymous - IP: 127.0.0.1 - UA: Mozilla/5.0 (Windows NT 10.0; Win64; x64) AppleWebKit/537.36 (KHTML, like Gecko) Chrome/151.0.0.0 Safari/537.36
[2026-08-27T17:35:00.219Z] [LOG] [HTTP-REQUEST] GET /workflow/state 304 - 1ms - Role: Traveler - IP: 127.0.0.1 - UA: Mozilla/5.0 (Windows NT 10.0; Win64; x64) AppleWebKit/537.36 (KHTML, like Gecko) Chrome/151.0.0.0 Safari/537.36
[2026-08-27T17:35:00.235Z] [LOG] [HTTP-REQUEST] GET /workflow/state 304 - 1ms - Role: Support Executive - IP: 127.0.0.1 - UA: Mozilla/5.0 (Windows NT 10.0; Win64; x64) AppleWebKit/537.36 (KHTML, like Gecko) Chrome/151.0.0.0 Safari/537.36
[2026-08-27T17:35:00.239Z] [LOG] [HTTP-REQUEST] GET /workflow/state 304 - 2ms - Role: Vendor - IP: 127.0.0.1 - UA: Mozilla/5.0 (Windows NT 10.0; Win64; x64) AppleWebKit/537.36 (KHTML, like Gecko) Chrome/151.0.0.0 Safari/537.36
[2026-08-27T17:35:00.248Z] [LOG] [HTTP-REQUEST] GET /workflow/state 304 - 2ms - Role: Tour Guide - IP: 127.0.0.1 - UA: Mozilla/5.0 (Windows NT 10.0; Win64; x64) AppleWebKit/537.36 (KHTML, like Gecko) Chrome/151.0.0.0 Safari/537.36
[2026-08-27T17:35:00.260Z] [LOG] [HTTP-REQUEST] GET /workflow/state 304 - 2ms - Role: Travel Partner - IP: 127.0.0.1 - UA: Mozilla/5.0 (Windows NT 10.0; Win64; x64) AppleWebKit/537.36 (KHTML, like Gecko) Chrome/151.0.0.0 Safari/537.36
[2026-08-27T17:35:00.428Z] [LOG] [HTTP-REQUEST] GET /workflow/state 304 - 1ms - Role: Traveler - IP: 127.0.0.1 - UA: Mozilla/5.0 (Windows NT 10.0; Win64; x64) AppleWebKit/537.36 (KHTML, like Gecko) Chrome/151.0.0.0 Safari/537.36
[2026-08-27T17:35:00.436Z] [LOG] [HTTP-REQUEST] GET /workflow/state 304 - 1ms - Role: Support Executive - IP: 127.0.0.1 - UA: Mozilla/5.0 (Windows NT 10.0; Win64; x64) AppleWebKit/537.36 (KHTML, like Gecko) Chrome/151.0.0.0 Safari/537.36
[2026-08-27T17:35:04.697Z] [WARN] [HTTP-REQUEST] POST /upload 401 - 4ms - Role: Anonymous - IP: 127.0.0.1 - UA: Mozilla/5.0 (Windows NT 10.0; Win64; x64) AppleWebKit/537.36 (KHTML, like Gecko) Chrome/151.0.0.0 Safari/537.36
[2026-08-27T17:35:04.894Z] [LOG] [HTTP-REQUEST] GET /workflow/state 304 - 1ms - Role: Traveler - IP: 127.0.0.1 - UA: Mozilla/5.0 (Windows NT 10.0; Win64; x64) AppleWebKit/537.36 (KHTML, like Gecko) Chrome/151.0.0.0 Safari/537.36
[2026-08-27T17:35:04.971Z] [LOG] [HTTP-REQUEST] GET /workflow/state 304 - 1ms - Role: Support Executive - IP: 127.0.0.1 - UA: Mozilla/5.0 (Windows NT 10.0; Win64; x64) AppleWebKit/537.36 (KHTML, like Gecko) Chrome/151.0.0.0 Safari/537.36
[2026-08-27T17:35:04.975Z] [LOG] [HTTP-REQUEST] GET /workflow/state 304 - 2ms - Role: Vendor - IP: 127.0.0.1 - UA: Mozilla/5.0 (Windows NT 10.0; Win64; x64) AppleWebKit/537.36 (KHTML, like Gecko) Chrome/151.0.0.0 Safari/537.36
[2026-08-27T17:35:04.984Z] [LOG] [HTTP-REQUEST] GET /workflow/state 304 - 2ms - Role: Tour Guide - IP: 127.0.0.1 - UA: Mozilla/5.0 (Windows NT 10.0; Win64; x64) AppleWebKit/537.36 (KHTML, like Gecko) Chrome/151.0.0.0 Safari/537.36
[2026-08-27T17:35:04.989Z] [LOG] [HTTP-REQUEST] GET /workflow/state 304 - 2ms - Role: Travel Partner - IP: 127.0.0.1 - UA: Mozilla/5.0 (Windows NT 10.0; Win64; x64) AppleWebKit/537.36 (KHTML, like Gecko) Chrome/151.0.0.0 Safari/537.36
[2026-08-27T17:35:09.062Z] [HEARTBEAT] Log sync check. Status: OK
[2026-08-27T17:35:09.369Z] [LOG] [HTTP-REQUEST] GET /workflow/state 304 - 2ms - Role: Traveler - IP: 127.0.0.1 - UA: Mozilla/5.0 (Windows NT 10.0; Win64; x64) AppleWebKit/537.36 (KHTML, like Gecko) Chrome/151.0.0.0 Safari/537.36
[2026-08-27T17:35:09.381Z] [LOG] [HTTP-REQUEST] GET /workflow/state 304 - 1ms - Role: Support Executive - IP: 127.0.0.1 - UA: Mozilla/5.0 (Windows NT 10.0; Win64; x64) AppleWebKit/537.36 (KHTML, like Gecko) Chrome/151.0.0.0 Safari/537.36
[2026-08-27T17:35:09.388Z] [LOG] [HTTP-REQUEST] GET /workflow/state 304 - 2ms - Role: Vendor - IP: 127.0.0.1 - UA: Mozilla/5.0 (Windows NT 10.0; Win64; x64) AppleWebKit/537.36 (KHTML, like Gecko) Chrome/151.0.0.0 Safari/537.36
[2026-08-27T17:35:09.398Z] [LOG] [HTTP-REQUEST] GET /workflow/state 304 - 2ms - Role: Travel Partner - IP: 127.0.0.1 - UA: Mozilla/5.0 (Windows NT 10.0; Win64; x64) AppleWebKit/537.36 (KHTML, like Gecko) Chrome/151.0.0.0 Safari/537.36
[2026-08-27T17:35:09.409Z] [LOG] [HTTP-REQUEST] GET /workflow/state 304 - 2ms - Role: Tour Guide - IP: 127.0.0.1 - UA: Mozilla/5.0 (Windows NT 10.0; Win64; x64) AppleWebKit/537.36 (KHTML, like Gecko) Chrome/151.0.0.0 Safari/537.36
[2026-08-27T17:35:17.608Z] [WARN] [HTTP-REQUEST] POST /upload 401 - 3ms - Role: Anonymous - IP: 127.0.0.1 - UA: Mozilla/5.0 (Windows NT 10.0; Win64; x64) AppleWebKit/537.36 (KHTML, like Gecko) Chrome/151.0.0.0 Safari/537.36
[2026-08-27T17:35:17.857Z] [LOG] [HTTP-REQUEST] GET /workflow/state 304 - 1ms - Role: Traveler - IP: 127.0.0.1 - UA: Mozilla/5.0 (Windows NT 10.0; Win64; x64) AppleWebKit/537.36 (KHTML, like Gecko) Chrome/151.0.0.0 Safari/537.36
[2026-08-27T17:35:17.874Z] [LOG] [HTTP-REQUEST] GET /workflow/state 304 - 2ms - Role: Support Executive - IP: 127.0.0.1 - UA: Mozilla/5.0 (Windows NT 10.0; Win64; x64) AppleWebKit/537.36 (KHTML, like Gecko) Chrome/151.0.0.0 Safari/537.36
[2026-08-27T17:35:17.882Z] [LOG] [HTTP-REQUEST] GET /workflow/state 304 - 2ms - Role: Vendor - IP: 127.0.0.1 - UA: Mozilla/5.0 (Windows NT 10.0; Win64; x64) AppleWebKit/537.36 (KHTML, like Gecko) Chrome/151.0.0.0 Safari/537.36
[2026-08-27T17:35:17.892Z] [LOG] [HTTP-REQUEST] GET /workflow/state 304 - 2ms - Role: Tour Guide - IP: 127.0.0.1 - UA: Mozilla/5.0 (Windows NT 10.0; Win64; x64) AppleWebKit/537.36 (KHTML, like Gecko) Chrome/151.0.0.0 Safari/537.36
[2026-08-27T17:35:17.900Z] [LOG] [HTTP-REQUEST] GET /workflow/state 304 - 2ms - Role: Travel Partner - IP: 127.0.0.1 - UA: Mozilla/5.0 (Windows NT 10.0; Win64; x64) AppleWebKit/537.36 (KHTML, like Gecko) Chrome/151.0.0.0 Safari/537.36
[2026-08-27T17:35:18.113Z] [LOG] [HTTP-REQUEST] GET /workflow/state 304 - 1ms - Role: Traveler - IP: 127.0.0.1 - UA: Mozilla/5.0 (Windows NT 10.0; Win64; x64) AppleWebKit/537.36 (KHTML, like Gecko) Chrome/151.0.0.0 Safari/537.36
[2026-08-27T17:35:18.117Z] [LOG] [HTTP-REQUEST] GET /workflow/state 304 - 2ms - Role: Support Executive - IP: 127.0.0.1 - UA: Mozilla/5.0 (Windows NT 10.0; Win64; x64) AppleWebKit/537.36 (KHTML, like Gecko) Chrome/151.0.0.0 Safari/537.36
[2026-08-27T17:35:18.120Z] [LOG] [HTTP-REQUEST] GET /workflow/state 304 - 2ms - Role: Vendor - IP: 127.0.0.1 - UA: Mozilla/5.0 (Windows NT 10.0; Win64; x64) AppleWebKit/537.36 (KHTML, like Gecko) Chrome/151.0.0.0 Safari/537.36
[2026-08-27T17:35:22.883Z] [LOG] [HTTP-REQUEST] GET /workflow/state 304 - 1ms - Role: Support Executive - IP: 127.0.0.1 - UA: Mozilla/5.0 (Windows NT 10.0; Win64; x64) AppleWebKit/537.36 (KHTML, like Gecko) Chrome/151.0.0.0 Safari/537.36
[2026-08-27T17:35:24.074Z] [HEARTBEAT] Log sync check. Status: OK
[2026-08-27T17:35:24.334Z] [LOG] [HTTP-REQUEST] GET /workflow/state 304 - 1ms - Role: Support Executive - IP: 127.0.0.1 - UA: Mozilla/5.0 (Windows NT 10.0; Win64; x64) AppleWebKit/537.36 (KHTML, like Gecko) Chrome/151.0.0.0 Safari/537.36
[2026-08-27T17:35:24.357Z] [LOG] [HTTP-REQUEST] GET /workflow/state 304 - 2ms - Role: Traveler - IP: 127.0.0.1 - UA: Mozilla/5.0 (Windows NT 10.0; Win64; x64) AppleWebKit/537.36 (KHTML, like Gecko) Chrome/151.0.0.0 Safari/537.36
[2026-08-27T17:35:24.362Z] [LOG] [HTTP-REQUEST] GET /workflow/state 304 - 2ms - Role: Vendor - IP: 127.0.0.1 - UA: Mozilla/5.0 (Windows NT 10.0; Win64; x64) AppleWebKit/537.36 (KHTML, like Gecko) Chrome/151.0.0.0 Safari/537.36
[2026-08-27T17:35:24.366Z] [LOG] [HTTP-REQUEST] GET /workflow/state 304 - 2ms - Role: Travel Partner - IP: 127.0.0.1 - UA: Mozilla/5.0 (Windows NT 10.0; Win64; x64) AppleWebKit/537.36 (KHTML, like Gecko) Chrome/151.0.0.0 Safari/537.36
[2026-08-27T17:35:24.369Z] [LOG] [HTTP-REQUEST] GET /workflow/state 304 - 2ms - Role: Tour Guide - IP: 127.0.0.1 - UA: Mozilla/5.0 (Windows NT 10.0; Win64; x64) AppleWebKit/537.36 (KHTML, like Gecko) Chrome/151.0.0.0 Safari/537.36
[2026-08-27T17:35:28.904Z] [LOG] [HTTP-REQUEST] GET /workflow/state 304 - 3ms - Role: Support Executive - IP: 127.0.0.1 - UA: Mozilla/5.0 (Windows NT 10.0; Win64; x64) AppleWebKit/537.36 (KHTML, like Gecko) Chrome/151.0.0.0 Safari/537.36
[2026-08-27T17:35:34.490Z] [LOG] [HTTP-REQUEST] PUT /workflow/state 200 - 12ms - Role: Support Executive - IP: 127.0.0.1 - UA: Mozilla/5.0 (Windows NT 10.0; Win64; x64) AppleWebKit/537.36 (KHTML, like Gecko) Chrome/151.0.0.0 Safari/537.36
[2026-08-27T17:35:34.735Z] [LOG] [HTTP-REQUEST] GET /workflow/state 200 - 2ms - Role: Support Executive - IP: 127.0.0.1 - UA: Mozilla/5.0 (Windows NT 10.0; Win64; x64) AppleWebKit/537.36 (KHTML, like Gecko) Chrome/151.0.0.0 Safari/537.36
[2026-08-27T17:35:34.767Z] [LOG] [HTTP-REQUEST] GET /workflow/state 304 - 1ms - Role: Traveler - IP: 127.0.0.1 - UA: Mozilla/5.0 (Windows NT 10.0; Win64; x64) AppleWebKit/537.36 (KHTML, like Gecko) Chrome/151.0.0.0 Safari/537.36
[2026-08-27T17:35:34.773Z] [LOG] [HTTP-REQUEST] GET /workflow/state 304 - 1ms - Role: Vendor - IP: 127.0.0.1 - UA: Mozilla/5.0 (Windows NT 10.0; Win64; x64) AppleWebKit/537.36 (KHTML, like Gecko) Chrome/151.0.0.0 Safari/537.36
[2026-08-27T17:35:34.780Z] [LOG] [HTTP-REQUEST] GET /workflow/state 304 - 3ms - Role: Travel Partner - IP: 127.0.0.1 - UA: Mozilla/5.0 (Windows NT 10.0; Win64; x64) AppleWebKit/537.36 (KHTML, like Gecko) Chrome/151.0.0.0 Safari/537.36
[2026-08-27T17:35:34.785Z] [LOG] [HTTP-REQUEST] GET /workflow/state 304 - 3ms - Role: Tour Guide - IP: 127.0.0.1 - UA: Mozilla/5.0 (Windows NT 10.0; Win64; x64) AppleWebKit/537.36 (KHTML, like Gecko) Chrome/151.0.0.0 Safari/537.36
[2026-08-27T17:35:34.986Z] [LOG] [HTTP-REQUEST] GET /workflow/state 304 - 1ms - Role: Support Executive - IP: 127.0.0.1 - UA: Mozilla/5.0 (Windows NT 10.0; Win64; x64) AppleWebKit/537.36 (KHTML, like Gecko) Chrome/151.0.0.0 Safari/537.36
[2026-08-27T17:35:35.001Z] [LOG] [HTTP-REQUEST] GET /workflow/state 304 - 1ms - Role: Traveler - IP: 127.0.0.1 - UA: Mozilla/5.0 (Windows NT 10.0; Win64; x64) AppleWebKit/537.36 (KHTML, like Gecko) Chrome/151.0.0.0 Safari/537.36
[2026-08-27T17:35:35.991Z] [LOG] [HTTP-REQUEST] GET /workflow/state 304 - 2ms - Role: Support Executive - IP: 127.0.0.1 - UA: Mozilla/5.0 (Windows NT 10.0; Win64; x64) AppleWebKit/537.36 (KHTML, like Gecko) Chrome/151.0.0.0 Safari/537.36
[2026-08-27T17:35:39.082Z] [HEARTBEAT] Log sync check. Status: OK
[2026-08-27T17:35:39.382Z] [LOG] [HTTP-REQUEST] GET /workflow/state 304 - 3ms - Role: Traveler - IP: 127.0.0.1 - UA: Mozilla/5.0 (Windows NT 10.0; Win64; x64) AppleWebKit/537.36 (KHTML, like Gecko) Chrome/151.0.0.0 Safari/537.36
[2026-08-27T17:35:39.400Z] [LOG] [HTTP-REQUEST] GET /workflow/state 304 - 2ms - Role: Vendor - IP: 127.0.0.1 - UA: Mozilla/5.0 (Windows NT 10.0; Win64; x64) AppleWebKit/537.36 (KHTML, like Gecko) Chrome/151.0.0.0 Safari/537.36
[2026-08-27T17:35:39.422Z] [LOG] [HTTP-REQUEST] GET /workflow/state 304 - 3ms - Role: Tour Guide - IP: 127.0.0.1 - UA: Mozilla/5.0 (Windows NT 10.0; Win64; x64) AppleWebKit/537.36 (KHTML, like Gecko) Chrome/151.0.0.0 Safari/537.36
[2026-08-27T17:35:39.426Z] [LOG] [HTTP-REQUEST] GET /workflow/state 304 - 2ms - Role: Support Executive - IP: 127.0.0.1 - UA: Mozilla/5.0 (Windows NT 10.0; Win64; x64) AppleWebKit/537.36 (KHTML, like Gecko) Chrome/151.0.0.0 Safari/537.36
[2026-08-27T17:35:39.435Z] [LOG] [HTTP-REQUEST] GET /workflow/state 304 - 2ms - Role: Travel Partner - IP: 127.0.0.1 - UA: Mozilla/5.0 (Windows NT 10.0; Win64; x64) AppleWebKit/537.36 (KHTML, like Gecko) Chrome/151.0.0.0 Safari/537.36
[2026-08-27T17:35:43.453Z] [WARN] [HTTP-REQUEST] POST /upload 401 - 3ms - Role: Anonymous - IP: 127.0.0.1 - UA: Mozilla/5.0 (Windows NT 10.0; Win64; x64) AppleWebKit/537.36 (KHTML, like Gecko) Chrome/151.0.0.0 Safari/537.36
[2026-08-27T17:35:43.610Z] [LOG] [HTTP-REQUEST] GET /workflow/state 304 - 2ms - Role: Traveler - IP: 127.0.0.1 - UA: Mozilla/5.0 (Windows NT 10.0; Win64; x64) AppleWebKit/537.36 (KHTML, like Gecko) Chrome/151.0.0.0 Safari/537.36
[2026-08-27T17:35:43.809Z] [LOG] [HTTP-REQUEST] GET /workflow/state 304 - 1ms - Role: Vendor - IP: 127.0.0.1 - UA: Mozilla/5.0 (Windows NT 10.0; Win64; x64) AppleWebKit/537.36 (KHTML, like Gecko) Chrome/151.0.0.0 Safari/537.36
[2026-08-27T17:35:43.817Z] [LOG] [HTTP-REQUEST] GET /workflow/state 304 - 2ms - Role: Support Executive - IP: 127.0.0.1 - UA: Mozilla/5.0 (Windows NT 10.0; Win64; x64) AppleWebKit/537.36 (KHTML, like Gecko) Chrome/151.0.0.0 Safari/537.36
[2026-08-27T17:35:43.821Z] [LOG] [HTTP-REQUEST] GET /workflow/state 304 - 2ms - Role: Tour Guide - IP: 127.0.0.1 - UA: Mozilla/5.0 (Windows NT 10.0; Win64; x64) AppleWebKit/537.36 (KHTML, like Gecko) Chrome/151.0.0.0 Safari/537.36
[2026-08-27T17:35:43.828Z] [LOG] [HTTP-REQUEST] GET /workflow/state 304 - 2ms - Role: Travel Partner - IP: 127.0.0.1 - UA: Mozilla/5.0 (Windows NT 10.0; Win64; x64) AppleWebKit/537.36 (KHTML, like Gecko) Chrome/151.0.0.0 Safari/537.36
[2026-08-27T17:35:44.046Z] [LOG] [HTTP-REQUEST] GET /workflow/state 304 - 2ms - Role: Traveler - IP: 127.0.0.1 - UA: Mozilla/5.0 (Windows NT 10.0; Win64; x64) AppleWebKit/537.36 (KHTML, like Gecko) Chrome/151.0.0.0 Safari/537.36
[2026-08-27T17:35:44.061Z] [LOG] [HTTP-REQUEST] GET /workflow/state 304 - 2ms - Role: Vendor - IP: 127.0.0.1 - UA: Mozilla/5.0 (Windows NT 10.0; Win64; x64) AppleWebKit/537.36 (KHTML, like Gecko) Chrome/151.0.0.0 Safari/537.36
[2026-08-27T17:35:44.065Z] [LOG] [HTTP-REQUEST] GET /workflow/state 304 - 2ms - Role: Support Executive - IP: 127.0.0.1 - UA: Mozilla/5.0 (Windows NT 10.0; Win64; x64) AppleWebKit/537.36 (KHTML, like Gecko) Chrome/151.0.0.0 Safari/537.36
[2026-08-27T17:35:54.091Z] [HEARTBEAT] Log sync check. Status: OK
[2026-08-27T17:35:54.461Z] [LOG] [HTTP-REQUEST] GET /workflow/state 304 - 1ms - Role: Support Executive - IP: 127.0.0.1 - UA: Mozilla/5.0 (Windows NT 10.0; Win64; x64) AppleWebKit/537.36 (KHTML, like Gecko) Chrome/151.0.0.0 Safari/537.36
[2026-08-27T17:35:54.465Z] [LOG] [HTTP-REQUEST] GET /workflow/state 304 - 1ms - Role: Vendor - IP: 127.0.0.1 - UA: Mozilla/5.0 (Windows NT 10.0; Win64; x64) AppleWebKit/537.36 (KHTML, like Gecko) Chrome/151.0.0.0 Safari/537.36
[2026-08-27T17:35:54.469Z] [LOG] [HTTP-REQUEST] GET /workflow/state 304 - 2ms - Role: Traveler - IP: 127.0.0.1 - UA: Mozilla/5.0 (Windows NT 10.0; Win64; x64) AppleWebKit/537.36 (KHTML, like Gecko) Chrome/151.0.0.0 Safari/537.36
[2026-08-27T17:35:54.472Z] [LOG] [HTTP-REQUEST] GET /workflow/state 304 - 0ms - Role: Travel Partner - IP: 127.0.0.1 - UA: Mozilla/5.0 (Windows NT 10.0; Win64; x64) AppleWebKit/537.36 (KHTML, like Gecko) Chrome/151.0.0.0 Safari/537.36
[2026-08-27T17:35:54.475Z] [LOG] [HTTP-REQUEST] GET /workflow/state 304 - 1ms - Role: Tour Guide - IP: 127.0.0.1 - UA: Mozilla/5.0 (Windows NT 10.0; Win64; x64) AppleWebKit/537.36 (KHTML, like Gecko) Chrome/151.0.0.0 Safari/537.36
[2026-08-27T17:36:09.097Z] [HEARTBEAT] Log sync check. Status: OK
[2026-08-27T17:36:09.528Z] [LOG] [HTTP-REQUEST] GET /workflow/state 304 - 2ms - Role: Traveler - IP: 127.0.0.1 - UA: Mozilla/5.0 (Windows NT 10.0; Win64; x64) AppleWebKit/537.36 (KHTML, like Gecko) Chrome/151.0.0.0 Safari/537.36
[2026-08-27T17:36:09.530Z] [LOG] [HTTP-REQUEST] GET /workflow/state 304 - 1ms - Role: Support Executive - IP: 127.0.0.1 - UA: Mozilla/5.0 (Windows NT 10.0; Win64; x64) AppleWebKit/537.36 (KHTML, like Gecko) Chrome/151.0.0.0 Safari/537.36
[2026-08-27T17:36:09.533Z] [LOG] [HTTP-REQUEST] GET /workflow/state 304 - 1ms - Role: Vendor - IP: 127.0.0.1 - UA: Mozilla/5.0 (Windows NT 10.0; Win64; x64) AppleWebKit/537.36 (KHTML, like Gecko) Chrome/151.0.0.0 Safari/537.36
[2026-08-27T17:36:09.534Z] [LOG] [HTTP-REQUEST] GET /workflow/state 304 - 0ms - Role: Tour Guide - IP: 127.0.0.1 - UA: Mozilla/5.0 (Windows NT 10.0; Win64; x64) AppleWebKit/537.36 (KHTML, like Gecko) Chrome/151.0.0.0 Safari/537.36
[2026-08-27T17:36:09.540Z] [LOG] [HTTP-REQUEST] GET /workflow/state 304 - 1ms - Role: Travel Partner - IP: 127.0.0.1 - UA: Mozilla/5.0 (Windows NT 10.0; Win64; x64) AppleWebKit/537.36 (KHTML, like Gecko) Chrome/151.0.0.0 Safari/537.36
[2026-08-27T17:36:24.112Z] [HEARTBEAT] Log sync check. Status: OK
[2026-08-27T17:36:24.613Z] [LOG] [HTTP-REQUEST] GET /workflow/state 304 - 1ms - Role: Support Executive - IP: 127.0.0.1 - UA: Mozilla/5.0 (Windows NT 10.0; Win64; x64) AppleWebKit/537.36 (KHTML, like Gecko) Chrome/151.0.0.0 Safari/537.36
[2026-08-27T17:36:24.617Z] [LOG] [HTTP-REQUEST] GET /workflow/state 304 - 2ms - Role: Vendor - IP: 127.0.0.1 - UA: Mozilla/5.0 (Windows NT 10.0; Win64; x64) AppleWebKit/537.36 (KHTML, like Gecko) Chrome/151.0.0.0 Safari/537.36
[2026-08-27T17:36:24.620Z] [LOG] [HTTP-REQUEST] GET /workflow/state 304 - 1ms - Role: Traveler - IP: 127.0.0.1 - UA: Mozilla/5.0 (Windows NT 10.0; Win64; x64) AppleWebKit/537.36 (KHTML, like Gecko) Chrome/151.0.0.0 Safari/537.36
[2026-08-27T17:36:24.622Z] [LOG] [HTTP-REQUEST] GET /workflow/state 304 - 0ms - Role: Travel Partner - IP: 127.0.0.1 - UA: Mozilla/5.0 (Windows NT 10.0; Win64; x64) AppleWebKit/537.36 (KHTML, like Gecko) Chrome/151.0.0.0 Safari/537.36
[2026-08-27T17:36:24.626Z] [LOG] [HTTP-REQUEST] GET /workflow/state 304 - 2ms - Role: Tour Guide - IP: 127.0.0.1 - UA: Mozilla/5.0 (Windows NT 10.0; Win64; x64) AppleWebKit/537.36 (KHTML, like Gecko) Chrome/151.0.0.0 Safari/537.36
[2026-08-27T17:36:39.126Z] [HEARTBEAT] Log sync check. Status: OK
[2026-08-27T17:36:39.513Z] [LOG] [HTTP-REQUEST] GET /workflow/state 304 - 2ms - Role: Vendor - IP: 127.0.0.1 - UA: Mozilla/5.0 (Windows NT 10.0; Win64; x64) AppleWebKit/537.36 (KHTML, like Gecko) Chrome/151.0.0.0 Safari/537.36
[2026-08-27T17:36:39.517Z] [LOG] [HTTP-REQUEST] GET /workflow/state 304 - 2ms - Role: Traveler - IP: 127.0.0.1 - UA: Mozilla/5.0 (Windows NT 10.0; Win64; x64) AppleWebKit/537.36 (KHTML, like Gecko) Chrome/151.0.0.0 Safari/537.36
[2026-08-27T17:36:39.521Z] [LOG] [HTTP-REQUEST] GET /workflow/state 304 - 2ms - Role: Travel Partner - IP: 127.0.0.1 - UA: Mozilla/5.0 (Windows NT 10.0; Win64; x64) AppleWebKit/537.36 (KHTML, like Gecko) Chrome/151.0.0.0 Safari/537.36
[2026-08-27T17:36:39.526Z] [LOG] [HTTP-REQUEST] GET /workflow/state 304 - 1ms - Role: Support Executive - IP: 127.0.0.1 - UA: Mozilla/5.0 (Windows NT 10.0; Win64; x64) AppleWebKit/537.36 (KHTML, like Gecko) Chrome/151.0.0.0 Safari/537.36
[2026-08-27T17:36:39.529Z] [LOG] [HTTP-REQUEST] GET /workflow/state 304 - 1ms - Role: Tour Guide - IP: 127.0.0.1 - UA: Mozilla/5.0 (Windows NT 10.0; Win64; x64) AppleWebKit/537.36 (KHTML, like Gecko) Chrome/151.0.0.0 Safari/537.36
[2026-08-27T17:36:54.132Z] [HEARTBEAT] Log sync check. Status: OK
[2026-08-27T17:36:54.604Z] [LOG] [HTTP-REQUEST] GET /workflow/state 304 - 2ms - Role: Vendor - IP: 127.0.0.1 - UA: Mozilla/5.0 (Windows NT 10.0; Win64; x64) AppleWebKit/537.36 (KHTML, like Gecko) Chrome/151.0.0.0 Safari/537.36
[2026-08-27T17:36:54.608Z] [LOG] [HTTP-REQUEST] GET /workflow/state 304 - 1ms - Role: Support Executive - IP: 127.0.0.1 - UA: Mozilla/5.0 (Windows NT 10.0; Win64; x64) AppleWebKit/537.36 (KHTML, like Gecko) Chrome/151.0.0.0 Safari/537.36
[2026-08-27T17:36:54.612Z] [LOG] [HTTP-REQUEST] GET /workflow/state 304 - 1ms - Role: Travel Partner - IP: 127.0.0.1 - UA: Mozilla/5.0 (Windows NT 10.0; Win64; x64) AppleWebKit/537.36 (KHTML, like Gecko) Chrome/151.0.0.0 Safari/537.36
[2026-08-27T17:36:54.614Z] [LOG] [HTTP-REQUEST] GET /workflow/state 304 - 1ms - Role: Traveler - IP: 127.0.0.1 - UA: Mozilla/5.0 (Windows NT 10.0; Win64; x64) AppleWebKit/537.36 (KHTML, like Gecko) Chrome/151.0.0.0 Safari/537.36
[2026-08-27T17:36:54.617Z] [LOG] [HTTP-REQUEST] GET /workflow/state 304 - 2ms - Role: Tour Guide - IP: 127.0.0.1 - UA: Mozilla/5.0 (Windows NT 10.0; Win64; x64) AppleWebKit/537.36 (KHTML, like Gecko) Chrome/151.0.0.0 Safari/537.36
[2026-08-27T17:36:58.453Z] [LOG] [HTTP-REQUEST] GET /workflow/state 304 - 1ms - Role: Vendor - IP: 127.0.0.1 - UA: Mozilla/5.0 (Windows NT 10.0; Win64; x64) AppleWebKit/537.36 (KHTML, like Gecko) Chrome/151.0.0.0 Safari/537.36
[2026-08-27T17:36:58.460Z] [LOG] [HTTP-REQUEST] GET /workflow/state 304 - 0ms - Role: Support Executive - IP: 127.0.0.1 - UA: Mozilla/5.0 (Windows NT 10.0; Win64; x64) AppleWebKit/537.36 (KHTML, like Gecko) Chrome/151.0.0.0 Safari/537.36
[2026-08-27T17:36:58.462Z] [LOG] [HTTP-REQUEST] GET /workflow/state 304 - 1ms - Role: Traveler - IP: 127.0.0.1 - UA: Mozilla/5.0 (Windows NT 10.0; Win64; x64) AppleWebKit/537.36 (KHTML, like Gecko) Chrome/151.0.0.0 Safari/537.36
[2026-08-27T17:36:58.464Z] [LOG] [HTTP-REQUEST] GET /workflow/state 304 - 1ms - Role: Travel Partner - IP: 127.0.0.1 - UA: Mozilla/5.0 (Windows NT 10.0; Win64; x64) AppleWebKit/537.36 (KHTML, like Gecko) Chrome/151.0.0.0 Safari/537.36
[2026-08-27T17:36:58.465Z] [LOG] [HTTP-REQUEST] GET /workflow/state 304 - 0ms - Role: Tour Guide - IP: 127.0.0.1 - UA: Mozilla/5.0 (Windows NT 10.0; Win64; x64) AppleWebKit/537.36 (KHTML, like Gecko) Chrome/151.0.0.0 Safari/537.36
[2026-08-27T17:36:58.713Z] [LOG] [HTTP-REQUEST] GET /workflow/state 304 - 1ms - Role: Vendor - IP: 127.0.0.1 - UA: Mozilla/5.0 (Windows NT 10.0; Win64; x64) AppleWebKit/537.36 (KHTML, like Gecko) Chrome/151.0.0.0 Safari/537.36
[2026-08-27T17:36:58.715Z] [LOG] [HTTP-REQUEST] GET /workflow/state 304 - 1ms - Role: Support Executive - IP: 127.0.0.1 - UA: Mozilla/5.0 (Windows NT 10.0; Win64; x64) AppleWebKit/537.36 (KHTML, like Gecko) Chrome/151.0.0.0 Safari/537.36
[2026-08-27T17:36:58.727Z] [LOG] [HTTP-REQUEST] GET /workflow/state 304 - 2ms - Role: Traveler - IP: 127.0.0.1 - UA: Mozilla/5.0 (Windows NT 10.0; Win64; x64) AppleWebKit/537.36 (KHTML, like Gecko) Chrome/151.0.0.0 Safari/537.36
[2026-08-27T17:37:09.135Z] [HEARTBEAT] Log sync check. Status: OK
[2026-08-27T17:37:09.548Z] [LOG] [HTTP-REQUEST] GET /workflow/state 304 - 2ms - Role: Traveler - IP: 127.0.0.1 - UA: Mozilla/5.0 (Windows NT 10.0; Win64; x64) AppleWebKit/537.36 (KHTML, like Gecko) Chrome/151.0.0.0 Safari/537.36
[2026-08-27T17:37:09.554Z] [LOG] [HTTP-REQUEST] GET /workflow/state 304 - 1ms - Role: Vendor - IP: 127.0.0.1 - UA: Mozilla/5.0 (Windows NT 10.0; Win64; x64) AppleWebKit/537.36 (KHTML, like Gecko) Chrome/151.0.0.0 Safari/537.36
[2026-08-27T17:37:09.556Z] [LOG] [HTTP-REQUEST] GET /workflow/state 304 - 1ms - Role: Support Executive - IP: 127.0.0.1 - UA: Mozilla/5.0 (Windows NT 10.0; Win64; x64) AppleWebKit/537.36 (KHTML, like Gecko) Chrome/151.0.0.0 Safari/537.36
[2026-08-27T17:37:09.559Z] [LOG] [HTTP-REQUEST] GET /workflow/state 304 - 1ms - Role: Travel Partner - IP: 127.0.0.1 - UA: Mozilla/5.0 (Windows NT 10.0; Win64; x64) AppleWebKit/537.36 (KHTML, like Gecko) Chrome/151.0.0.0 Safari/537.36
[2026-08-27T17:37:09.564Z] [LOG] [HTTP-REQUEST] GET /workflow/state 304 - 2ms - Role: Tour Guide - IP: 127.0.0.1 - UA: Mozilla/5.0 (Windows NT 10.0; Win64; x64) AppleWebKit/537.36 (KHTML, like Gecko) Chrome/151.0.0.0 Safari/537.36
[2026-08-27T17:37:13.346Z] [LOG] [HTTP-REQUEST] GET /workflow/state 304 - 1ms - Role: Vendor - IP: 127.0.0.1 - UA: Mozilla/5.0 (Windows NT 10.0; Win64; x64) AppleWebKit/537.36 (KHTML, like Gecko) Chrome/151.0.0.0 Safari/537.36
[2026-08-27T17:37:13.359Z] [LOG] [HTTP-REQUEST] GET /workflow/state 304 - 3ms - Role: Traveler - IP: 127.0.0.1 - UA: Mozilla/5.0 (Windows NT 10.0; Win64; x64) AppleWebKit/537.36 (KHTML, like Gecko) Chrome/151.0.0.0 Safari/537.36
[2026-08-27T17:37:13.363Z] [LOG] [HTTP-REQUEST] GET /workflow/state 304 - 1ms - Role: Tour Guide - IP: 127.0.0.1 - UA: Mozilla/5.0 (Windows NT 10.0; Win64; x64) AppleWebKit/537.36 (KHTML, like Gecko) Chrome/151.0.0.0 Safari/537.36
[2026-08-27T17:37:13.365Z] [LOG] [HTTP-REQUEST] GET /workflow/state 304 - 0ms - Role: Support Executive - IP: 127.0.0.1 - UA: Mozilla/5.0 (Windows NT 10.0; Win64; x64) AppleWebKit/537.36 (KHTML, like Gecko) Chrome/151.0.0.0 Safari/537.36
[2026-08-27T17:37:13.370Z] [LOG] [HTTP-REQUEST] GET /workflow/state 304 - 2ms - Role: Travel Partner - IP: 127.0.0.1 - UA: Mozilla/5.0 (Windows NT 10.0; Win64; x64) AppleWebKit/537.36 (KHTML, like Gecko) Chrome/151.0.0.0 Safari/537.36
[2026-08-27T17:37:13.628Z] [LOG] [HTTP-REQUEST] GET /workflow/state 304 - 1ms - Role: Vendor - IP: 127.0.0.1 - UA: Mozilla/5.0 (Windows NT 10.0; Win64; x64) AppleWebKit/537.36 (KHTML, like Gecko) Chrome/151.0.0.0 Safari/537.36
[2026-08-27T17:37:13.649Z] [LOG] [HTTP-REQUEST] GET /workflow/state 304 - 1ms - Role: Traveler - IP: 127.0.0.1 - UA: Mozilla/5.0 (Windows NT 10.0; Win64; x64) AppleWebKit/537.36 (KHTML, like Gecko) Chrome/151.0.0.0 Safari/537.36
[2026-08-27T17:37:13.652Z] [LOG] [HTTP-REQUEST] GET /workflow/state 304 - 1ms - Role: Tour Guide - IP: 127.0.0.1 - UA: Mozilla/5.0 (Windows NT 10.0; Win64; x64) AppleWebKit/537.36 (KHTML, like Gecko) Chrome/151.0.0.0 Safari/537.36
[2026-08-27T17:37:24.138Z] [HEARTBEAT] Log sync check. Status: OK
[2026-08-27T17:37:24.507Z] [LOG] [HTTP-REQUEST] GET /workflow/state 304 - 2ms - Role: Vendor - IP: 127.0.0.1 - UA: Mozilla/5.0 (Windows NT 10.0; Win64; x64) AppleWebKit/537.36 (KHTML, like Gecko) Chrome/151.0.0.0 Safari/537.36
[2026-08-27T17:37:24.510Z] [LOG] [HTTP-REQUEST] GET /workflow/state 304 - 1ms - Role: Support Executive - IP: 127.0.0.1 - UA: Mozilla/5.0 (Windows NT 10.0; Win64; x64) AppleWebKit/537.36 (KHTML, like Gecko) Chrome/151.0.0.0 Safari/537.36
[2026-08-27T17:37:24.513Z] [LOG] [HTTP-REQUEST] GET /workflow/state 304 - 1ms - Role: Travel Partner - IP: 127.0.0.1 - UA: Mozilla/5.0 (Windows NT 10.0; Win64; x64) AppleWebKit/537.36 (KHTML, like Gecko) Chrome/151.0.0.0 Safari/537.36
[2026-08-27T17:37:24.516Z] [LOG] [HTTP-REQUEST] GET /workflow/state 304 - 1ms - Role: Traveler - IP: 127.0.0.1 - UA: Mozilla/5.0 (Windows NT 10.0; Win64; x64) AppleWebKit/537.36 (KHTML, like Gecko) Chrome/151.0.0.0 Safari/537.36
[2026-08-27T17:37:24.520Z] [LOG] [HTTP-REQUEST] GET /workflow/state 304 - 1ms - Role: Tour Guide - IP: 127.0.0.1 - UA: Mozilla/5.0 (Windows NT 10.0; Win64; x64) AppleWebKit/537.36 (KHTML, like Gecko) Chrome/151.0.0.0 Safari/537.36
[2026-08-27T17:37:26.909Z] [LOG] [HTTP-REQUEST] GET /workflow/state 304 - 1ms - Role: Vendor - IP: 127.0.0.1 - UA: Mozilla/5.0 (Windows NT 10.0; Win64; x64) AppleWebKit/537.36 (KHTML, like Gecko) Chrome/151.0.0.0 Safari/537.36
[2026-08-27T17:37:26.925Z] [LOG] [HTTP-REQUEST] GET /workflow/state 304 - 2ms - Role: Traveler - IP: 127.0.0.1 - UA: Mozilla/5.0 (Windows NT 10.0; Win64; x64) AppleWebKit/537.36 (KHTML, like Gecko) Chrome/151.0.0.0 Safari/537.36
[2026-08-27T17:37:26.927Z] [LOG] [HTTP-REQUEST] GET /workflow/state 304 - 1ms - Role: Support Executive - IP: 127.0.0.1 - UA: Mozilla/5.0 (Windows NT 10.0; Win64; x64) AppleWebKit/537.36 (KHTML, like Gecko) Chrome/151.0.0.0 Safari/537.36
[2026-08-27T17:37:26.931Z] [LOG] [HTTP-REQUEST] GET /workflow/state 304 - 2ms - Role: Tour Guide - IP: 127.0.0.1 - UA: Mozilla/5.0 (Windows NT 10.0; Win64; x64) AppleWebKit/537.36 (KHTML, like Gecko) Chrome/151.0.0.0 Safari/537.36
[2026-08-27T17:37:26.934Z] [LOG] [HTTP-REQUEST] GET /workflow/state 304 - 0ms - Role: Travel Partner - IP: 127.0.0.1 - UA: Mozilla/5.0 (Windows NT 10.0; Win64; x64) AppleWebKit/537.36 (KHTML, like Gecko) Chrome/151.0.0.0 Safari/537.36
[2026-08-27T17:37:27.195Z] [LOG] [HTTP-REQUEST] GET /workflow/state 304 - 1ms - Role: Traveler - IP: 127.0.0.1 - UA: Mozilla/5.0 (Windows NT 10.0; Win64; x64) AppleWebKit/537.36 (KHTML, like Gecko) Chrome/151.0.0.0 Safari/537.36
[2026-08-27T17:37:27.197Z] [LOG] [HTTP-REQUEST] GET /workflow/state 304 - 0ms - Role: Vendor - IP: 127.0.0.1 - UA: Mozilla/5.0 (Windows NT 10.0; Win64; x64) AppleWebKit/537.36 (KHTML, like Gecko) Chrome/151.0.0.0 Safari/537.36
[2026-08-27T17:37:27.204Z] [LOG] [HTTP-REQUEST] GET /workflow/state 304 - 1ms - Role: Support Executive - IP: 127.0.0.1 - UA: Mozilla/5.0 (Windows NT 10.0; Win64; x64) AppleWebKit/537.36 (KHTML, like Gecko) Chrome/151.0.0.0 Safari/537.36
[2026-08-27T17:37:39.143Z] [HEARTBEAT] Log sync check. Status: OK
[2026-08-27T17:37:39.583Z] [LOG] [HTTP-REQUEST] GET /workflow/state 304 - 1ms - Role: Vendor - IP: 127.0.0.1 - UA: Mozilla/5.0 (Windows NT 10.0; Win64; x64) AppleWebKit/537.36 (KHTML, like Gecko) Chrome/151.0.0.0 Safari/537.36
[2026-08-27T17:37:39.587Z] [LOG] [HTTP-REQUEST] GET /workflow/state 304 - 2ms - Role: Traveler - IP: 127.0.0.1 - UA: Mozilla/5.0 (Windows NT 10.0; Win64; x64) AppleWebKit/537.36 (KHTML, like Gecko) Chrome/151.0.0.0 Safari/537.36
[2026-08-27T17:37:39.590Z] [LOG] [HTTP-REQUEST] GET /workflow/state 304 - 2ms - Role: Travel Partner - IP: 127.0.0.1 - UA: Mozilla/5.0 (Windows NT 10.0; Win64; x64) AppleWebKit/537.36 (KHTML, like Gecko) Chrome/151.0.0.0 Safari/537.36
[2026-08-27T17:37:39.593Z] [LOG] [HTTP-REQUEST] GET /workflow/state 304 - 1ms - Role: Support Executive - IP: 127.0.0.1 - UA: Mozilla/5.0 (Windows NT 10.0; Win64; x64) AppleWebKit/537.36 (KHTML, like Gecko) Chrome/151.0.0.0 Safari/537.36
[2026-08-27T17:37:39.595Z] [LOG] [HTTP-REQUEST] GET /workflow/state 304 - 1ms - Role: Tour Guide - IP: 127.0.0.1 - UA: Mozilla/5.0 (Windows NT 10.0; Win64; x64) AppleWebKit/537.36 (KHTML, like Gecko) Chrome/151.0.0.0 Safari/537.36
[2026-08-27T17:37:42.763Z] [LOG] [HTTP-REQUEST] GET /workflow/state 304 - 1ms - Role: Traveler - IP: 127.0.0.1 - UA: Mozilla/5.0 (Windows NT 10.0; Win64; x64) AppleWebKit/537.36 (KHTML, like Gecko) Chrome/151.0.0.0 Safari/537.36
[2026-08-27T17:37:42.770Z] [LOG] [HTTP-REQUEST] GET /workflow/state 304 - 1ms - Role: Vendor - IP: 127.0.0.1 - UA: Mozilla/5.0 (Windows NT 10.0; Win64; x64) AppleWebKit/537.36 (KHTML, like Gecko) Chrome/151.0.0.0 Safari/537.36
[2026-08-27T17:37:42.779Z] [LOG] [HTTP-REQUEST] GET /workflow/state 304 - 1ms - Role: Tour Guide - IP: 127.0.0.1 - UA: Mozilla/5.0 (Windows NT 10.0; Win64; x64) AppleWebKit/537.36 (KHTML, like Gecko) Chrome/151.0.0.0 Safari/537.36
[2026-08-27T17:37:42.781Z] [LOG] [HTTP-REQUEST] GET /workflow/state 304 - 1ms - Role: Support Executive - IP: 127.0.0.1 - UA: Mozilla/5.0 (Windows NT 10.0; Win64; x64) AppleWebKit/537.36 (KHTML, like Gecko) Chrome/151.0.0.0 Safari/537.36
[2026-08-27T17:37:42.786Z] [LOG] [HTTP-REQUEST] GET /workflow/state 304 - 1ms - Role: Travel Partner - IP: 127.0.0.1 - UA: Mozilla/5.0 (Windows NT 10.0; Win64; x64) AppleWebKit/537.36 (KHTML, like Gecko) Chrome/151.0.0.0 Safari/537.36
[2026-08-27T17:37:43.021Z] [LOG] [HTTP-REQUEST] GET /workflow/state 304 - 3ms - Role: Vendor - IP: 127.0.0.1 - UA: Mozilla/5.0 (Windows NT 10.0; Win64; x64) AppleWebKit/537.36 (KHTML, like Gecko) Chrome/151.0.0.0 Safari/537.36
[2026-08-27T17:37:43.025Z] [LOG] [HTTP-REQUEST] GET /workflow/state 304 - 1ms - Role: Support Executive - IP: 127.0.0.1 - UA: Mozilla/5.0 (Windows NT 10.0; Win64; x64) AppleWebKit/537.36 (KHTML, like Gecko) Chrome/151.0.0.0 Safari/537.36
[2026-08-27T17:37:43.026Z] [LOG] [HTTP-REQUEST] GET /workflow/state 304 - 0ms - Role: Traveler - IP: 127.0.0.1 - UA: Mozilla/5.0 (Windows NT 10.0; Win64; x64) AppleWebKit/537.36 (KHTML, like Gecko) Chrome/151.0.0.0 Safari/537.36
[2026-08-27T17:37:54.148Z] [HEARTBEAT] Log sync check. Status: OK
[2026-08-27T17:37:54.544Z] [LOG] [HTTP-REQUEST] GET /workflow/state 304 - 1ms - Role: Support Executive - IP: 127.0.0.1 - UA: Mozilla/5.0 (Windows NT 10.0; Win64; x64) AppleWebKit/537.36 (KHTML, like Gecko) Chrome/151.0.0.0 Safari/537.36
[2026-08-27T17:37:54.547Z] [LOG] [HTTP-REQUEST] GET /workflow/state 304 - 2ms - Role: Traveler - IP: 127.0.0.1 - UA: Mozilla/5.0 (Windows NT 10.0; Win64; x64) AppleWebKit/537.36 (KHTML, like Gecko) Chrome/151.0.0.0 Safari/537.36
[2026-08-27T17:37:54.549Z] [LOG] [HTTP-REQUEST] GET /workflow/state 304 - 1ms - Role: Vendor - IP: 127.0.0.1 - UA: Mozilla/5.0 (Windows NT 10.0; Win64; x64) AppleWebKit/537.36 (KHTML, like Gecko) Chrome/151.0.0.0 Safari/537.36
[2026-08-27T17:37:54.551Z] [LOG] [HTTP-REQUEST] GET /workflow/state 304 - 1ms - Role: Tour Guide - IP: 127.0.0.1 - UA: Mozilla/5.0 (Windows NT 10.0; Win64; x64) AppleWebKit/537.36 (KHTML, like Gecko) Chrome/151.0.0.0 Safari/537.36
[2026-08-27T17:37:54.554Z] [LOG] [HTTP-REQUEST] GET /workflow/state 304 - 1ms - Role: Travel Partner - IP: 127.0.0.1 - UA: Mozilla/5.0 (Windows NT 10.0; Win64; x64) AppleWebKit/537.36 (KHTML, like Gecko) Chrome/151.0.0.0 Safari/537.36
[2026-08-27T17:38:09.154Z] [HEARTBEAT] Log sync check. Status: OK
[2026-08-27T17:38:09.521Z] [LOG] [HTTP-REQUEST] GET /workflow/state 304 - 1ms - Role: Vendor - IP: 127.0.0.1 - UA: Mozilla/5.0 (Windows NT 10.0; Win64; x64) AppleWebKit/537.36 (KHTML, like Gecko) Chrome/151.0.0.0 Safari/537.36
[2026-08-27T17:38:09.526Z] [LOG] [HTTP-REQUEST] GET /workflow/state 304 - 2ms - Role: Support Executive - IP: 127.0.0.1 - UA: Mozilla/5.0 (Windows NT 10.0; Win64; x64) AppleWebKit/537.36 (KHTML, like Gecko) Chrome/151.0.0.0 Safari/537.36
[2026-08-27T17:38:09.533Z] [LOG] [HTTP-REQUEST] GET /workflow/state 304 - 2ms - Role: Traveler - IP: 127.0.0.1 - UA: Mozilla/5.0 (Windows NT 10.0; Win64; x64) AppleWebKit/537.36 (KHTML, like Gecko) Chrome/151.0.0.0 Safari/537.36
[2026-08-27T17:38:09.536Z] [LOG] [HTTP-REQUEST] GET /workflow/state 304 - 2ms - Role: Travel Partner - IP: 127.0.0.1 - UA: Mozilla/5.0 (Windows NT 10.0; Win64; x64) AppleWebKit/537.36 (KHTML, like Gecko) Chrome/151.0.0.0 Safari/537.36
[2026-08-27T17:38:09.540Z] [LOG] [HTTP-REQUEST] GET /workflow/state 304 - 1ms - Role: Tour Guide - IP: 127.0.0.1 - UA: Mozilla/5.0 (Windows NT 10.0; Win64; x64) AppleWebKit/537.36 (KHTML, like Gecko) Chrome/151.0.0.0 Safari/537.36
[2026-08-27T17:38:20.447Z] [WARN] [HTTP-REQUEST] POST /upload 401 - 9ms - Role: Anonymous - IP: 127.0.0.1 - UA: Mozilla/5.0 (Windows NT 10.0; Win64; x64) AppleWebKit/537.36 (KHTML, like Gecko) Chrome/151.0.0.0 Safari/537.36
[2026-08-27T17:38:20.710Z] [LOG] [HTTP-REQUEST] GET /workflow/state 304 - 1ms - Role: Traveler - IP: 127.0.0.1 - UA: Mozilla/5.0 (Windows NT 10.0; Win64; x64) AppleWebKit/537.36 (KHTML, like Gecko) Chrome/151.0.0.0 Safari/537.36
[2026-08-27T17:38:20.736Z] [LOG] [HTTP-REQUEST] GET /workflow/state 304 - 6ms - Role: Support Executive - IP: 127.0.0.1 - UA: Mozilla/5.0 (Windows NT 10.0; Win64; x64) AppleWebKit/537.36 (KHTML, like Gecko) Chrome/151.0.0.0 Safari/537.36
[2026-08-27T17:38:20.744Z] [LOG] [HTTP-REQUEST] GET /workflow/state 304 - 6ms - Role: Vendor - IP: 127.0.0.1 - UA: Mozilla/5.0 (Windows NT 10.0; Win64; x64) AppleWebKit/537.36 (KHTML, like Gecko) Chrome/151.0.0.0 Safari/537.36
[2026-08-27T17:38:20.753Z] [LOG] [HTTP-REQUEST] GET /workflow/state 304 - 7ms - Role: Travel Partner - IP: 127.0.0.1 - UA: Mozilla/5.0 (Windows NT 10.0; Win64; x64) AppleWebKit/537.36 (KHTML, like Gecko) Chrome/151.0.0.0 Safari/537.36
[2026-08-27T17:38:20.766Z] [LOG] [HTTP-REQUEST] GET /workflow/state 304 - 3ms - Role: Tour Guide - IP: 127.0.0.1 - UA: Mozilla/5.0 (Windows NT 10.0; Win64; x64) AppleWebKit/537.36 (KHTML, like Gecko) Chrome/151.0.0.0 Safari/537.36
[2026-08-27T17:38:20.957Z] [LOG] [HTTP-REQUEST] GET /workflow/state 304 - 1ms - Role: Traveler - IP: 127.0.0.1 - UA: Mozilla/5.0 (Windows NT 10.0; Win64; x64) AppleWebKit/537.36 (KHTML, like Gecko) Chrome/151.0.0.0 Safari/537.36
[2026-08-27T17:38:20.973Z] [LOG] [HTTP-REQUEST] GET /workflow/state 304 - 2ms - Role: Vendor - IP: 127.0.0.1 - UA: Mozilla/5.0 (Windows NT 10.0; Win64; x64) AppleWebKit/537.36 (KHTML, like Gecko) Chrome/151.0.0.0 Safari/537.36
[2026-08-27T17:38:20.977Z] [LOG] [HTTP-REQUEST] GET /workflow/state 304 - 2ms - Role: Support Executive - IP: 127.0.0.1 - UA: Mozilla/5.0 (Windows NT 10.0; Win64; x64) AppleWebKit/537.36 (KHTML, like Gecko) Chrome/151.0.0.0 Safari/537.36
[2026-08-27T17:38:24.159Z] [HEARTBEAT] Log sync check. Status: OK
[2026-08-27T17:38:24.441Z] [LOG] [HTTP-REQUEST] GET /workflow/state 304 - 3ms - Role: Traveler - IP: 127.0.0.1 - UA: Mozilla/5.0 (Windows NT 10.0; Win64; x64) AppleWebKit/537.36 (KHTML, like Gecko) Chrome/151.0.0.0 Safari/537.36
[2026-08-27T17:38:24.478Z] [LOG] [HTTP-REQUEST] GET /workflow/state 304 - 1ms - Role: Vendor - IP: 127.0.0.1 - UA: Mozilla/5.0 (Windows NT 10.0; Win64; x64) AppleWebKit/537.36 (KHTML, like Gecko) Chrome/151.0.0.0 Safari/537.36
[2026-08-27T17:38:24.488Z] [LOG] [HTTP-REQUEST] GET /workflow/state 304 - 2ms - Role: Support Executive - IP: 127.0.0.1 - UA: Mozilla/5.0 (Windows NT 10.0; Win64; x64) AppleWebKit/537.36 (KHTML, like Gecko) Chrome/151.0.0.0 Safari/537.36
[2026-08-27T17:38:24.491Z] [LOG] [HTTP-REQUEST] GET /workflow/state 304 - 1ms - Role: Travel Partner - IP: 127.0.0.1 - UA: Mozilla/5.0 (Windows NT 10.0; Win64; x64) AppleWebKit/537.36 (KHTML, like Gecko) Chrome/151.0.0.0 Safari/537.36
[2026-08-27T17:38:24.509Z] [LOG] [HTTP-REQUEST] GET /workflow/state 304 - 2ms - Role: Tour Guide - IP: 127.0.0.1 - UA: Mozilla/5.0 (Windows NT 10.0; Win64; x64) AppleWebKit/537.36 (KHTML, like Gecko) Chrome/151.0.0.0 Safari/537.36
[2026-08-27T17:38:31.636Z] [WARN] [HTTP-REQUEST] POST /upload 401 - 4ms - Role: Anonymous - IP: 127.0.0.1 - UA: Mozilla/5.0 (Windows NT 10.0; Win64; x64) AppleWebKit/537.36 (KHTML, like Gecko) Chrome/151.0.0.0 Safari/537.36
[2026-08-27T17:38:31.863Z] [LOG] [HTTP-REQUEST] GET /workflow/state 304 - 1ms - Role: Traveler - IP: 127.0.0.1 - UA: Mozilla/5.0 (Windows NT 10.0; Win64; x64) AppleWebKit/537.36 (KHTML, like Gecko) Chrome/151.0.0.0 Safari/537.36
[2026-08-27T17:38:31.886Z] [LOG] [HTTP-REQUEST] GET /workflow/state 304 - 2ms - Role: Support Executive - IP: 127.0.0.1 - UA: Mozilla/5.0 (Windows NT 10.0; Win64; x64) AppleWebKit/537.36 (KHTML, like Gecko) Chrome/151.0.0.0 Safari/537.36
[2026-08-27T17:38:31.890Z] [LOG] [HTTP-REQUEST] GET /workflow/state 304 - 2ms - Role: Vendor - IP: 127.0.0.1 - UA: Mozilla/5.0 (Windows NT 10.0; Win64; x64) AppleWebKit/537.36 (KHTML, like Gecko) Chrome/151.0.0.0 Safari/537.36
[2026-08-27T17:38:31.902Z] [LOG] [HTTP-REQUEST] GET /workflow/state 304 - 1ms - Role: Travel Partner - IP: 127.0.0.1 - UA: Mozilla/5.0 (Windows NT 10.0; Win64; x64) AppleWebKit/537.36 (KHTML, like Gecko) Chrome/151.0.0.0 Safari/537.36
[2026-08-27T17:38:31.918Z] [LOG] [HTTP-REQUEST] GET /workflow/state 304 - 3ms - Role: Tour Guide - IP: 127.0.0.1 - UA: Mozilla/5.0 (Windows NT 10.0; Win64; x64) AppleWebKit/537.36 (KHTML, like Gecko) Chrome/151.0.0.0 Safari/537.36
[2026-08-27T17:38:32.158Z] [LOG] [HTTP-REQUEST] GET /workflow/state 304 - 1ms - Role: Traveler - IP: 127.0.0.1 - UA: Mozilla/5.0 (Windows NT 10.0; Win64; x64) AppleWebKit/537.36 (KHTML, like Gecko) Chrome/151.0.0.0 Safari/537.36
[2026-08-27T17:38:32.165Z] [LOG] [HTTP-REQUEST] GET /workflow/state 304 - 5ms - Role: Vendor - IP: 127.0.0.1 - UA: Mozilla/5.0 (Windows NT 10.0; Win64; x64) AppleWebKit/537.36 (KHTML, like Gecko) Chrome/151.0.0.0 Safari/537.36
[2026-08-27T17:38:32.170Z] [LOG] [HTTP-REQUEST] GET /workflow/state 304 - 2ms - Role: Support Executive - IP: 127.0.0.1 - UA: Mozilla/5.0 (Windows NT 10.0; Win64; x64) AppleWebKit/537.36 (KHTML, like Gecko) Chrome/151.0.0.0 Safari/537.36
[2026-08-27T17:38:39.167Z] [HEARTBEAT] Log sync check. Status: OK
[2026-08-27T17:38:39.592Z] [LOG] [HTTP-REQUEST] GET /workflow/state 304 - 1ms - Role: Traveler - IP: 127.0.0.1 - UA: Mozilla/5.0 (Windows NT 10.0; Win64; x64) AppleWebKit/537.36 (KHTML, like Gecko) Chrome/151.0.0.0 Safari/537.36
[2026-08-27T17:38:39.599Z] [LOG] [HTTP-REQUEST] GET /workflow/state 304 - 2ms - Role: Vendor - IP: 127.0.0.1 - UA: Mozilla/5.0 (Windows NT 10.0; Win64; x64) AppleWebKit/537.36 (KHTML, like Gecko) Chrome/151.0.0.0 Safari/537.36
[2026-08-27T17:38:39.601Z] [LOG] [HTTP-REQUEST] GET /workflow/state 304 - 1ms - Role: Travel Partner - IP: 127.0.0.1 - UA: Mozilla/5.0 (Windows NT 10.0; Win64; x64) AppleWebKit/537.36 (KHTML, like Gecko) Chrome/151.0.0.0 Safari/537.36
[2026-08-27T17:38:39.604Z] [LOG] [HTTP-REQUEST] GET /workflow/state 304 - 1ms - Role: Support Executive - IP: 127.0.0.1 - UA: Mozilla/5.0 (Windows NT 10.0; Win64; x64) AppleWebKit/537.36 (KHTML, like Gecko) Chrome/151.0.0.0 Safari/537.36
[2026-08-27T17:38:39.607Z] [LOG] [HTTP-REQUEST] GET /workflow/state 304 - 1ms - Role: Tour Guide - IP: 127.0.0.1 - UA: Mozilla/5.0 (Windows NT 10.0; Win64; x64) AppleWebKit/537.36 (KHTML, like Gecko) Chrome/151.0.0.0 Safari/537.36
[2026-08-27T17:38:54.182Z] [HEARTBEAT] Log sync check. Status: OK
[2026-08-27T17:38:54.531Z] [LOG] [HTTP-REQUEST] GET /workflow/state 304 - 1ms - Role: Vendor - IP: 127.0.0.1 - UA: Mozilla/5.0 (Windows NT 10.0; Win64; x64) AppleWebKit/537.36 (KHTML, like Gecko) Chrome/151.0.0.0 Safari/537.36
[2026-08-27T17:38:54.536Z] [LOG] [HTTP-REQUEST] GET /workflow/state 304 - 2ms - Role: Support Executive - IP: 127.0.0.1 - UA: Mozilla/5.0 (Windows NT 10.0; Win64; x64) AppleWebKit/537.36 (KHTML, like Gecko) Chrome/151.0.0.0 Safari/537.36
[2026-08-27T17:38:54.538Z] [LOG] [HTTP-REQUEST] GET /workflow/state 304 - 1ms - Role: Travel Partner - IP: 127.0.0.1 - UA: Mozilla/5.0 (Windows NT 10.0; Win64; x64) AppleWebKit/537.36 (KHTML, like Gecko) Chrome/151.0.0.0 Safari/537.36
[2026-08-27T17:38:54.541Z] [LOG] [HTTP-REQUEST] GET /workflow/state 304 - 2ms - Role: Traveler - IP: 127.0.0.1 - UA: Mozilla/5.0 (Windows NT 10.0; Win64; x64) AppleWebKit/537.36 (KHTML, like Gecko) Chrome/151.0.0.0 Safari/537.36
[2026-08-27T17:38:54.544Z] [LOG] [HTTP-REQUEST] GET /workflow/state 304 - 2ms - Role: Tour Guide - IP: 127.0.0.1 - UA: Mozilla/5.0 (Windows NT 10.0; Win64; x64) AppleWebKit/537.36 (KHTML, like Gecko) Chrome/151.0.0.0 Safari/537.36
[2026-08-27T17:39:09.197Z] [HEARTBEAT] Log sync check. Status: OK
[2026-08-27T17:39:09.558Z] [LOG] [HTTP-REQUEST] GET /workflow/state 304 - 0ms - Role: Traveler - IP: 127.0.0.1 - UA: Mozilla/5.0 (Windows NT 10.0; Win64; x64) AppleWebKit/537.36 (KHTML, like Gecko) Chrome/151.0.0.0 Safari/537.36
[2026-08-27T17:39:09.561Z] [LOG] [HTTP-REQUEST] GET /workflow/state 304 - 1ms - Role: Vendor - IP: 127.0.0.1 - UA: Mozilla/5.0 (Windows NT 10.0; Win64; x64) AppleWebKit/537.36 (KHTML, like Gecko) Chrome/151.0.0.0 Safari/537.36
[2026-08-27T17:39:09.565Z] [LOG] [HTTP-REQUEST] GET /workflow/state 304 - 1ms - Role: Support Executive - IP: 127.0.0.1 - UA: Mozilla/5.0 (Windows NT 10.0; Win64; x64) AppleWebKit/537.36 (KHTML, like Gecko) Chrome/151.0.0.0 Safari/537.36
[2026-08-27T17:39:09.569Z] [LOG] [HTTP-REQUEST] GET /workflow/state 304 - 2ms - Role: Travel Partner - IP: 127.0.0.1 - UA: Mozilla/5.0 (Windows NT 10.0; Win64; x64) AppleWebKit/537.36 (KHTML, like Gecko) Chrome/151.0.0.0 Safari/537.36
[2026-08-27T17:39:09.575Z] [LOG] [HTTP-REQUEST] GET /workflow/state 304 - 0ms - Role: Tour Guide - IP: 127.0.0.1 - UA: Mozilla/5.0 (Windows NT 10.0; Win64; x64) AppleWebKit/537.36 (KHTML, like Gecko) Chrome/151.0.0.0 Safari/537.36
[2026-08-27T17:39:24.205Z] [HEARTBEAT] Log sync check. Status: OK
[2026-08-27T17:39:24.613Z] [LOG] [HTTP-REQUEST] GET /workflow/state 304 - 0ms - Role: Support Executive - IP: 127.0.0.1 - UA: Mozilla/5.0 (Windows NT 10.0; Win64; x64) AppleWebKit/537.36 (KHTML, like Gecko) Chrome/151.0.0.0 Safari/537.36
[2026-08-27T17:39:24.616Z] [LOG] [HTTP-REQUEST] GET /workflow/state 304 - 0ms - Role: Vendor - IP: 127.0.0.1 - UA: Mozilla/5.0 (Windows NT 10.0; Win64; x64) AppleWebKit/537.36 (KHTML, like Gecko) Chrome/151.0.0.0 Safari/537.36
[2026-08-27T17:39:24.618Z] [LOG] [HTTP-REQUEST] GET /workflow/state 304 - 0ms - Role: Tour Guide - IP: 127.0.0.1 - UA: Mozilla/5.0 (Windows NT 10.0; Win64; x64) AppleWebKit/537.36 (KHTML, like Gecko) Chrome/151.0.0.0 Safari/537.36
[2026-08-27T17:39:24.620Z] [LOG] [HTTP-REQUEST] GET /workflow/state 304 - 1ms - Role: Traveler - IP: 127.0.0.1 - UA: Mozilla/5.0 (Windows NT 10.0; Win64; x64) AppleWebKit/537.36 (KHTML, like Gecko) Chrome/151.0.0.0 Safari/537.36
[2026-08-27T17:39:24.629Z] [LOG] [HTTP-REQUEST] GET /workflow/state 304 - 2ms - Role: Travel Partner - IP: 127.0.0.1 - UA: Mozilla/5.0 (Windows NT 10.0; Win64; x64) AppleWebKit/537.36 (KHTML, like Gecko) Chrome/151.0.0.0 Safari/537.36
[2026-08-27T17:39:39.211Z] [HEARTBEAT] Log sync check. Status: OK
[2026-08-27T17:39:39.616Z] [LOG] [HTTP-REQUEST] GET /workflow/state 304 - 2ms - Role: Vendor - IP: 127.0.0.1 - UA: Mozilla/5.0 (Windows NT 10.0; Win64; x64) AppleWebKit/537.36 (KHTML, like Gecko) Chrome/151.0.0.0 Safari/537.36
[2026-08-27T17:39:39.619Z] [LOG] [HTTP-REQUEST] GET /workflow/state 304 - 1ms - Role: Support Executive - IP: 127.0.0.1 - UA: Mozilla/5.0 (Windows NT 10.0; Win64; x64) AppleWebKit/537.36 (KHTML, like Gecko) Chrome/151.0.0.0 Safari/537.36
[2026-08-27T17:39:39.623Z] [LOG] [HTTP-REQUEST] GET /workflow/state 304 - 1ms - Role: Tour Guide - IP: 127.0.0.1 - UA: Mozilla/5.0 (Windows NT 10.0; Win64; x64) AppleWebKit/537.36 (KHTML, like Gecko) Chrome/151.0.0.0 Safari/537.36
[2026-08-27T17:39:39.624Z] [LOG] [HTTP-REQUEST] GET /workflow/state 304 - 0ms - Role: Travel Partner - IP: 127.0.0.1 - UA: Mozilla/5.0 (Windows NT 10.0; Win64; x64) AppleWebKit/537.36 (KHTML, like Gecko) Chrome/151.0.0.0 Safari/537.36
[2026-08-27T17:39:39.630Z] [LOG] [HTTP-REQUEST] GET /workflow/state 304 - 2ms - Role: Traveler - IP: 127.0.0.1 - UA: Mozilla/5.0 (Windows NT 10.0; Win64; x64) AppleWebKit/537.36 (KHTML, like Gecko) Chrome/151.0.0.0 Safari/537.36
[2026-08-27T17:39:54.214Z] [HEARTBEAT] Log sync check. Status: OK
[2026-08-27T17:39:54.607Z] [LOG] [HTTP-REQUEST] GET /workflow/state 304 - 1ms - Role: Vendor - IP: 127.0.0.1 - UA: Mozilla/5.0 (Windows NT 10.0; Win64; x64) AppleWebKit/537.36 (KHTML, like Gecko) Chrome/151.0.0.0 Safari/537.36
[2026-08-27T17:39:54.619Z] [LOG] [HTTP-REQUEST] GET /workflow/state 304 - 2ms - Role: Tour Guide - IP: 127.0.0.1 - UA: Mozilla/5.0 (Windows NT 10.0; Win64; x64) AppleWebKit/537.36 (KHTML, like Gecko) Chrome/151.0.0.0 Safari/537.36
[2026-08-27T17:39:54.624Z] [LOG] [HTTP-REQUEST] GET /workflow/state 304 - 2ms - Role: Travel Partner - IP: 127.0.0.1 - UA: Mozilla/5.0 (Windows NT 10.0; Win64; x64) AppleWebKit/537.36 (KHTML, like Gecko) Chrome/151.0.0.0 Safari/537.36
[2026-08-27T17:39:54.627Z] [LOG] [HTTP-REQUEST] GET /workflow/state 304 - 1ms - Role: Support Executive - IP: 127.0.0.1 - UA: Mozilla/5.0 (Windows NT 10.0; Win64; x64) AppleWebKit/537.36 (KHTML, like Gecko) Chrome/151.0.0.0 Safari/537.36
[2026-08-27T17:39:54.629Z] [LOG] [HTTP-REQUEST] GET /workflow/state 304 - 1ms - Role: Traveler - IP: 127.0.0.1 - UA: Mozilla/5.0 (Windows NT 10.0; Win64; x64) AppleWebKit/537.36 (KHTML, like Gecko) Chrome/151.0.0.0 Safari/537.36
[2026-08-27T17:40:08.981Z] [LOG] [HTTP-REQUEST] GET /workflow/state 304 - 1ms - Role: Vendor - IP: 127.0.0.1 - UA: Mozilla/5.0 (Windows NT 10.0; Win64; x64) AppleWebKit/537.36 (KHTML, like Gecko) Chrome/151.0.0.0 Safari/537.36
[2026-08-27T17:40:08.982Z] [LOG] [HTTP-REQUEST] GET /workflow/state 304 - 0ms - Role: Traveler - IP: 127.0.0.1 - UA: Mozilla/5.0 (Windows NT 10.0; Win64; x64) AppleWebKit/537.36 (KHTML, like Gecko) Chrome/151.0.0.0 Safari/537.36
[2026-08-27T17:40:08.985Z] [LOG] [HTTP-REQUEST] GET /workflow/state 304 - 1ms - Role: Support Executive - IP: 127.0.0.1 - UA: Mozilla/5.0 (Windows NT 10.0; Win64; x64) AppleWebKit/537.36 (KHTML, like Gecko) Chrome/151.0.0.0 Safari/537.36
[2026-08-27T17:40:08.988Z] [LOG] [HTTP-REQUEST] GET /workflow/state 304 - 1ms - Role: Travel Partner - IP: 127.0.0.1 - UA: Mozilla/5.0 (Windows NT 10.0; Win64; x64) AppleWebKit/537.36 (KHTML, like Gecko) Chrome/151.0.0.0 Safari/537.36
[2026-08-27T17:40:08.991Z] [LOG] [HTTP-REQUEST] GET /workflow/state 304 - 1ms - Role: Tour Guide - IP: 127.0.0.1 - UA: Mozilla/5.0 (Windows NT 10.0; Win64; x64) AppleWebKit/537.36 (KHTML, like Gecko) Chrome/151.0.0.0 Safari/537.36
[2026-08-27T17:40:09.216Z] [HEARTBEAT] Log sync check. Status: OK
[2026-08-27T17:40:09.252Z] [LOG] [HTTP-REQUEST] GET /workflow/state 304 - 2ms - Role: Vendor - IP: 127.0.0.1 - UA: Mozilla/5.0 (Windows NT 10.0; Win64; x64) AppleWebKit/537.36 (KHTML, like Gecko) Chrome/151.0.0.0 Safari/537.36
[2026-08-27T17:40:09.254Z] [LOG] [HTTP-REQUEST] GET /workflow/state 304 - 1ms - Role: Support Executive - IP: 127.0.0.1 - UA: Mozilla/5.0 (Windows NT 10.0; Win64; x64) AppleWebKit/537.36 (KHTML, like Gecko) Chrome/151.0.0.0 Safari/537.36
[2026-08-27T17:40:09.256Z] [LOG] [HTTP-REQUEST] GET /workflow/state 304 - 1ms - Role: Traveler - IP: 127.0.0.1 - UA: Mozilla/5.0 (Windows NT 10.0; Win64; x64) AppleWebKit/537.36 (KHTML, like Gecko) Chrome/151.0.0.0 Safari/537.36
[2026-08-27T17:40:09.405Z] [LOG] [HTTP-REQUEST] GET /workflow/state 304 - 2ms - Role: Travel Partner - IP: 127.0.0.1 - UA: Mozilla/5.0 (Windows NT 10.0; Win64; x64) AppleWebKit/537.36 (KHTML, like Gecko) Chrome/151.0.0.0 Safari/537.36
[2026-08-27T17:40:09.408Z] [LOG] [HTTP-REQUEST] GET /workflow/state 304 - 1ms - Role: Tour Guide - IP: 127.0.0.1 - UA: Mozilla/5.0 (Windows NT 10.0; Win64; x64) AppleWebKit/537.36 (KHTML, like Gecko) Chrome/151.0.0.0 Safari/537.36
[2026-08-27T17:40:14.930Z] [LOG] [HTTP-REQUEST] GET /workflow/state 304 - 1ms - Role: Vendor - IP: 127.0.0.1 - UA: Mozilla/5.0 (Windows NT 10.0; Win64; x64) AppleWebKit/537.36 (KHTML, like Gecko) Chrome/151.0.0.0 Safari/537.36
[2026-08-27T17:40:14.941Z] [LOG] [HTTP-REQUEST] GET /workflow/state 304 - 2ms - Role: Support Executive - IP: 127.0.0.1 - UA: Mozilla/5.0 (Windows NT 10.0; Win64; x64) AppleWebKit/537.36 (KHTML, like Gecko) Chrome/151.0.0.0 Safari/537.36
[2026-08-27T17:40:14.945Z] [LOG] [HTTP-REQUEST] GET /workflow/state 304 - 1ms - Role: Traveler - IP: 127.0.0.1 - UA: Mozilla/5.0 (Windows NT 10.0; Win64; x64) AppleWebKit/537.36 (KHTML, like Gecko) Chrome/151.0.0.0 Safari/537.36
[2026-08-27T17:40:14.951Z] [LOG] [HTTP-REQUEST] GET /workflow/state 304 - 1ms - Role: Tour Guide - IP: 127.0.0.1 - UA: Mozilla/5.0 (Windows NT 10.0; Win64; x64) AppleWebKit/537.36 (KHTML, like Gecko) Chrome/151.0.0.0 Safari/537.36
[2026-08-27T17:40:14.959Z] [LOG] [HTTP-REQUEST] GET /workflow/state 304 - 2ms - Role: Travel Partner - IP: 127.0.0.1 - UA: Mozilla/5.0 (Windows NT 10.0; Win64; x64) AppleWebKit/537.36 (KHTML, like Gecko) Chrome/151.0.0.0 Safari/537.36
[2026-08-27T17:40:15.257Z] [LOG] [HTTP-REQUEST] GET /workflow/state 304 - 1ms - Role: Vendor - IP: 127.0.0.1 - UA: Mozilla/5.0 (Windows NT 10.0; Win64; x64) AppleWebKit/537.36 (KHTML, like Gecko) Chrome/151.0.0.0 Safari/537.36
[2026-08-27T17:40:15.262Z] [LOG] [HTTP-REQUEST] GET /workflow/state 304 - 1ms - Role: Traveler - IP: 127.0.0.1 - UA: Mozilla/5.0 (Windows NT 10.0; Win64; x64) AppleWebKit/537.36 (KHTML, like Gecko) Chrome/151.0.0.0 Safari/537.36
[2026-08-27T17:40:15.264Z] [LOG] [HTTP-REQUEST] GET /workflow/state 304 - 1ms - Role: Support Executive - IP: 127.0.0.1 - UA: Mozilla/5.0 (Windows NT 10.0; Win64; x64) AppleWebKit/537.36 (KHTML, like Gecko) Chrome/151.0.0.0 Safari/537.36
[2026-08-27T17:40:15.282Z] [LOG] [HTTP-REQUEST] GET /workflow/state 304 - 1ms - Role: Travel Partner - IP: 127.0.0.1 - UA: Mozilla/5.0 (Windows NT 10.0; Win64; x64) AppleWebKit/537.36 (KHTML, like Gecko) Chrome/151.0.0.0 Safari/537.36
[2026-08-27T17:40:24.217Z] [HEARTBEAT] Log sync check. Status: OK
[2026-08-27T17:40:24.675Z] [LOG] [HTTP-REQUEST] GET /workflow/state 304 - 2ms - Role: Vendor - IP: 127.0.0.1 - UA: Mozilla/5.0 (Windows NT 10.0; Win64; x64) AppleWebKit/537.36 (KHTML, like Gecko) Chrome/151.0.0.0 Safari/537.36
[2026-08-27T17:40:24.679Z] [LOG] [HTTP-REQUEST] GET /workflow/state 304 - 1ms - Role: Travel Partner - IP: 127.0.0.1 - UA: Mozilla/5.0 (Windows NT 10.0; Win64; x64) AppleWebKit/537.36 (KHTML, like Gecko) Chrome/151.0.0.0 Safari/537.36
[2026-08-27T17:40:24.686Z] [LOG] [HTTP-REQUEST] GET /workflow/state 304 - 3ms - Role: Traveler - IP: 127.0.0.1 - UA: Mozilla/5.0 (Windows NT 10.0; Win64; x64) AppleWebKit/537.36 (KHTML, like Gecko) Chrome/151.0.0.0 Safari/537.36
[2026-08-27T17:40:24.690Z] [LOG] [HTTP-REQUEST] GET /workflow/state 304 - 2ms - Role: Support Executive - IP: 127.0.0.1 - UA: Mozilla/5.0 (Windows NT 10.0; Win64; x64) AppleWebKit/537.36 (KHTML, like Gecko) Chrome/151.0.0.0 Safari/537.36
[2026-08-27T17:40:24.694Z] [LOG] [HTTP-REQUEST] GET /workflow/state 304 - 3ms - Role: Tour Guide - IP: 127.0.0.1 - UA: Mozilla/5.0 (Windows NT 10.0; Win64; x64) AppleWebKit/537.36 (KHTML, like Gecko) Chrome/151.0.0.0 Safari/537.36
[2026-08-27T17:40:39.218Z] [HEARTBEAT] Log sync check. Status: OK
[2026-08-27T17:40:39.706Z] [LOG] [HTTP-REQUEST] GET /workflow/state 304 - 2ms - Role: Vendor - IP: 127.0.0.1 - UA: Mozilla/5.0 (Windows NT 10.0; Win64; x64) AppleWebKit/537.36 (KHTML, like Gecko) Chrome/151.0.0.0 Safari/537.36
[2026-08-27T17:40:39.712Z] [LOG] [HTTP-REQUEST] GET /workflow/state 304 - 2ms - Role: Support Executive - IP: 127.0.0.1 - UA: Mozilla/5.0 (Windows NT 10.0; Win64; x64) AppleWebKit/537.36 (KHTML, like Gecko) Chrome/151.0.0.0 Safari/537.36
[2026-08-27T17:40:39.720Z] [LOG] [HTTP-REQUEST] GET /workflow/state 304 - 2ms - Role: Traveler - IP: 127.0.0.1 - UA: Mozilla/5.0 (Windows NT 10.0; Win64; x64) AppleWebKit/537.36 (KHTML, like Gecko) Chrome/151.0.0.0 Safari/537.36
[2026-08-27T17:40:39.724Z] [LOG] [HTTP-REQUEST] GET /workflow/state 304 - 1ms - Role: Travel Partner - IP: 127.0.0.1 - UA: Mozilla/5.0 (Windows NT 10.0; Win64; x64) AppleWebKit/537.36 (KHTML, like Gecko) Chrome/151.0.0.0 Safari/537.36
[2026-08-27T17:40:39.727Z] [LOG] [HTTP-REQUEST] GET /workflow/state 304 - 1ms - Role: Tour Guide - IP: 127.0.0.1 - UA: Mozilla/5.0 (Windows NT 10.0; Win64; x64) AppleWebKit/537.36 (KHTML, like Gecko) Chrome/151.0.0.0 Safari/537.36
[2026-08-27T17:40:54.229Z] [HEARTBEAT] Log sync check. Status: OK
[2026-08-27T17:40:54.686Z] [LOG] [HTTP-REQUEST] GET /workflow/state 304 - 1ms - Role: Support Executive - IP: 127.0.0.1 - UA: Mozilla/5.0 (Windows NT 10.0; Win64; x64) AppleWebKit/537.36 (KHTML, like Gecko) Chrome/151.0.0.0 Safari/537.36
[2026-08-27T17:40:54.692Z] [LOG] [HTTP-REQUEST] GET /workflow/state 304 - 1ms - Role: Traveler - IP: 127.0.0.1 - UA: Mozilla/5.0 (Windows NT 10.0; Win64; x64) AppleWebKit/537.36 (KHTML, like Gecko) Chrome/151.0.0.0 Safari/537.36
[2026-08-27T17:40:54.699Z] [LOG] [HTTP-REQUEST] GET /workflow/state 304 - 1ms - Role: Vendor - IP: 127.0.0.1 - UA: Mozilla/5.0 (Windows NT 10.0; Win64; x64) AppleWebKit/537.36 (KHTML, like Gecko) Chrome/151.0.0.0 Safari/537.36
[2026-08-27T17:40:54.702Z] [LOG] [HTTP-REQUEST] GET /workflow/state 304 - 1ms - Role: Tour Guide - IP: 127.0.0.1 - UA: Mozilla/5.0 (Windows NT 10.0; Win64; x64) AppleWebKit/537.36 (KHTML, like Gecko) Chrome/151.0.0.0 Safari/537.36
[2026-08-27T17:40:54.712Z] [LOG] [HTTP-REQUEST] GET /workflow/state 304 - 1ms - Role: Travel Partner - IP: 127.0.0.1 - UA: Mozilla/5.0 (Windows NT 10.0; Win64; x64) AppleWebKit/537.36 (KHTML, like Gecko) Chrome/151.0.0.0 Safari/537.36
[2026-08-27T17:40:59.563Z] [LOG] [HTTP-REQUEST] GET /workflow/state 200 - 1ms - Role: Traveler - IP: 127.0.0.1 - UA: Mozilla/5.0 (Windows NT 10.0; Win64; x64) AppleWebKit/537.36 (KHTML, like Gecko) Chrome/151.0.0.0 Safari/537.36
[2026-08-27T17:41:00.454Z] [WARN] [HTTP-REQUEST] GET /favicon.ico 404 - 2ms - Role: Anonymous - IP: 127.0.0.1 - UA: Mozilla/5.0 (Windows NT 10.0; Win64; x64) AppleWebKit/537.36 (KHTML, like Gecko) Chrome/151.0.0.0 Safari/537.36
[2026-08-27T17:41:01.013Z] [LOG] [HTTP-REQUEST] GET /workflow/state 304 - 3ms - Role: Traveler - IP: 127.0.0.1 - UA: Mozilla/5.0 (Windows NT 10.0; Win64; x64) AppleWebKit/537.36 (KHTML, like Gecko) Chrome/151.0.0.0 Safari/537.36
[2026-08-27T17:41:01.025Z] [LOG] [HTTP-REQUEST] GET /workflow/state 304 - 2ms - Role: Vendor - IP: 127.0.0.1 - UA: Mozilla/5.0 (Windows NT 10.0; Win64; x64) AppleWebKit/537.36 (KHTML, like Gecko) Chrome/151.0.0.0 Safari/537.36
[2026-08-27T17:41:01.036Z] [LOG] [HTTP-REQUEST] GET /workflow/state 304 - 1ms - Role: Support Executive - IP: 127.0.0.1 - UA: Mozilla/5.0 (Windows NT 10.0; Win64; x64) AppleWebKit/537.36 (KHTML, like Gecko) Chrome/151.0.0.0 Safari/537.36
[2026-08-27T17:41:01.044Z] [LOG] [HTTP-REQUEST] GET /workflow/state 304 - 1ms - Role: Tour Guide - IP: 127.0.0.1 - UA: Mozilla/5.0 (Windows NT 10.0; Win64; x64) AppleWebKit/537.36 (KHTML, like Gecko) Chrome/151.0.0.0 Safari/537.36
[2026-08-27T17:41:01.054Z] [LOG] [HTTP-REQUEST] GET /workflow/state 304 - 3ms - Role: Travel Partner - IP: 127.0.0.1 - UA: Mozilla/5.0 (Windows NT 10.0; Win64; x64) AppleWebKit/537.36 (KHTML, like Gecko) Chrome/151.0.0.0 Safari/537.36
[2026-08-27T17:41:01.343Z] [LOG] [HTTP-REQUEST] GET /workflow/state 304 - 4ms - Role: Traveler - IP: 127.0.0.1 - UA: Mozilla/5.0 (Windows NT 10.0; Win64; x64) AppleWebKit/537.36 (KHTML, like Gecko) Chrome/151.0.0.0 Safari/537.36
[2026-08-27T17:41:01.426Z] [LOG] [HTTP-REQUEST] GET /workflow/state 304 - 1ms - Role: Tour Guide - IP: 127.0.0.1 - UA: Mozilla/5.0 (Windows NT 10.0; Win64; x64) AppleWebKit/537.36 (KHTML, like Gecko) Chrome/151.0.0.0 Safari/537.36
[2026-08-27T17:41:01.442Z] [LOG] [HTTP-REQUEST] GET /workflow/state 304 - 3ms - Role: Vendor - IP: 127.0.0.1 - UA: Mozilla/5.0 (Windows NT 10.0; Win64; x64) AppleWebKit/537.36 (KHTML, like Gecko) Chrome/151.0.0.0 Safari/537.36
[2026-08-27T17:41:01.615Z] [LOG] [HTTP-REQUEST] GET /workflow/state 304 - 1ms - Role: Support Executive - IP: 127.0.0.1 - UA: Mozilla/5.0 (Windows NT 10.0; Win64; x64) AppleWebKit/537.36 (KHTML, like Gecko) Chrome/151.0.0.0 Safari/537.36
[2026-08-27T17:41:09.238Z] [HEARTBEAT] Log sync check. Status: OK
[2026-08-27T17:41:09.781Z] [LOG] [HTTP-REQUEST] GET /workflow/state 304 - 1ms - Role: Vendor - IP: 127.0.0.1 - UA: Mozilla/5.0 (Windows NT 10.0; Win64; x64) AppleWebKit/537.36 (KHTML, like Gecko) Chrome/151.0.0.0 Safari/537.36
[2026-08-27T17:41:09.788Z] [LOG] [HTTP-REQUEST] GET /workflow/state 304 - 3ms - Role: Support Executive - IP: 127.0.0.1 - UA: Mozilla/5.0 (Windows NT 10.0; Win64; x64) AppleWebKit/537.36 (KHTML, like Gecko) Chrome/151.0.0.0 Safari/537.36
[2026-08-27T17:41:09.793Z] [LOG] [HTTP-REQUEST] GET /workflow/state 304 - 2ms - Role: Traveler - IP: 127.0.0.1 - UA: Mozilla/5.0 (Windows NT 10.0; Win64; x64) AppleWebKit/537.36 (KHTML, like Gecko) Chrome/151.0.0.0 Safari/537.36
[2026-08-27T17:41:09.799Z] [LOG] [HTTP-REQUEST] GET /workflow/state 304 - 2ms - Role: Tour Guide - IP: 127.0.0.1 - UA: Mozilla/5.0 (Windows NT 10.0; Win64; x64) AppleWebKit/537.36 (KHTML, like Gecko) Chrome/151.0.0.0 Safari/537.36
[2026-08-27T17:41:09.810Z] [LOG] [HTTP-REQUEST] GET /workflow/state 304 - 2ms - Role: Travel Partner - IP: 127.0.0.1 - UA: Mozilla/5.0 (Windows NT 10.0; Win64; x64) AppleWebKit/537.36 (KHTML, like Gecko) Chrome/151.0.0.0 Safari/537.36
[2026-08-27T17:41:19.395Z] [LOG] [HTTP-REQUEST] GET /workflow/state 304 - 2ms - Role: Traveler - IP: 127.0.0.1 - UA: Mozilla/5.0 (Windows NT 10.0; Win64; x64) AppleWebKit/537.36 (KHTML, like Gecko) Chrome/151.0.0.0 Safari/537.36
[2026-08-27T17:41:24.077Z] [LOG] [HTTP-REQUEST] GET /workflow/state 304 - 1ms - Role: Traveler - IP: 127.0.0.1 - UA: Mozilla/5.0 (Windows NT 10.0; Win64; x64) AppleWebKit/537.36 (KHTML, like Gecko) Chrome/151.0.0.0 Safari/537.36
[2026-08-27T17:41:24.252Z] [HEARTBEAT] Log sync check. Status: OK
[2026-08-27T17:41:24.753Z] [LOG] [HTTP-REQUEST] GET /workflow/state 304 - 1ms - Role: Traveler - IP: 127.0.0.1 - UA: Mozilla/5.0 (Windows NT 10.0; Win64; x64) AppleWebKit/537.36 (KHTML, like Gecko) Chrome/151.0.0.0 Safari/537.36
[2026-08-27T17:41:24.761Z] [LOG] [HTTP-REQUEST] GET /workflow/state 304 - 2ms - Role: Support Executive - IP: 127.0.0.1 - UA: Mozilla/5.0 (Windows NT 10.0; Win64; x64) AppleWebKit/537.36 (KHTML, like Gecko) Chrome/151.0.0.0 Safari/537.36
[2026-08-27T17:41:24.763Z] [LOG] [HTTP-REQUEST] GET /workflow/state 304 - 1ms - Role: Vendor - IP: 127.0.0.1 - UA: Mozilla/5.0 (Windows NT 10.0; Win64; x64) AppleWebKit/537.36 (KHTML, like Gecko) Chrome/151.0.0.0 Safari/537.36
[2026-08-27T17:41:24.765Z] [LOG] [HTTP-REQUEST] GET /workflow/state 304 - 1ms - Role: Tour Guide - IP: 127.0.0.1 - UA: Mozilla/5.0 (Windows NT 10.0; Win64; x64) AppleWebKit/537.36 (KHTML, like Gecko) Chrome/151.0.0.0 Safari/537.36
[2026-08-27T17:41:24.767Z] [LOG] [HTTP-REQUEST] GET /workflow/state 304 - 1ms - Role: Travel Partner - IP: 127.0.0.1 - UA: Mozilla/5.0 (Windows NT 10.0; Win64; x64) AppleWebKit/537.36 (KHTML, like Gecko) Chrome/151.0.0.0 Safari/537.36
[2026-08-27T17:41:39.255Z] [HEARTBEAT] Log sync check. Status: OK
[2026-08-27T17:41:39.676Z] [LOG] [HTTP-REQUEST] GET /workflow/state 304 - 2ms - Role: Traveler - IP: 127.0.0.1 - UA: Mozilla/5.0 (Windows NT 10.0; Win64; x64) AppleWebKit/537.36 (KHTML, like Gecko) Chrome/151.0.0.0 Safari/537.36
[2026-08-27T17:41:39.683Z] [LOG] [HTTP-REQUEST] GET /workflow/state 304 - 1ms - Role: Vendor - IP: 127.0.0.1 - UA: Mozilla/5.0 (Windows NT 10.0; Win64; x64) AppleWebKit/537.36 (KHTML, like Gecko) Chrome/151.0.0.0 Safari/537.36
[2026-08-27T17:41:39.686Z] [LOG] [HTTP-REQUEST] GET /workflow/state 304 - 1ms - Role: Support Executive - IP: 127.0.0.1 - UA: Mozilla/5.0 (Windows NT 10.0; Win64; x64) AppleWebKit/537.36 (KHTML, like Gecko) Chrome/151.0.0.0 Safari/537.36
[2026-08-27T17:41:39.691Z] [LOG] [HTTP-REQUEST] GET /workflow/state 304 - 2ms - Role: Travel Partner - IP: 127.0.0.1 - UA: Mozilla/5.0 (Windows NT 10.0; Win64; x64) AppleWebKit/537.36 (KHTML, like Gecko) Chrome/151.0.0.0 Safari/537.36
[2026-08-27T17:41:39.696Z] [LOG] [HTTP-REQUEST] GET /workflow/state 304 - 3ms - Role: Tour Guide - IP: 127.0.0.1 - UA: Mozilla/5.0 (Windows NT 10.0; Win64; x64) AppleWebKit/537.36 (KHTML, like Gecko) Chrome/151.0.0.0 Safari/537.36
[2026-08-27T17:41:54.266Z] [HEARTBEAT] Log sync check. Status: OK
[2026-08-27T17:41:54.706Z] [LOG] [HTTP-REQUEST] GET /workflow/state 304 - 2ms - Role: Vendor - IP: 127.0.0.1 - UA: Mozilla/5.0 (Windows NT 10.0; Win64; x64) AppleWebKit/537.36 (KHTML, like Gecko) Chrome/151.0.0.0 Safari/537.36
[2026-08-27T17:41:54.722Z] [LOG] [HTTP-REQUEST] GET /workflow/state 304 - 1ms - Role: Traveler - IP: 127.0.0.1 - UA: Mozilla/5.0 (Windows NT 10.0; Win64; x64) AppleWebKit/537.36 (KHTML, like Gecko) Chrome/151.0.0.0 Safari/537.36
[2026-08-27T17:41:54.735Z] [LOG] [HTTP-REQUEST] GET /workflow/state 304 - 1ms - Role: Tour Guide - IP: 127.0.0.1 - UA: Mozilla/5.0 (Windows NT 10.0; Win64; x64) AppleWebKit/537.36 (KHTML, like Gecko) Chrome/151.0.0.0 Safari/537.36
[2026-08-27T17:41:54.739Z] [LOG] [HTTP-REQUEST] GET /workflow/state 304 - 1ms - Role: Travel Partner - IP: 127.0.0.1 - UA: Mozilla/5.0 (Windows NT 10.0; Win64; x64) AppleWebKit/537.36 (KHTML, like Gecko) Chrome/151.0.0.0 Safari/537.36
[2026-08-27T17:41:54.743Z] [LOG] [HTTP-REQUEST] GET /workflow/state 304 - 3ms - Role: Support Executive - IP: 127.0.0.1 - UA: Mozilla/5.0 (Windows NT 10.0; Win64; x64) AppleWebKit/537.36 (KHTML, like Gecko) Chrome/151.0.0.0 Safari/537.36
[2026-08-27T17:42:09.273Z] [HEARTBEAT] Log sync check. Status: OK
[2026-08-27T17:42:09.756Z] [LOG] [HTTP-REQUEST] GET /workflow/state 304 - 3ms - Role: Vendor - IP: 127.0.0.1 - UA: Mozilla/5.0 (Windows NT 10.0; Win64; x64) AppleWebKit/537.36 (KHTML, like Gecko) Chrome/151.0.0.0 Safari/537.36
[2026-08-27T17:42:09.772Z] [LOG] [HTTP-REQUEST] GET /workflow/state 304 - 3ms - Role: Traveler - IP: 127.0.0.1 - UA: Mozilla/5.0 (Windows NT 10.0; Win64; x64) AppleWebKit/537.36 (KHTML, like Gecko) Chrome/151.0.0.0 Safari/537.36
[2026-08-27T17:42:09.780Z] [LOG] [HTTP-REQUEST] GET /workflow/state 304 - 2ms - Role: Support Executive - IP: 127.0.0.1 - UA: Mozilla/5.0 (Windows NT 10.0; Win64; x64) AppleWebKit/537.36 (KHTML, like Gecko) Chrome/151.0.0.0 Safari/537.36
[2026-08-27T17:42:09.793Z] [LOG] [HTTP-REQUEST] GET /workflow/state 304 - 1ms - Role: Travel Partner - IP: 127.0.0.1 - UA: Mozilla/5.0 (Windows NT 10.0; Win64; x64) AppleWebKit/537.36 (KHTML, like Gecko) Chrome/151.0.0.0 Safari/537.36
[2026-08-27T17:42:09.803Z] [LOG] [HTTP-REQUEST] GET /workflow/state 304 - 2ms - Role: Tour Guide - IP: 127.0.0.1 - UA: Mozilla/5.0 (Windows NT 10.0; Win64; x64) AppleWebKit/537.36 (KHTML, like Gecko) Chrome/151.0.0.0 Safari/537.36
[2026-08-27T17:42:24.279Z] [HEARTBEAT] Log sync check. Status: OK
[2026-08-27T17:42:24.729Z] [LOG] [HTTP-REQUEST] GET /workflow/state 304 - 1ms - Role: Vendor - IP: 127.0.0.1 - UA: Mozilla/5.0 (Windows NT 10.0; Win64; x64) AppleWebKit/537.36 (KHTML, like Gecko) Chrome/151.0.0.0 Safari/537.36
[2026-08-27T17:42:24.736Z] [LOG] [HTTP-REQUEST] GET /workflow/state 304 - 1ms - Role: Travel Partner - IP: 127.0.0.1 - UA: Mozilla/5.0 (Windows NT 10.0; Win64; x64) AppleWebKit/537.36 (KHTML, like Gecko) Chrome/151.0.0.0 Safari/537.36
[2026-08-27T17:42:24.740Z] [LOG] [HTTP-REQUEST] GET /workflow/state 304 - 2ms - Role: Traveler - IP: 127.0.0.1 - UA: Mozilla/5.0 (Windows NT 10.0; Win64; x64) AppleWebKit/537.36 (KHTML, like Gecko) Chrome/151.0.0.0 Safari/537.36
[2026-08-27T17:42:24.744Z] [LOG] [HTTP-REQUEST] GET /workflow/state 304 - 1ms - Role: Support Executive - IP: 127.0.0.1 - UA: Mozilla/5.0 (Windows NT 10.0; Win64; x64) AppleWebKit/537.36 (KHTML, like Gecko) Chrome/151.0.0.0 Safari/537.36
[2026-08-27T17:42:24.750Z] [LOG] [HTTP-REQUEST] GET /workflow/state 304 - 3ms - Role: Tour Guide - IP: 127.0.0.1 - UA: Mozilla/5.0 (Windows NT 10.0; Win64; x64) AppleWebKit/537.36 (KHTML, like Gecko) Chrome/151.0.0.0 Safari/537.36
[2026-08-27T17:42:39.289Z] [HEARTBEAT] Log sync check. Status: OK
[2026-08-27T17:42:39.789Z] [LOG] [HTTP-REQUEST] GET /workflow/state 304 - 1ms - Role: Support Executive - IP: 127.0.0.1 - UA: Mozilla/5.0 (Windows NT 10.0; Win64; x64) AppleWebKit/537.36 (KHTML, like Gecko) Chrome/151.0.0.0 Safari/537.36
[2026-08-27T17:42:39.794Z] [LOG] [HTTP-REQUEST] GET /workflow/state 304 - 1ms - Role: Traveler - IP: 127.0.0.1 - UA: Mozilla/5.0 (Windows NT 10.0; Win64; x64) AppleWebKit/537.36 (KHTML, like Gecko) Chrome/151.0.0.0 Safari/537.36
[2026-08-27T17:42:39.801Z] [LOG] [HTTP-REQUEST] GET /workflow/state 304 - 4ms - Role: Vendor - IP: 127.0.0.1 - UA: Mozilla/5.0 (Windows NT 10.0; Win64; x64) AppleWebKit/537.36 (KHTML, like Gecko) Chrome/151.0.0.0 Safari/537.36
[2026-08-27T17:42:39.809Z] [LOG] [HTTP-REQUEST] GET /workflow/state 304 - 2ms - Role: Tour Guide - IP: 127.0.0.1 - UA: Mozilla/5.0 (Windows NT 10.0; Win64; x64) AppleWebKit/537.36 (KHTML, like Gecko) Chrome/151.0.0.0 Safari/537.36
[2026-08-27T17:42:39.814Z] [LOG] [HTTP-REQUEST] GET /workflow/state 304 - 1ms - Role: Travel Partner - IP: 127.0.0.1 - UA: Mozilla/5.0 (Windows NT 10.0; Win64; x64) AppleWebKit/537.36 (KHTML, like Gecko) Chrome/151.0.0.0 Safari/537.36
[2026-08-27T17:42:54.296Z] [HEARTBEAT] Log sync check. Status: OK
[2026-08-27T17:42:54.823Z] [LOG] [HTTP-REQUEST] GET /workflow/state 304 - 2ms - Role: Support Executive - IP: 127.0.0.1 - UA: Mozilla/5.0 (Windows NT 10.0; Win64; x64) AppleWebKit/537.36 (KHTML, like Gecko) Chrome/151.0.0.0 Safari/537.36
[2026-08-27T17:42:54.828Z] [LOG] [HTTP-REQUEST] GET /workflow/state 304 - 3ms - Role: Vendor - IP: 127.0.0.1 - UA: Mozilla/5.0 (Windows NT 10.0; Win64; x64) AppleWebKit/537.36 (KHTML, like Gecko) Chrome/151.0.0.0 Safari/537.36
[2026-08-27T17:42:54.833Z] [LOG] [HTTP-REQUEST] GET /workflow/state 304 - 2ms - Role: Traveler - IP: 127.0.0.1 - UA: Mozilla/5.0 (Windows NT 10.0; Win64; x64) AppleWebKit/537.36 (KHTML, like Gecko) Chrome/151.0.0.0 Safari/537.36
[2026-08-27T17:42:54.837Z] [LOG] [HTTP-REQUEST] GET /workflow/state 304 - 2ms - Role: Tour Guide - IP: 127.0.0.1 - UA: Mozilla/5.0 (Windows NT 10.0; Win64; x64) AppleWebKit/537.36 (KHTML, like Gecko) Chrome/151.0.0.0 Safari/537.36
[2026-08-27T17:42:54.842Z] [LOG] [HTTP-REQUEST] GET /workflow/state 304 - 2ms - Role: Travel Partner - IP: 127.0.0.1 - UA: Mozilla/5.0 (Windows NT 10.0; Win64; x64) AppleWebKit/537.36 (KHTML, like Gecko) Chrome/151.0.0.0 Safari/537.36
[2026-08-27T17:43:09.309Z] [HEARTBEAT] Log sync check. Status: OK
[2026-08-27T17:43:09.764Z] [LOG] [HTTP-REQUEST] GET /workflow/state 304 - 1ms - Role: Vendor - IP: 127.0.0.1 - UA: Mozilla/5.0 (Windows NT 10.0; Win64; x64) AppleWebKit/537.36 (KHTML, like Gecko) Chrome/151.0.0.0 Safari/537.36
[2026-08-27T17:43:09.769Z] [LOG] [HTTP-REQUEST] GET /workflow/state 304 - 2ms - Role: Support Executive - IP: 127.0.0.1 - UA: Mozilla/5.0 (Windows NT 10.0; Win64; x64) AppleWebKit/537.36 (KHTML, like Gecko) Chrome/151.0.0.0 Safari/537.36
[2026-08-27T17:43:09.781Z] [LOG] [HTTP-REQUEST] GET /workflow/state 304 - 1ms - Role: Tour Guide - IP: 127.0.0.1 - UA: Mozilla/5.0 (Windows NT 10.0; Win64; x64) AppleWebKit/537.36 (KHTML, like Gecko) Chrome/151.0.0.0 Safari/537.36
[2026-08-27T17:43:09.785Z] [LOG] [HTTP-REQUEST] GET /workflow/state 304 - 1ms - Role: Traveler - IP: 127.0.0.1 - UA: Mozilla/5.0 (Windows NT 10.0; Win64; x64) AppleWebKit/537.36 (KHTML, like Gecko) Chrome/151.0.0.0 Safari/537.36
[2026-08-27T17:43:09.789Z] [LOG] [HTTP-REQUEST] GET /workflow/state 304 - 2ms - Role: Travel Partner - IP: 127.0.0.1 - UA: Mozilla/5.0 (Windows NT 10.0; Win64; x64) AppleWebKit/537.36 (KHTML, like Gecko) Chrome/151.0.0.0 Safari/537.36
[2026-08-27T17:43:24.313Z] [HEARTBEAT] Log sync check. Status: OK
[2026-08-27T17:43:24.856Z] [LOG] [HTTP-REQUEST] GET /workflow/state 304 - 3ms - Role: Vendor - IP: 127.0.0.1 - UA: Mozilla/5.0 (Windows NT 10.0; Win64; x64) AppleWebKit/537.36 (KHTML, like Gecko) Chrome/151.0.0.0 Safari/537.36
[2026-08-27T17:43:24.865Z] [LOG] [HTTP-REQUEST] GET /workflow/state 304 - 3ms - Role: Travel Partner - IP: 127.0.0.1 - UA: Mozilla/5.0 (Windows NT 10.0; Win64; x64) AppleWebKit/537.36 (KHTML, like Gecko) Chrome/151.0.0.0 Safari/537.36
[2026-08-27T17:43:24.873Z] [LOG] [HTTP-REQUEST] GET /workflow/state 304 - 3ms - Role: Support Executive - IP: 127.0.0.1 - UA: Mozilla/5.0 (Windows NT 10.0; Win64; x64) AppleWebKit/537.36 (KHTML, like Gecko) Chrome/151.0.0.0 Safari/537.36
[2026-08-27T17:43:24.877Z] [LOG] [HTTP-REQUEST] GET /workflow/state 304 - 2ms - Role: Traveler - IP: 127.0.0.1 - UA: Mozilla/5.0 (Windows NT 10.0; Win64; x64) AppleWebKit/537.36 (KHTML, like Gecko) Chrome/151.0.0.0 Safari/537.36
[2026-08-27T17:43:24.882Z] [LOG] [HTTP-REQUEST] GET /workflow/state 304 - 3ms - Role: Tour Guide - IP: 127.0.0.1 - UA: Mozilla/5.0 (Windows NT 10.0; Win64; x64) AppleWebKit/537.36 (KHTML, like Gecko) Chrome/151.0.0.0 Safari/537.36
[2026-08-27T17:43:39.328Z] [HEARTBEAT] Log sync check. Status: OK
[2026-08-27T17:43:39.781Z] [LOG] [HTTP-REQUEST] GET /workflow/state 304 - 3ms - Role: Vendor - IP: 127.0.0.1 - UA: Mozilla/5.0 (Windows NT 10.0; Win64; x64) AppleWebKit/537.36 (KHTML, like Gecko) Chrome/151.0.0.0 Safari/537.36
[2026-08-27T17:43:39.787Z] [LOG] [HTTP-REQUEST] GET /workflow/state 304 - 2ms - Role: Traveler - IP: 127.0.0.1 - UA: Mozilla/5.0 (Windows NT 10.0; Win64; x64) AppleWebKit/537.36 (KHTML, like Gecko) Chrome/151.0.0.0 Safari/537.36
[2026-08-27T17:43:39.793Z] [LOG] [HTTP-REQUEST] GET /workflow/state 304 - 2ms - Role: Support Executive - IP: 127.0.0.1 - UA: Mozilla/5.0 (Windows NT 10.0; Win64; x64) AppleWebKit/537.36 (KHTML, like Gecko) Chrome/151.0.0.0 Safari/537.36
[2026-08-27T17:43:39.799Z] [LOG] [HTTP-REQUEST] GET /workflow/state 304 - 2ms - Role: Tour Guide - IP: 127.0.0.1 - UA: Mozilla/5.0 (Windows NT 10.0; Win64; x64) AppleWebKit/537.36 (KHTML, like Gecko) Chrome/151.0.0.0 Safari/537.36
[2026-08-27T17:43:39.801Z] [LOG] [HTTP-REQUEST] GET /workflow/state 304 - 1ms - Role: Travel Partner - IP: 127.0.0.1 - UA: Mozilla/5.0 (Windows NT 10.0; Win64; x64) AppleWebKit/537.36 (KHTML, like Gecko) Chrome/151.0.0.0 Safari/537.36
[2026-08-27T17:43:43.215Z] [LOG] [HTTP-REQUEST] PUT /workflow/state 200 - 32ms - Role: Traveler - IP: 127.0.0.1 - UA: Mozilla/5.0 (Windows NT 10.0; Win64; x64) AppleWebKit/537.36 (KHTML, like Gecko) Chrome/151.0.0.0 Safari/537.36
[2026-08-27T17:43:43.487Z] [WARN] [HTTP-REQUEST] GET /favicon.ico 404 - 7ms - Role: Anonymous - IP: 127.0.0.1 - UA: Mozilla/5.0 (Windows NT 10.0; Win64; x64) AppleWebKit/537.36 (KHTML, like Gecko) Chrome/151.0.0.0 Safari/537.36
[2026-08-27T17:43:44.080Z] [LOG] [HTTP-REQUEST] GET /workflow/state 200 - 19ms - Role: Vendor - IP: 127.0.0.1 - UA: Mozilla/5.0 (Windows NT 10.0; Win64; x64) AppleWebKit/537.36 (KHTML, like Gecko) Chrome/151.0.0.0 Safari/537.36
[2026-08-27T17:43:44.121Z] [LOG] [HTTP-REQUEST] GET /workflow/state 304 - 3ms - Role: Traveler - IP: 127.0.0.1 - UA: Mozilla/5.0 (Windows NT 10.0; Win64; x64) AppleWebKit/537.36 (KHTML, like Gecko) Chrome/151.0.0.0 Safari/537.36
[2026-08-27T17:43:44.136Z] [LOG] [HTTP-REQUEST] GET /workflow/state 304 - 3ms - Role: Tour Guide - IP: 127.0.0.1 - UA: Mozilla/5.0 (Windows NT 10.0; Win64; x64) AppleWebKit/537.36 (KHTML, like Gecko) Chrome/151.0.0.0 Safari/537.36
[2026-08-27T17:43:44.153Z] [LOG] [HTTP-REQUEST] GET /workflow/state 304 - 6ms - Role: Support Executive - IP: 127.0.0.1 - UA: Mozilla/5.0 (Windows NT 10.0; Win64; x64) AppleWebKit/537.36 (KHTML, like Gecko) Chrome/151.0.0.0 Safari/537.36
[2026-08-27T17:43:44.168Z] [LOG] [HTTP-REQUEST] GET /workflow/state 304 - 5ms - Role: Travel Partner - IP: 127.0.0.1 - UA: Mozilla/5.0 (Windows NT 10.0; Win64; x64) AppleWebKit/537.36 (KHTML, like Gecko) Chrome/151.0.0.0 Safari/537.36
[2026-08-27T17:43:45.168Z] [LOG] [HTTP-REQUEST] GET /workflow/state 304 - 5ms - Role: Traveler - IP: 127.0.0.1 - UA: Mozilla/5.0 (Windows NT 10.0; Win64; x64) AppleWebKit/537.36 (KHTML, like Gecko) Chrome/151.0.0.0 Safari/537.36
[2026-08-27T17:43:45.415Z] [LOG] [HTTP-REQUEST] GET /workflow/state 304 - 5ms - Role: Tour Guide - IP: 127.0.0.1 - UA: Mozilla/5.0 (Windows NT 10.0; Win64; x64) AppleWebKit/537.36 (KHTML, like Gecko) Chrome/151.0.0.0 Safari/537.36
[2026-08-27T17:43:45.976Z] [LOG] [HTTP-REQUEST] GET /workflow/state 304 - 4ms - Role: Support Executive - IP: 127.0.0.1 - UA: Mozilla/5.0 (Windows NT 10.0; Win64; x64) AppleWebKit/537.36 (KHTML, like Gecko) Chrome/151.0.0.0 Safari/537.36
[2026-08-27T17:43:45.989Z] [LOG] [HTTP-REQUEST] GET /workflow/state 304 - 4ms - Role: Vendor - IP: 127.0.0.1 - UA: Mozilla/5.0 (Windows NT 10.0; Win64; x64) AppleWebKit/537.36 (KHTML, like Gecko) Chrome/151.0.0.0 Safari/537.36
[2026-08-27T17:43:54.337Z] [HEARTBEAT] Log sync check. Status: OK
[2026-08-27T17:43:54.920Z] [LOG] [HTTP-REQUEST] GET /workflow/state 304 - 2ms - Role: Vendor - IP: 127.0.0.1 - UA: Mozilla/5.0 (Windows NT 10.0; Win64; x64) AppleWebKit/537.36 (KHTML, like Gecko) Chrome/151.0.0.0 Safari/537.36
[2026-08-27T17:43:54.955Z] [LOG] [HTTP-REQUEST] GET /workflow/state 304 - 12ms - Role: Traveler - IP: 127.0.0.1 - UA: Mozilla/5.0 (Windows NT 10.0; Win64; x64) AppleWebKit/537.36 (KHTML, like Gecko) Chrome/151.0.0.0 Safari/537.36
[2026-08-27T17:43:54.973Z] [LOG] [HTTP-REQUEST] GET /workflow/state 304 - 6ms - Role: Travel Partner - IP: 127.0.0.1 - UA: Mozilla/5.0 (Windows NT 10.0; Win64; x64) AppleWebKit/537.36 (KHTML, like Gecko) Chrome/151.0.0.0 Safari/537.36
[2026-08-27T17:43:54.982Z] [LOG] [HTTP-REQUEST] GET /workflow/state 304 - 2ms - Role: Support Executive - IP: 127.0.0.1 - UA: Mozilla/5.0 (Windows NT 10.0; Win64; x64) AppleWebKit/537.36 (KHTML, like Gecko) Chrome/151.0.0.0 Safari/537.36
[2026-08-27T17:43:54.991Z] [LOG] [HTTP-REQUEST] GET /workflow/state 304 - 3ms - Role: Tour Guide - IP: 127.0.0.1 - UA: Mozilla/5.0 (Windows NT 10.0; Win64; x64) AppleWebKit/537.36 (KHTML, like Gecko) Chrome/151.0.0.0 Safari/537.36
[2026-08-27T17:44:09.339Z] [HEARTBEAT] Log sync check. Status: OK
[2026-08-27T17:44:09.840Z] [LOG] [HTTP-REQUEST] GET /workflow/state 304 - 2ms - Role: Vendor - IP: 127.0.0.1 - UA: Mozilla/5.0 (Windows NT 10.0; Win64; x64) AppleWebKit/537.36 (KHTML, like Gecko) Chrome/151.0.0.0 Safari/537.36
[2026-08-27T17:44:09.852Z] [LOG] [HTTP-REQUEST] GET /workflow/state 304 - 7ms - Role: Support Executive - IP: 127.0.0.1 - UA: Mozilla/5.0 (Windows NT 10.0; Win64; x64) AppleWebKit/537.36 (KHTML, like Gecko) Chrome/151.0.0.0 Safari/537.36
[2026-08-27T17:44:09.861Z] [LOG] [HTTP-REQUEST] GET /workflow/state 304 - 2ms - Role: Traveler - IP: 127.0.0.1 - UA: Mozilla/5.0 (Windows NT 10.0; Win64; x64) AppleWebKit/537.36 (KHTML, like Gecko) Chrome/151.0.0.0 Safari/537.36
[2026-08-27T17:44:09.878Z] [LOG] [HTTP-REQUEST] GET /workflow/state 304 - 3ms - Role: Tour Guide - IP: 127.0.0.1 - UA: Mozilla/5.0 (Windows NT 10.0; Win64; x64) AppleWebKit/537.36 (KHTML, like Gecko) Chrome/151.0.0.0 Safari/537.36
[2026-08-27T17:44:09.883Z] [LOG] [HTTP-REQUEST] GET /workflow/state 304 - 3ms - Role: Travel Partner - IP: 127.0.0.1 - UA: Mozilla/5.0 (Windows NT 10.0; Win64; x64) AppleWebKit/537.36 (KHTML, like Gecko) Chrome/151.0.0.0 Safari/537.36
[2026-08-27T17:44:24.340Z] [HEARTBEAT] Log sync check. Status: OK
[2026-08-27T17:44:24.731Z] [LOG] [HTTP-REQUEST] GET /workflow/state 304 - 1ms - Role: Vendor - IP: 127.0.0.1 - UA: Mozilla/5.0 (Windows NT 10.0; Win64; x64) AppleWebKit/537.36 (KHTML, like Gecko) Chrome/151.0.0.0 Safari/537.36
[2026-08-27T17:44:24.735Z] [LOG] [HTTP-REQUEST] GET /workflow/state 304 - 1ms - Role: Traveler - IP: 127.0.0.1 - UA: Mozilla/5.0 (Windows NT 10.0; Win64; x64) AppleWebKit/537.36 (KHTML, like Gecko) Chrome/151.0.0.0 Safari/537.36
[2026-08-27T17:44:24.740Z] [LOG] [HTTP-REQUEST] GET /workflow/state 304 - 1ms - Role: Support Executive - IP: 127.0.0.1 - UA: Mozilla/5.0 (Windows NT 10.0; Win64; x64) AppleWebKit/537.36 (KHTML, like Gecko) Chrome/151.0.0.0 Safari/537.36
[2026-08-27T17:44:24.742Z] [LOG] [HTTP-REQUEST] GET /workflow/state 304 - 1ms - Role: Tour Guide - IP: 127.0.0.1 - UA: Mozilla/5.0 (Windows NT 10.0; Win64; x64) AppleWebKit/537.36 (KHTML, like Gecko) Chrome/151.0.0.0 Safari/537.36
[2026-08-27T17:44:24.746Z] [LOG] [HTTP-REQUEST] GET /workflow/state 304 - 1ms - Role: Travel Partner - IP: 127.0.0.1 - UA: Mozilla/5.0 (Windows NT 10.0; Win64; x64) AppleWebKit/537.36 (KHTML, like Gecko) Chrome/151.0.0.0 Safari/537.36
[2026-08-27T17:44:39.341Z] [HEARTBEAT] Log sync check. Status: OK
[2026-08-27T17:44:39.746Z] [LOG] [HTTP-REQUEST] GET /workflow/state 304 - 2ms - Role: Traveler - IP: 127.0.0.1 - UA: Mozilla/5.0 (Windows NT 10.0; Win64; x64) AppleWebKit/537.36 (KHTML, like Gecko) Chrome/151.0.0.0 Safari/537.36
[2026-08-27T17:44:39.752Z] [LOG] [HTTP-REQUEST] GET /workflow/state 304 - 2ms - Role: Vendor - IP: 127.0.0.1 - UA: Mozilla/5.0 (Windows NT 10.0; Win64; x64) AppleWebKit/537.36 (KHTML, like Gecko) Chrome/151.0.0.0 Safari/537.36
[2026-08-27T17:44:39.757Z] [LOG] [HTTP-REQUEST] GET /workflow/state 304 - 1ms - Role: Support Executive - IP: 127.0.0.1 - UA: Mozilla/5.0 (Windows NT 10.0; Win64; x64) AppleWebKit/537.36 (KHTML, like Gecko) Chrome/151.0.0.0 Safari/537.36
[2026-08-27T17:44:39.760Z] [LOG] [HTTP-REQUEST] GET /workflow/state 304 - 1ms - Role: Travel Partner - IP: 127.0.0.1 - UA: Mozilla/5.0 (Windows NT 10.0; Win64; x64) AppleWebKit/537.36 (KHTML, like Gecko) Chrome/151.0.0.0 Safari/537.36
[2026-08-27T17:44:39.764Z] [LOG] [HTTP-REQUEST] GET /workflow/state 304 - 1ms - Role: Tour Guide - IP: 127.0.0.1 - UA: Mozilla/5.0 (Windows NT 10.0; Win64; x64) AppleWebKit/537.36 (KHTML, like Gecko) Chrome/151.0.0.0 Safari/537.36
[2026-08-27T17:44:54.353Z] [HEARTBEAT] Log sync check. Status: OK
[2026-08-27T17:44:54.795Z] [LOG] [HTTP-REQUEST] GET /workflow/state 304 - 0ms - Role: Vendor - IP: 127.0.0.1 - UA: Mozilla/5.0 (Windows NT 10.0; Win64; x64) AppleWebKit/537.36 (KHTML, like Gecko) Chrome/151.0.0.0 Safari/537.36
[2026-08-27T17:44:54.802Z] [LOG] [HTTP-REQUEST] GET /workflow/state 304 - 1ms - Role: Support Executive - IP: 127.0.0.1 - UA: Mozilla/5.0 (Windows NT 10.0; Win64; x64) AppleWebKit/537.36 (KHTML, like Gecko) Chrome/151.0.0.0 Safari/537.36
[2026-08-27T17:44:54.804Z] [LOG] [HTTP-REQUEST] GET /workflow/state 304 - 1ms - Role: Traveler - IP: 127.0.0.1 - UA: Mozilla/5.0 (Windows NT 10.0; Win64; x64) AppleWebKit/537.36 (KHTML, like Gecko) Chrome/151.0.0.0 Safari/537.36
[2026-08-27T17:44:54.807Z] [LOG] [HTTP-REQUEST] GET /workflow/state 304 - 1ms - Role: Travel Partner - IP: 127.0.0.1 - UA: Mozilla/5.0 (Windows NT 10.0; Win64; x64) AppleWebKit/537.36 (KHTML, like Gecko) Chrome/151.0.0.0 Safari/537.36
[2026-08-27T17:44:54.812Z] [LOG] [HTTP-REQUEST] GET /workflow/state 304 - 2ms - Role: Tour Guide - IP: 127.0.0.1 - UA: Mozilla/5.0 (Windows NT 10.0; Win64; x64) AppleWebKit/537.36 (KHTML, like Gecko) Chrome/151.0.0.0 Safari/537.36
[2026-08-27T17:45:09.363Z] [HEARTBEAT] Log sync check. Status: OK
[2026-08-27T17:45:09.898Z] [LOG] [HTTP-REQUEST] GET /workflow/state 304 - 1ms - Role: Support Executive - IP: 127.0.0.1 - UA: Mozilla/5.0 (Windows NT 10.0; Win64; x64) AppleWebKit/537.36 (KHTML, like Gecko) Chrome/151.0.0.0 Safari/537.36
[2026-08-27T17:45:09.945Z] [LOG] [HTTP-REQUEST] GET /workflow/state 304 - 12ms - Role: Vendor - IP: 127.0.0.1 - UA: Mozilla/5.0 (Windows NT 10.0; Win64; x64) AppleWebKit/537.36 (KHTML, like Gecko) Chrome/151.0.0.0 Safari/537.36
[2026-08-27T17:45:09.958Z] [LOG] [HTTP-REQUEST] GET /workflow/state 304 - 2ms - Role: Traveler - IP: 127.0.0.1 - UA: Mozilla/5.0 (Windows NT 10.0; Win64; x64) AppleWebKit/537.36 (KHTML, like Gecko) Chrome/151.0.0.0 Safari/537.36
[2026-08-27T17:45:09.965Z] [LOG] [HTTP-REQUEST] GET /workflow/state 304 - 2ms - Role: Travel Partner - IP: 127.0.0.1 - UA: Mozilla/5.0 (Windows NT 10.0; Win64; x64) AppleWebKit/537.36 (KHTML, like Gecko) Chrome/151.0.0.0 Safari/537.36
[2026-08-27T17:45:09.972Z] [LOG] [HTTP-REQUEST] GET /workflow/state 304 - 3ms - Role: Tour Guide - IP: 127.0.0.1 - UA: Mozilla/5.0 (Windows NT 10.0; Win64; x64) AppleWebKit/537.36 (KHTML, like Gecko) Chrome/151.0.0.0 Safari/537.36
[2026-08-27T17:45:24.378Z] [HEARTBEAT] Log sync check. Status: OK
[2026-08-27T17:45:25.015Z] [LOG] [HTTP-REQUEST] GET /workflow/state 304 - 3ms - Role: Vendor - IP: 127.0.0.1 - UA: Mozilla/5.0 (Windows NT 10.0; Win64; x64) AppleWebKit/537.36 (KHTML, like Gecko) Chrome/151.0.0.0 Safari/537.36
[2026-08-27T17:45:25.027Z] [LOG] [HTTP-REQUEST] GET /workflow/state 304 - 4ms - Role: Tour Guide - IP: 127.0.0.1 - UA: Mozilla/5.0 (Windows NT 10.0; Win64; x64) AppleWebKit/537.36 (KHTML, like Gecko) Chrome/151.0.0.0 Safari/537.36
[2026-08-27T17:45:25.037Z] [LOG] [HTTP-REQUEST] GET /workflow/state 304 - 3ms - Role: Traveler - IP: 127.0.0.1 - UA: Mozilla/5.0 (Windows NT 10.0; Win64; x64) AppleWebKit/537.36 (KHTML, like Gecko) Chrome/151.0.0.0 Safari/537.36
[2026-08-27T17:45:25.047Z] [LOG] [HTTP-REQUEST] GET /workflow/state 304 - 4ms - Role: Support Executive - IP: 127.0.0.1 - UA: Mozilla/5.0 (Windows NT 10.0; Win64; x64) AppleWebKit/537.36 (KHTML, like Gecko) Chrome/151.0.0.0 Safari/537.36
[2026-08-27T17:45:25.053Z] [LOG] [HTTP-REQUEST] GET /workflow/state 304 - 3ms - Role: Travel Partner - IP: 127.0.0.1 - UA: Mozilla/5.0 (Windows NT 10.0; Win64; x64) AppleWebKit/537.36 (KHTML, like Gecko) Chrome/151.0.0.0 Safari/537.36
[2026-08-27T17:45:39.392Z] [HEARTBEAT] Log sync check. Status: OK
[2026-08-27T17:45:39.863Z] [LOG] [HTTP-REQUEST] GET /workflow/state 304 - 1ms - Role: Support Executive - IP: 127.0.0.1 - UA: Mozilla/5.0 (Windows NT 10.0; Win64; x64) AppleWebKit/537.36 (KHTML, like Gecko) Chrome/151.0.0.0 Safari/537.36
[2026-08-27T17:45:39.867Z] [LOG] [HTTP-REQUEST] GET /workflow/state 304 - 1ms - Role: Traveler - IP: 127.0.0.1 - UA: Mozilla/5.0 (Windows NT 10.0; Win64; x64) AppleWebKit/537.36 (KHTML, like Gecko) Chrome/151.0.0.0 Safari/537.36
[2026-08-27T17:45:39.870Z] [LOG] [HTTP-REQUEST] GET /workflow/state 304 - 1ms - Role: Vendor - IP: 127.0.0.1 - UA: Mozilla/5.0 (Windows NT 10.0; Win64; x64) AppleWebKit/537.36 (KHTML, like Gecko) Chrome/151.0.0.0 Safari/537.36
[2026-08-27T17:45:39.872Z] [LOG] [HTTP-REQUEST] GET /workflow/state 304 - 1ms - Role: Tour Guide - IP: 127.0.0.1 - UA: Mozilla/5.0 (Windows NT 10.0; Win64; x64) AppleWebKit/537.36 (KHTML, like Gecko) Chrome/151.0.0.0 Safari/537.36
[2026-08-27T17:45:39.875Z] [LOG] [HTTP-REQUEST] GET /workflow/state 304 - 1ms - Role: Travel Partner - IP: 127.0.0.1 - UA: Mozilla/5.0 (Windows NT 10.0; Win64; x64) AppleWebKit/537.36 (KHTML, like Gecko) Chrome/151.0.0.0 Safari/537.36
[2026-08-27T17:45:54.403Z] [HEARTBEAT] Log sync check. Status: OK
[2026-08-27T17:45:55.170Z] [LOG] [HTTP-REQUEST] GET /workflow/state 304 - 2ms - Role: Support Executive - IP: 127.0.0.1 - UA: Mozilla/5.0 (Windows NT 10.0; Win64; x64) AppleWebKit/537.36 (KHTML, like Gecko) Chrome/151.0.0.0 Safari/537.36
[2026-08-27T17:45:55.202Z] [LOG] [HTTP-REQUEST] GET /workflow/state 304 - 9ms - Role: Vendor - IP: 127.0.0.1 - UA: Mozilla/5.0 (Windows NT 10.0; Win64; x64) AppleWebKit/537.36 (KHTML, like Gecko) Chrome/151.0.0.0 Safari/537.36
[2026-08-27T17:45:55.217Z] [LOG] [HTTP-REQUEST] GET /workflow/state 304 - 2ms - Role: Traveler - IP: 127.0.0.1 - UA: Mozilla/5.0 (Windows NT 10.0; Win64; x64) AppleWebKit/537.36 (KHTML, like Gecko) Chrome/151.0.0.0 Safari/537.36
[2026-08-27T17:45:55.225Z] [LOG] [HTTP-REQUEST] GET /workflow/state 304 - 3ms - Role: Travel Partner - IP: 127.0.0.1 - UA: Mozilla/5.0 (Windows NT 10.0; Win64; x64) AppleWebKit/537.36 (KHTML, like Gecko) Chrome/151.0.0.0 Safari/537.36
[2026-08-27T17:45:55.234Z] [LOG] [HTTP-REQUEST] GET /workflow/state 304 - 4ms - Role: Tour Guide - IP: 127.0.0.1 - UA: Mozilla/5.0 (Windows NT 10.0; Win64; x64) AppleWebKit/537.36 (KHTML, like Gecko) Chrome/151.0.0.0 Safari/537.36
[2026-08-27T17:46:09.416Z] [HEARTBEAT] Log sync check. Status: OK
[2026-08-27T17:46:09.971Z] [LOG] [HTTP-REQUEST] GET /workflow/state 304 - 5ms - Role: Support Executive - IP: 127.0.0.1 - UA: Mozilla/5.0 (Windows NT 10.0; Win64; x64) AppleWebKit/537.36 (KHTML, like Gecko) Chrome/151.0.0.0 Safari/537.36
[2026-08-27T17:46:09.981Z] [LOG] [HTTP-REQUEST] GET /workflow/state 304 - 3ms - Role: Traveler - IP: 127.0.0.1 - UA: Mozilla/5.0 (Windows NT 10.0; Win64; x64) AppleWebKit/537.36 (KHTML, like Gecko) Chrome/151.0.0.0 Safari/537.36
[2026-08-27T17:46:10.011Z] [LOG] [HTTP-REQUEST] GET /workflow/state 304 - 11ms - Role: Vendor - IP: 127.0.0.1 - UA: Mozilla/5.0 (Windows NT 10.0; Win64; x64) AppleWebKit/537.36 (KHTML, like Gecko) Chrome/151.0.0.0 Safari/537.36
[2026-08-27T17:46:10.021Z] [LOG] [HTTP-REQUEST] GET /workflow/state 304 - 4ms - Role: Tour Guide - IP: 127.0.0.1 - UA: Mozilla/5.0 (Windows NT 10.0; Win64; x64) AppleWebKit/537.36 (KHTML, like Gecko) Chrome/151.0.0.0 Safari/537.36
[2026-08-27T17:46:10.026Z] [LOG] [HTTP-REQUEST] GET /workflow/state 304 - 2ms - Role: Travel Partner - IP: 127.0.0.1 - UA: Mozilla/5.0 (Windows NT 10.0; Win64; x64) AppleWebKit/537.36 (KHTML, like Gecko) Chrome/151.0.0.0 Safari/537.36
[2026-08-27T17:46:24.417Z] [HEARTBEAT] Log sync check. Status: OK
[2026-08-27T17:46:25.029Z] [LOG] [HTTP-REQUEST] GET /workflow/state 304 - 2ms - Role: Traveler - IP: 127.0.0.1 - UA: Mozilla/5.0 (Windows NT 10.0; Win64; x64) AppleWebKit/537.36 (KHTML, like Gecko) Chrome/151.0.0.0 Safari/537.36
[2026-08-27T17:46:25.061Z] [LOG] [HTTP-REQUEST] GET /workflow/state 304 - 10ms - Role: Vendor - IP: 127.0.0.1 - UA: Mozilla/5.0 (Windows NT 10.0; Win64; x64) AppleWebKit/537.36 (KHTML, like Gecko) Chrome/151.0.0.0 Safari/537.36
[2026-08-27T17:46:25.070Z] [LOG] [HTTP-REQUEST] GET /workflow/state 304 - 4ms - Role: Support Executive - IP: 127.0.0.1 - UA: Mozilla/5.0 (Windows NT 10.0; Win64; x64) AppleWebKit/537.36 (KHTML, like Gecko) Chrome/151.0.0.0 Safari/537.36
[2026-08-27T17:46:25.082Z] [LOG] [HTTP-REQUEST] GET /workflow/state 304 - 2ms - Role: Tour Guide - IP: 127.0.0.1 - UA: Mozilla/5.0 (Windows NT 10.0; Win64; x64) AppleWebKit/537.36 (KHTML, like Gecko) Chrome/151.0.0.0 Safari/537.36
[2026-08-27T17:46:25.093Z] [LOG] [HTTP-REQUEST] GET /workflow/state 304 - 1ms - Role: Travel Partner - IP: 127.0.0.1 - UA: Mozilla/5.0 (Windows NT 10.0; Win64; x64) AppleWebKit/537.36 (KHTML, like Gecko) Chrome/151.0.0.0 Safari/537.36
[2026-08-27T17:46:39.419Z] [HEARTBEAT] Log sync check. Status: OK
[2026-08-27T17:46:40.090Z] [LOG] [HTTP-REQUEST] GET /workflow/state 304 - 1ms - Role: Traveler - IP: 127.0.0.1 - UA: Mozilla/5.0 (Windows NT 10.0; Win64; x64) AppleWebKit/537.36 (KHTML, like Gecko) Chrome/151.0.0.0 Safari/537.36
[2026-08-27T17:46:40.094Z] [LOG] [HTTP-REQUEST] GET /workflow/state 304 - 1ms - Role: Vendor - IP: 127.0.0.1 - UA: Mozilla/5.0 (Windows NT 10.0; Win64; x64) AppleWebKit/537.36 (KHTML, like Gecko) Chrome/151.0.0.0 Safari/537.36
[2026-08-27T17:46:40.103Z] [LOG] [HTTP-REQUEST] GET /workflow/state 304 - 2ms - Role: Support Executive - IP: 127.0.0.1 - UA: Mozilla/5.0 (Windows NT 10.0; Win64; x64) AppleWebKit/537.36 (KHTML, like Gecko) Chrome/151.0.0.0 Safari/537.36
[2026-08-27T17:46:40.108Z] [LOG] [HTTP-REQUEST] GET /workflow/state 304 - 2ms - Role: Travel Partner - IP: 127.0.0.1 - UA: Mozilla/5.0 (Windows NT 10.0; Win64; x64) AppleWebKit/537.36 (KHTML, like Gecko) Chrome/151.0.0.0 Safari/537.36
[2026-08-27T17:46:40.114Z] [LOG] [HTTP-REQUEST] GET /workflow/state 304 - 2ms - Role: Tour Guide - IP: 127.0.0.1 - UA: Mozilla/5.0 (Windows NT 10.0; Win64; x64) AppleWebKit/537.36 (KHTML, like Gecko) Chrome/151.0.0.0 Safari/537.36
[2026-08-27T17:46:54.426Z] [HEARTBEAT] Log sync check. Status: OK
[2026-08-27T17:46:55.167Z] [LOG] [HTTP-REQUEST] GET /workflow/state 304 - 1ms - Role: Traveler - IP: 127.0.0.1 - UA: Mozilla/5.0 (Windows NT 10.0; Win64; x64) AppleWebKit/537.36 (KHTML, like Gecko) Chrome/151.0.0.0 Safari/537.36
[2026-08-27T17:46:55.176Z] [LOG] [HTTP-REQUEST] GET /workflow/state 304 - 1ms - Role: Vendor - IP: 127.0.0.1 - UA: Mozilla/5.0 (Windows NT 10.0; Win64; x64) AppleWebKit/537.36 (KHTML, like Gecko) Chrome/151.0.0.0 Safari/537.36
[2026-08-27T17:46:55.181Z] [LOG] [HTTP-REQUEST] GET /workflow/state 304 - 1ms - Role: Support Executive - IP: 127.0.0.1 - UA: Mozilla/5.0 (Windows NT 10.0; Win64; x64) AppleWebKit/537.36 (KHTML, like Gecko) Chrome/151.0.0.0 Safari/537.36
[2026-08-27T17:46:55.187Z] [LOG] [HTTP-REQUEST] GET /workflow/state 304 - 2ms - Role: Travel Partner - IP: 127.0.0.1 - UA: Mozilla/5.0 (Windows NT 10.0; Win64; x64) AppleWebKit/537.36 (KHTML, like Gecko) Chrome/151.0.0.0 Safari/537.36
[2026-08-27T17:46:55.193Z] [LOG] [HTTP-REQUEST] GET /workflow/state 304 - 1ms - Role: Tour Guide - IP: 127.0.0.1 - UA: Mozilla/5.0 (Windows NT 10.0; Win64; x64) AppleWebKit/537.36 (KHTML, like Gecko) Chrome/151.0.0.0 Safari/537.36
[2026-08-27T17:47:09.440Z] [HEARTBEAT] Log sync check. Status: OK
[2026-08-27T17:47:10.033Z] [LOG] [HTTP-REQUEST] GET /workflow/state 304 - 1ms - Role: Support Executive - IP: 127.0.0.1 - UA: Mozilla/5.0 (Windows NT 10.0; Win64; x64) AppleWebKit/537.36 (KHTML, like Gecko) Chrome/151.0.0.0 Safari/537.36
[2026-08-27T17:47:10.056Z] [LOG] [HTTP-REQUEST] GET /workflow/state 304 - 2ms - Role: Traveler - IP: 127.0.0.1 - UA: Mozilla/5.0 (Windows NT 10.0; Win64; x64) AppleWebKit/537.36 (KHTML, like Gecko) Chrome/151.0.0.0 Safari/537.36
[2026-08-27T17:47:10.064Z] [LOG] [HTTP-REQUEST] GET /workflow/state 304 - 2ms - Role: Vendor - IP: 127.0.0.1 - UA: Mozilla/5.0 (Windows NT 10.0; Win64; x64) AppleWebKit/537.36 (KHTML, like Gecko) Chrome/151.0.0.0 Safari/537.36
[2026-08-27T17:47:10.090Z] [LOG] [HTTP-REQUEST] GET /workflow/state 304 - 2ms - Role: Travel Partner - IP: 127.0.0.1 - UA: Mozilla/5.0 (Windows NT 10.0; Win64; x64) AppleWebKit/537.36 (KHTML, like Gecko) Chrome/151.0.0.0 Safari/537.36
[2026-08-27T17:47:10.129Z] [LOG] [HTTP-REQUEST] GET /workflow/state 304 - 1ms - Role: Tour Guide - IP: 127.0.0.1 - UA: Mozilla/5.0 (Windows NT 10.0; Win64; x64) AppleWebKit/537.36 (KHTML, like Gecko) Chrome/151.0.0.0 Safari/537.36
[2026-08-27T17:47:24.455Z] [HEARTBEAT] Log sync check. Status: OK
[2026-08-27T17:47:25.113Z] [LOG] [HTTP-REQUEST] GET /workflow/state 304 - 1ms - Role: Vendor - IP: 127.0.0.1 - UA: Mozilla/5.0 (Windows NT 10.0; Win64; x64) AppleWebKit/537.36 (KHTML, like Gecko) Chrome/151.0.0.0 Safari/537.36
[2026-08-27T17:47:25.122Z] [LOG] [HTTP-REQUEST] GET /workflow/state 304 - 1ms - Role: Support Executive - IP: 127.0.0.1 - UA: Mozilla/5.0 (Windows NT 10.0; Win64; x64) AppleWebKit/537.36 (KHTML, like Gecko) Chrome/151.0.0.0 Safari/537.36
[2026-08-27T17:47:25.128Z] [LOG] [HTTP-REQUEST] GET /workflow/state 304 - 1ms - Role: Traveler - IP: 127.0.0.1 - UA: Mozilla/5.0 (Windows NT 10.0; Win64; x64) AppleWebKit/537.36 (KHTML, like Gecko) Chrome/151.0.0.0 Safari/537.36
[2026-08-27T17:47:25.137Z] [LOG] [HTTP-REQUEST] GET /workflow/state 304 - 2ms - Role: Tour Guide - IP: 127.0.0.1 - UA: Mozilla/5.0 (Windows NT 10.0; Win64; x64) AppleWebKit/537.36 (KHTML, like Gecko) Chrome/151.0.0.0 Safari/537.36
[2026-08-27T17:47:25.144Z] [LOG] [HTTP-REQUEST] GET /workflow/state 304 - 1ms - Role: Travel Partner - IP: 127.0.0.1 - UA: Mozilla/5.0 (Windows NT 10.0; Win64; x64) AppleWebKit/537.36 (KHTML, like Gecko) Chrome/151.0.0.0 Safari/537.36
[2026-08-27T17:47:39.458Z] [HEARTBEAT] Log sync check. Status: OK
[2026-08-27T17:47:40.017Z] [LOG] [HTTP-REQUEST] GET /workflow/state 304 - 2ms - Role: Support Executive - IP: 127.0.0.1 - UA: Mozilla/5.0 (Windows NT 10.0; Win64; x64) AppleWebKit/537.36 (KHTML, like Gecko) Chrome/151.0.0.0 Safari/537.36
[2026-08-27T17:47:40.027Z] [LOG] [HTTP-REQUEST] GET /workflow/state 304 - 2ms - Role: Vendor - IP: 127.0.0.1 - UA: Mozilla/5.0 (Windows NT 10.0; Win64; x64) AppleWebKit/537.36 (KHTML, like Gecko) Chrome/151.0.0.0 Safari/537.36
[2026-08-27T17:47:40.032Z] [LOG] [HTTP-REQUEST] GET /workflow/state 304 - 2ms - Role: Traveler - IP: 127.0.0.1 - UA: Mozilla/5.0 (Windows NT 10.0; Win64; x64) AppleWebKit/537.36 (KHTML, like Gecko) Chrome/151.0.0.0 Safari/537.36
[2026-08-27T17:47:40.037Z] [LOG] [HTTP-REQUEST] GET /workflow/state 304 - 2ms - Role: Travel Partner - IP: 127.0.0.1 - UA: Mozilla/5.0 (Windows NT 10.0; Win64; x64) AppleWebKit/537.36 (KHTML, like Gecko) Chrome/151.0.0.0 Safari/537.36
[2026-08-27T17:47:40.042Z] [LOG] [HTTP-REQUEST] GET /workflow/state 304 - 2ms - Role: Tour Guide - IP: 127.0.0.1 - UA: Mozilla/5.0 (Windows NT 10.0; Win64; x64) AppleWebKit/537.36 (KHTML, like Gecko) Chrome/151.0.0.0 Safari/537.36
[2026-08-27T17:47:54.465Z] [HEARTBEAT] Log sync check. Status: OK
[2026-08-27T17:47:55.131Z] [LOG] [HTTP-REQUEST] GET /workflow/state 304 - 3ms - Role: Support Executive - IP: 127.0.0.1 - UA: Mozilla/5.0 (Windows NT 10.0; Win64; x64) AppleWebKit/537.36 (KHTML, like Gecko) Chrome/151.0.0.0 Safari/537.36
[2026-08-27T17:47:55.137Z] [LOG] [HTTP-REQUEST] GET /workflow/state 304 - 2ms - Role: Vendor - IP: 127.0.0.1 - UA: Mozilla/5.0 (Windows NT 10.0; Win64; x64) AppleWebKit/537.36 (KHTML, like Gecko) Chrome/151.0.0.0 Safari/537.36
[2026-08-27T17:47:55.143Z] [LOG] [HTTP-REQUEST] GET /workflow/state 304 - 1ms - Role: Traveler - IP: 127.0.0.1 - UA: Mozilla/5.0 (Windows NT 10.0; Win64; x64) AppleWebKit/537.36 (KHTML, like Gecko) Chrome/151.0.0.0 Safari/537.36
[2026-08-27T17:47:55.156Z] [LOG] [HTTP-REQUEST] GET /workflow/state 304 - 6ms - Role: Tour Guide - IP: 127.0.0.1 - UA: Mozilla/5.0 (Windows NT 10.0; Win64; x64) AppleWebKit/537.36 (KHTML, like Gecko) Chrome/151.0.0.0 Safari/537.36
[2026-08-27T17:47:55.162Z] [LOG] [HTTP-REQUEST] GET /workflow/state 304 - 3ms - Role: Travel Partner - IP: 127.0.0.1 - UA: Mozilla/5.0 (Windows NT 10.0; Win64; x64) AppleWebKit/537.36 (KHTML, like Gecko) Chrome/151.0.0.0 Safari/537.36
[2026-08-27T17:48:09.466Z] [HEARTBEAT] Log sync check. Status: OK
[2026-08-27T17:48:09.927Z] [LOG] [HTTP-REQUEST] GET /workflow/state 304 - 12ms - Role: Traveler - IP: 127.0.0.1 - UA: Mozilla/5.0 (Windows NT 10.0; Win64; x64) AppleWebKit/537.36 (KHTML, like Gecko) Chrome/151.0.0.0 Safari/537.36
[2026-08-27T17:48:09.933Z] [LOG] [HTTP-REQUEST] GET /workflow/state 304 - 2ms - Role: Vendor - IP: 127.0.0.1 - UA: Mozilla/5.0 (Windows NT 10.0; Win64; x64) AppleWebKit/537.36 (KHTML, like Gecko) Chrome/151.0.0.0 Safari/537.36
[2026-08-27T17:48:09.946Z] [LOG] [HTTP-REQUEST] GET /workflow/state 304 - 1ms - Role: Support Executive - IP: 127.0.0.1 - UA: Mozilla/5.0 (Windows NT 10.0; Win64; x64) AppleWebKit/537.36 (KHTML, like Gecko) Chrome/151.0.0.0 Safari/537.36
[2026-08-27T17:48:09.951Z] [LOG] [HTTP-REQUEST] GET /workflow/state 304 - 2ms - Role: Tour Guide - IP: 127.0.0.1 - UA: Mozilla/5.0 (Windows NT 10.0; Win64; x64) AppleWebKit/537.36 (KHTML, like Gecko) Chrome/151.0.0.0 Safari/537.36
[2026-08-27T17:48:09.955Z] [LOG] [HTTP-REQUEST] GET /workflow/state 304 - 2ms - Role: Travel Partner - IP: 127.0.0.1 - UA: Mozilla/5.0 (Windows NT 10.0; Win64; x64) AppleWebKit/537.36 (KHTML, like Gecko) Chrome/151.0.0.0 Safari/537.36
[2026-08-27T17:48:24.478Z] [HEARTBEAT] Log sync check. Status: OK
[2026-08-27T17:48:24.982Z] [LOG] [HTTP-REQUEST] GET /workflow/state 304 - 4ms - Role: Vendor - IP: 127.0.0.1 - UA: Mozilla/5.0 (Windows NT 10.0; Win64; x64) AppleWebKit/537.36 (KHTML, like Gecko) Chrome/151.0.0.0 Safari/537.36
[2026-08-27T17:48:24.994Z] [LOG] [HTTP-REQUEST] GET /workflow/state 304 - 6ms - Role: Support Executive - IP: 127.0.0.1 - UA: Mozilla/5.0 (Windows NT 10.0; Win64; x64) AppleWebKit/537.36 (KHTML, like Gecko) Chrome/151.0.0.0 Safari/537.36
[2026-08-27T17:48:25.001Z] [LOG] [HTTP-REQUEST] GET /workflow/state 304 - 2ms - Role: Traveler - IP: 127.0.0.1 - UA: Mozilla/5.0 (Windows NT 10.0; Win64; x64) AppleWebKit/537.36 (KHTML, like Gecko) Chrome/151.0.0.0 Safari/537.36
[2026-08-27T17:48:25.009Z] [LOG] [HTTP-REQUEST] GET /workflow/state 304 - 4ms - Role: Tour Guide - IP: 127.0.0.1 - UA: Mozilla/5.0 (Windows NT 10.0; Win64; x64) AppleWebKit/537.36 (KHTML, like Gecko) Chrome/151.0.0.0 Safari/537.36
[2026-08-27T17:48:39.488Z] [HEARTBEAT] Log sync check. Status: OK
[2026-08-27T17:48:40.016Z] [LOG] [HTTP-REQUEST] GET /workflow/state 304 - 4ms - Role: Vendor - IP: 127.0.0.1 - UA: Mozilla/5.0 (Windows NT 10.0; Win64; x64) AppleWebKit/537.36 (KHTML, like Gecko) Chrome/151.0.0.0 Safari/537.36
[2026-08-27T17:48:40.023Z] [LOG] [HTTP-REQUEST] GET /workflow/state 304 - 3ms - Role: Support Executive - IP: 127.0.0.1 - UA: Mozilla/5.0 (Windows NT 10.0; Win64; x64) AppleWebKit/537.36 (KHTML, like Gecko) Chrome/151.0.0.0 Safari/537.36
[2026-08-27T17:48:40.031Z] [LOG] [HTTP-REQUEST] GET /workflow/state 304 - 2ms - Role: Traveler - IP: 127.0.0.1 - UA: Mozilla/5.0 (Windows NT 10.0; Win64; x64) AppleWebKit/537.36 (KHTML, like Gecko) Chrome/151.0.0.0 Safari/537.36
[2026-08-27T17:48:40.036Z] [LOG] [HTTP-REQUEST] GET /workflow/state 304 - 2ms - Role: Tour Guide - IP: 127.0.0.1 - UA: Mozilla/5.0 (Windows NT 10.0; Win64; x64) AppleWebKit/537.36 (KHTML, like Gecko) Chrome/151.0.0.0 Safari/537.36
[2026-08-27T17:48:54.491Z] [HEARTBEAT] Log sync check. Status: OK
[2026-08-27T17:48:54.818Z] [LOG] [HTTP-REQUEST] GET /workflow/state 304 - 2ms - Role: Traveler - IP: 127.0.0.1 - UA: Mozilla/5.0 (Windows NT 10.0; Win64; x64) AppleWebKit/537.36 (KHTML, like Gecko) Chrome/151.0.0.0 Safari/537.36
[2026-08-27T17:48:54.824Z] [LOG] [HTTP-REQUEST] GET /workflow/state 304 - 2ms - Role: Support Executive - IP: 127.0.0.1 - UA: Mozilla/5.0 (Windows NT 10.0; Win64; x64) AppleWebKit/537.36 (KHTML, like Gecko) Chrome/151.0.0.0 Safari/537.36
[2026-08-27T17:49:09.498Z] [HEARTBEAT] Log sync check. Status: OK
[2026-08-27T17:49:09.737Z] [LOG] [HTTP-REQUEST] GET /workflow/state 304 - 3ms - Role: Traveler - IP: 127.0.0.1 - UA: Mozilla/5.0 (Windows NT 10.0; Win64; x64) AppleWebKit/537.36 (KHTML, like Gecko) Chrome/151.0.0.0 Safari/537.36
[2026-08-27T17:49:24.500Z] [HEARTBEAT] Log sync check. Status: OK
[2026-08-27T17:49:24.729Z] [LOG] [HTTP-REQUEST] GET /workflow/state 304 - 1ms - Role: Traveler - IP: 127.0.0.1 - UA: Mozilla/5.0 (Windows NT 10.0; Win64; x64) AppleWebKit/537.36 (KHTML, like Gecko) Chrome/151.0.0.0 Safari/537.36
[2026-08-27T17:49:39.509Z] [HEARTBEAT] Log sync check. Status: OK
[2026-08-27T17:49:39.749Z] [LOG] [HTTP-REQUEST] GET /workflow/state 304 - 1ms - Role: Traveler - IP: 127.0.0.1 - UA: Mozilla/5.0 (Windows NT 10.0; Win64; x64) AppleWebKit/537.36 (KHTML, like Gecko) Chrome/151.0.0.0 Safari/537.36
[2026-08-27T17:49:54.518Z] [HEARTBEAT] Log sync check. Status: OK
[2026-08-27T17:49:54.775Z] [LOG] [HTTP-REQUEST] GET /workflow/state 304 - 2ms - Role: Traveler - IP: 127.0.0.1 - UA: Mozilla/5.0 (Windows NT 10.0; Win64; x64) AppleWebKit/537.36 (KHTML, like Gecko) Chrome/151.0.0.0 Safari/537.36
[2026-08-27T17:50:09.524Z] [HEARTBEAT] Log sync check. Status: OK
[2026-08-27T17:50:09.698Z] [LOG] [HTTP-REQUEST] GET /workflow/state 304 - 2ms - Role: Traveler - IP: 127.0.0.1 - UA: Mozilla/5.0 (Windows NT 10.0; Win64; x64) AppleWebKit/537.36 (KHTML, like Gecko) Chrome/151.0.0.0 Safari/537.36
[2026-08-27T17:50:24.530Z] [HEARTBEAT] Log sync check. Status: OK
[2026-08-27T17:50:24.766Z] [LOG] [HTTP-REQUEST] GET /workflow/state 304 - 2ms - Role: Traveler - IP: 127.0.0.1 - UA: Mozilla/5.0 (Windows NT 10.0; Win64; x64) AppleWebKit/537.36 (KHTML, like Gecko) Chrome/151.0.0.0 Safari/537.36
[2026-08-27T17:50:35.663Z] [WARN] [HTTP-REQUEST] POST /upload 401 - 6ms - Role: Anonymous - IP: 127.0.0.1 - UA: Mozilla/5.0 (Windows NT 10.0; Win64; x64) AppleWebKit/537.36 (KHTML, like Gecko) Chrome/151.0.0.0 Safari/537.36
[2026-08-27T17:50:35.898Z] [LOG] [HTTP-REQUEST] GET /workflow/state 304 - 1ms - Role: Traveler - IP: 127.0.0.1 - UA: Mozilla/5.0 (Windows NT 10.0; Win64; x64) AppleWebKit/537.36 (KHTML, like Gecko) Chrome/151.0.0.0 Safari/537.36
[2026-08-27T17:50:39.531Z] [HEARTBEAT] Log sync check. Status: OK
[2026-08-27T17:50:39.802Z] [LOG] [HTTP-REQUEST] GET /workflow/state 304 - 3ms - Role: Traveler - IP: 127.0.0.1 - UA: Mozilla/5.0 (Windows NT 10.0; Win64; x64) AppleWebKit/537.36 (KHTML, like Gecko) Chrome/151.0.0.0 Safari/537.36
[2026-08-27T17:50:54.543Z] [HEARTBEAT] Log sync check. Status: OK
[2026-08-27T17:50:54.703Z] [LOG] [HTTP-REQUEST] GET /workflow/state 304 - 1ms - Role: Traveler - IP: 127.0.0.1 - UA: Mozilla/5.0 (Windows NT 10.0; Win64; x64) AppleWebKit/537.36 (KHTML, like Gecko) Chrome/151.0.0.0 Safari/537.36
[2026-08-27T17:50:56.664Z] [LOG] [HTTP-REQUEST] GET /workflow/state 304 - 2ms - Role: Traveler - IP: 127.0.0.1 - UA: Mozilla/5.0 (Windows NT 10.0; Win64; x64) AppleWebKit/537.36 (KHTML, like Gecko) Chrome/151.0.0.0 Safari/537.36
[2026-08-27T17:51:09.554Z] [HEARTBEAT] Log sync check. Status: OK
[2026-08-27T17:51:09.780Z] [LOG] [HTTP-REQUEST] GET /workflow/state 304 - 1ms - Role: Vendor - IP: 127.0.0.1 - UA: Mozilla/5.0 (Windows NT 10.0; Win64; x64) AppleWebKit/537.36 (KHTML, like Gecko) Chrome/151.0.0.0 Safari/537.36
[2026-08-27T17:51:09.799Z] [LOG] [HTTP-REQUEST] GET /workflow/state 304 - 2ms - Role: Support Executive - IP: 127.0.0.1 - UA: Mozilla/5.0 (Windows NT 10.0; Win64; x64) AppleWebKit/537.36 (KHTML, like Gecko) Chrome/151.0.0.0 Safari/537.36
[2026-08-27T17:51:09.809Z] [LOG] [HTTP-REQUEST] GET /workflow/state 304 - 2ms - Role: Traveler - IP: 127.0.0.1 - UA: Mozilla/5.0 (Windows NT 10.0; Win64; x64) AppleWebKit/537.36 (KHTML, like Gecko) Chrome/151.0.0.0 Safari/537.36
[2026-08-27T17:51:24.563Z] [HEARTBEAT] Log sync check. Status: OK
[2026-08-27T17:51:24.856Z] [LOG] [HTTP-REQUEST] GET /workflow/state 304 - 2ms - Role: Traveler - IP: 127.0.0.1 - UA: Mozilla/5.0 (Windows NT 10.0; Win64; x64) AppleWebKit/537.36 (KHTML, like Gecko) Chrome/151.0.0.0 Safari/537.36
[2026-08-27T17:51:24.860Z] [LOG] [HTTP-REQUEST] GET /workflow/state 304 - 2ms - Role: Vendor - IP: 127.0.0.1 - UA: Mozilla/5.0 (Windows NT 10.0; Win64; x64) AppleWebKit/537.36 (KHTML, like Gecko) Chrome/151.0.0.0 Safari/537.36
[2026-08-27T17:51:24.863Z] [LOG] [HTTP-REQUEST] GET /workflow/state 304 - 2ms - Role: Support Executive - IP: 127.0.0.1 - UA: Mozilla/5.0 (Windows NT 10.0; Win64; x64) AppleWebKit/537.36 (KHTML, like Gecko) Chrome/151.0.0.0 Safari/537.36
[2026-08-27T17:51:31.210Z] [LOG] [HTTP-REQUEST] POST /auth/login 201 - 8ms - Role: Support Executive - IP: 127.0.0.1 - UA: Mozilla/5.0 (Windows NT 10.0; Win64; x64) AppleWebKit/537.36 (KHTML, like Gecko) Chrome/151.0.0.0 Safari/537.36
[2026-08-27T17:51:31.676Z] [LOG] [HTTP-REQUEST] GET /workflow/state 304 - 2ms - Role: Super User - IP: 127.0.0.1 - UA: Mozilla/5.0 (Windows NT 10.0; Win64; x64) AppleWebKit/537.36 (KHTML, like Gecko) Chrome/151.0.0.0 Safari/537.36
[2026-08-27T17:51:39.568Z] [HEARTBEAT] Log sync check. Status: OK
[2026-08-27T17:51:39.830Z] [LOG] [HTTP-REQUEST] GET /workflow/state 304 - 2ms - Role: Super User - IP: 127.0.0.1 - UA: Mozilla/5.0 (Windows NT 10.0; Win64; x64) AppleWebKit/537.36 (KHTML, like Gecko) Chrome/151.0.0.0 Safari/537.36
[2026-08-27T17:51:39.843Z] [LOG] [HTTP-REQUEST] GET /workflow/state 304 - 4ms - Role: Vendor - IP: 127.0.0.1 - UA: Mozilla/5.0 (Windows NT 10.0; Win64; x64) AppleWebKit/537.36 (KHTML, like Gecko) Chrome/151.0.0.0 Safari/537.36
[2026-08-27T17:51:39.847Z] [LOG] [HTTP-REQUEST] GET /workflow/state 304 - 2ms - Role: Support Executive - IP: 127.0.0.1 - UA: Mozilla/5.0 (Windows NT 10.0; Win64; x64) AppleWebKit/537.36 (KHTML, like Gecko) Chrome/151.0.0.0 Safari/537.36
[2026-08-27T17:51:39.853Z] [LOG] [HTTP-REQUEST] GET /workflow/state 304 - 1ms - Role: Traveler - IP: 127.0.0.1 - UA: Mozilla/5.0 (Windows NT 10.0; Win64; x64) AppleWebKit/537.36 (KHTML, like Gecko) Chrome/151.0.0.0 Safari/537.36
[2026-08-27T17:51:43.005Z] [LOG] [HTTP-REQUEST] GET /workflow/state 304 - 2ms - Role: Super User - IP: 127.0.0.1 - UA: Mozilla/5.0 (Windows NT 10.0; Win64; x64) AppleWebKit/537.36 (KHTML, like Gecko) Chrome/151.0.0.0 Safari/537.36
[2026-08-27T17:51:43.008Z] [LOG] [AdminAuditMiddleware] ADMIN-AUDIT | 2026-08-27T17:51:43.008Z | GET /users | Role: Super User | User: superadmin@gmail.com | IP: 127.0.0.1
[2026-08-27T17:51:43.010Z] [LOG] [HTTP-REQUEST] GET /users 304 - 3ms - Role: Super User - IP: 127.0.0.1 - UA: Mozilla/5.0 (Windows NT 10.0; Win64; x64) AppleWebKit/537.36 (KHTML, like Gecko) Chrome/151.0.0.0 Safari/537.36
[2026-08-27T17:51:45.577Z] [LOG] [HTTP-REQUEST] GET /trips 200 - 2ms - Role: Super User - IP: 127.0.0.1 - UA: Mozilla/5.0 (Windows NT 10.0; Win64; x64) AppleWebKit/537.36 (KHTML, like Gecko) Chrome/151.0.0.0 Safari/537.36
[2026-08-27T17:51:45.580Z] [LOG] [HTTP-REQUEST] GET /workflow/state 304 - 2ms - Role: Super User - IP: 127.0.0.1 - UA: Mozilla/5.0 (Windows NT 10.0; Win64; x64) AppleWebKit/537.36 (KHTML, like Gecko) Chrome/151.0.0.0 Safari/537.36
[2026-08-27T17:51:53.570Z] [LOG] [HTTP-REQUEST] DELETE /trips/TRIP-5 200 - 6ms - Role: Super User - IP: 127.0.0.1 - UA: Mozilla/5.0 (Windows NT 10.0; Win64; x64) AppleWebKit/537.36 (KHTML, like Gecko) Chrome/151.0.0.0 Safari/537.36
[2026-08-27T17:51:53.581Z] [LOG] [HTTP-REQUEST] GET /trips 200 - 0ms - Role: Super User - IP: 127.0.0.1 - UA: Mozilla/5.0 (Windows NT 10.0; Win64; x64) AppleWebKit/537.36 (KHTML, like Gecko) Chrome/151.0.0.0 Safari/537.36
[2026-08-27T17:51:53.804Z] [LOG] [HTTP-REQUEST] GET /trips 304 - 1ms - Role: Super User - IP: 127.0.0.1 - UA: Mozilla/5.0 (Windows NT 10.0; Win64; x64) AppleWebKit/537.36 (KHTML, like Gecko) Chrome/151.0.0.0 Safari/537.36
[2026-08-27T17:51:53.815Z] [LOG] [HTTP-REQUEST] GET /workflow/state 200 - 4ms - Role: Super User - IP: 127.0.0.1 - UA: Mozilla/5.0 (Windows NT 10.0; Win64; x64) AppleWebKit/537.36 (KHTML, like Gecko) Chrome/151.0.0.0 Safari/537.36
[2026-08-27T17:51:53.822Z] [LOG] [HTTP-REQUEST] GET /workflow/state 304 - 2ms - Role: Vendor - IP: 127.0.0.1 - UA: Mozilla/5.0 (Windows NT 10.0; Win64; x64) AppleWebKit/537.36 (KHTML, like Gecko) Chrome/151.0.0.0 Safari/537.36
[2026-08-27T17:51:53.825Z] [LOG] [HTTP-REQUEST] GET /workflow/state 304 - 1ms - Role: Traveler - IP: 127.0.0.1 - UA: Mozilla/5.0 (Windows NT 10.0; Win64; x64) AppleWebKit/537.36 (KHTML, like Gecko) Chrome/151.0.0.0 Safari/537.36
[2026-08-27T17:51:53.828Z] [LOG] [HTTP-REQUEST] GET /workflow/state 304 - 1ms - Role: Support Executive - IP: 127.0.0.1 - UA: Mozilla/5.0 (Windows NT 10.0; Win64; x64) AppleWebKit/537.36 (KHTML, like Gecko) Chrome/151.0.0.0 Safari/537.36
[2026-08-27T17:51:54.571Z] [HEARTBEAT] Log sync check. Status: OK
[2026-08-27T17:51:54.777Z] [LOG] [HTTP-REQUEST] GET /trips 304 - 0ms - Role: Super User - IP: 127.0.0.1 - UA: Mozilla/5.0 (Windows NT 10.0; Win64; x64) AppleWebKit/537.36 (KHTML, like Gecko) Chrome/151.0.0.0 Safari/537.36
[2026-08-27T17:51:54.781Z] [LOG] [HTTP-REQUEST] GET /workflow/state 304 - 2ms - Role: Super User - IP: 127.0.0.1 - UA: Mozilla/5.0 (Windows NT 10.0; Win64; x64) AppleWebKit/537.36 (KHTML, like Gecko) Chrome/151.0.0.0 Safari/537.36
[2026-08-27T17:51:54.795Z] [LOG] [HTTP-REQUEST] GET /workflow/state 304 - 3ms - Role: Vendor - IP: 127.0.0.1 - UA: Mozilla/5.0 (Windows NT 10.0; Win64; x64) AppleWebKit/537.36 (KHTML, like Gecko) Chrome/151.0.0.0 Safari/537.36
[2026-08-27T17:51:54.799Z] [LOG] [HTTP-REQUEST] GET /workflow/state 304 - 2ms - Role: Traveler - IP: 127.0.0.1 - UA: Mozilla/5.0 (Windows NT 10.0; Win64; x64) AppleWebKit/537.36 (KHTML, like Gecko) Chrome/151.0.0.0 Safari/537.36
[2026-08-27T17:51:54.802Z] [LOG] [HTTP-REQUEST] GET /workflow/state 304 - 2ms - Role: Support Executive - IP: 127.0.0.1 - UA: Mozilla/5.0 (Windows NT 10.0; Win64; x64) AppleWebKit/537.36 (KHTML, like Gecko) Chrome/151.0.0.0 Safari/537.36
[2026-08-27T17:52:01.838Z] [LOG] [AdminAuditMiddleware] ADMIN-AUDIT | 2026-08-27T17:52:01.838Z | GET /users | Role: Super User | User: superadmin@gmail.com | IP: 127.0.0.1
[2026-08-27T17:52:01.838Z] [LOG] [HTTP-REQUEST] GET /users 304 - 0ms - Role: Super User - IP: 127.0.0.1 - UA: Mozilla/5.0 (Windows NT 10.0; Win64; x64) AppleWebKit/537.36 (KHTML, like Gecko) Chrome/151.0.0.0 Safari/537.36
[2026-08-27T17:52:03.003Z] [LOG] [AdminAuditMiddleware] ADMIN-AUDIT | 2026-08-27T17:52:03.003Z | GET /users | Role: Super User | User: superadmin@gmail.com | IP: 127.0.0.1
[2026-08-27T17:52:03.004Z] [LOG] [HTTP-REQUEST] GET /users 304 - 1ms - Role: Super User - IP: 127.0.0.1 - UA: Mozilla/5.0 (Windows NT 10.0; Win64; x64) AppleWebKit/537.36 (KHTML, like Gecko) Chrome/151.0.0.0 Safari/537.36
[2026-08-27T17:52:09.574Z] [HEARTBEAT] Log sync check. Status: OK
[2026-08-27T17:52:09.831Z] [LOG] [HTTP-REQUEST] GET /workflow/state 304 - 4ms - Role: Vendor - IP: 127.0.0.1 - UA: Mozilla/5.0 (Windows NT 10.0; Win64; x64) AppleWebKit/537.36 (KHTML, like Gecko) Chrome/151.0.0.0 Safari/537.36
[2026-08-27T17:52:09.851Z] [LOG] [HTTP-REQUEST] GET /workflow/state 304 - 2ms - Role: Support Executive - IP: 127.0.0.1 - UA: Mozilla/5.0 (Windows NT 10.0; Win64; x64) AppleWebKit/537.36 (KHTML, like Gecko) Chrome/151.0.0.0 Safari/537.36
[2026-08-27T17:52:09.854Z] [LOG] [HTTP-REQUEST] GET /workflow/state 304 - 1ms - Role: Traveler - IP: 127.0.0.1 - UA: Mozilla/5.0 (Windows NT 10.0; Win64; x64) AppleWebKit/537.36 (KHTML, like Gecko) Chrome/151.0.0.0 Safari/537.36
[2026-08-27T17:52:09.858Z] [LOG] [HTTP-REQUEST] GET /workflow/state 304 - 1ms - Role: Travel Partner - IP: 127.0.0.1 - UA: Mozilla/5.0 (Windows NT 10.0; Win64; x64) AppleWebKit/537.36 (KHTML, like Gecko) Chrome/151.0.0.0 Safari/537.36
[2026-08-27T17:52:09.861Z] [LOG] [HTTP-REQUEST] GET /workflow/state 304 - 2ms - Role: Tour Guide - IP: 127.0.0.1 - UA: Mozilla/5.0 (Windows NT 10.0; Win64; x64) AppleWebKit/537.36 (KHTML, like Gecko) Chrome/151.0.0.0 Safari/537.36
[2026-08-27T17:52:12.959Z] [LOG] [HTTP-REQUEST] GET /workflow/state 304 - 2ms - Role: Traveler - IP: 127.0.0.1 - UA: Mozilla/5.0 (Windows NT 10.0; Win64; x64) AppleWebKit/537.36 (KHTML, like Gecko) Chrome/151.0.0.0 Safari/537.36
[2026-08-27T17:52:22.184Z] [LOG] [HTTP-REQUEST] GET /workflow/state 304 - 1ms - Role: Support Executive - IP: 127.0.0.1 - UA: Mozilla/5.0 (Windows NT 10.0; Win64; x64) AppleWebKit/537.36 (KHTML, like Gecko) Chrome/151.0.0.0 Safari/537.36
[2026-08-27T17:52:24.579Z] [HEARTBEAT] Log sync check. Status: OK
[2026-08-27T17:52:24.790Z] [LOG] [HTTP-REQUEST] GET /workflow/state 304 - 1ms - Role: Support Executive - IP: 127.0.0.1 - UA: Mozilla/5.0 (Windows NT 10.0; Win64; x64) AppleWebKit/537.36 (KHTML, like Gecko) Chrome/151.0.0.0 Safari/537.36
[2026-08-27T17:52:24.809Z] [LOG] [HTTP-REQUEST] GET /workflow/state 304 - 1ms - Role: Traveler - IP: 127.0.0.1 - UA: Mozilla/5.0 (Windows NT 10.0; Win64; x64) AppleWebKit/537.36 (KHTML, like Gecko) Chrome/151.0.0.0 Safari/537.36
[2026-08-27T17:52:24.812Z] [LOG] [HTTP-REQUEST] GET /workflow/state 304 - 1ms - Role: Vendor - IP: 127.0.0.1 - UA: Mozilla/5.0 (Windows NT 10.0; Win64; x64) AppleWebKit/537.36 (KHTML, like Gecko) Chrome/151.0.0.0 Safari/537.36
[2026-08-27T17:52:24.816Z] [LOG] [HTTP-REQUEST] GET /workflow/state 304 - 2ms - Role: Tour Guide - IP: 127.0.0.1 - UA: Mozilla/5.0 (Windows NT 10.0; Win64; x64) AppleWebKit/537.36 (KHTML, like Gecko) Chrome/151.0.0.0 Safari/537.36
[2026-08-27T17:52:24.821Z] [LOG] [HTTP-REQUEST] GET /workflow/state 304 - 2ms - Role: Travel Partner - IP: 127.0.0.1 - UA: Mozilla/5.0 (Windows NT 10.0; Win64; x64) AppleWebKit/537.36 (KHTML, like Gecko) Chrome/151.0.0.0 Safari/537.36
[2026-08-27T17:52:29.807Z] [LOG] [HTTP-REQUEST] GET /workflow/state 304 - 2ms - Role: Support Executive - IP: 127.0.0.1 - UA: Mozilla/5.0 (Windows NT 10.0; Win64; x64) AppleWebKit/537.36 (KHTML, like Gecko) Chrome/151.0.0.0 Safari/537.36
[2026-08-27T17:52:39.583Z] [HEARTBEAT] Log sync check. Status: OK
[2026-08-27T17:52:39.989Z] [LOG] [HTTP-REQUEST] GET /workflow/state 304 - 2ms - Role: Vendor - IP: 127.0.0.1 - UA: Mozilla/5.0 (Windows NT 10.0; Win64; x64) AppleWebKit/537.36 (KHTML, like Gecko) Chrome/151.0.0.0 Safari/537.36
[2026-08-27T17:52:39.994Z] [LOG] [HTTP-REQUEST] GET /workflow/state 304 - 1ms - Role: Traveler - IP: 127.0.0.1 - UA: Mozilla/5.0 (Windows NT 10.0; Win64; x64) AppleWebKit/537.36 (KHTML, like Gecko) Chrome/151.0.0.0 Safari/537.36
[2026-08-27T17:52:39.996Z] [LOG] [HTTP-REQUEST] GET /workflow/state 304 - 1ms - Role: Support Executive - IP: 127.0.0.1 - UA: Mozilla/5.0 (Windows NT 10.0; Win64; x64) AppleWebKit/537.36 (KHTML, like Gecko) Chrome/151.0.0.0 Safari/537.36
[2026-08-27T17:52:39.998Z] [LOG] [HTTP-REQUEST] GET /workflow/state 304 - 1ms - Role: Tour Guide - IP: 127.0.0.1 - UA: Mozilla/5.0 (Windows NT 10.0; Win64; x64) AppleWebKit/537.36 (KHTML, like Gecko) Chrome/151.0.0.0 Safari/537.36
[2026-08-27T17:52:40.001Z] [LOG] [HTTP-REQUEST] GET /workflow/state 304 - 1ms - Role: Travel Partner - IP: 127.0.0.1 - UA: Mozilla/5.0 (Windows NT 10.0; Win64; x64) AppleWebKit/537.36 (KHTML, like Gecko) Chrome/151.0.0.0 Safari/537.36
[2026-08-27T17:52:54.589Z] [HEARTBEAT] Log sync check. Status: OK
[2026-08-27T17:52:55.095Z] [LOG] [HTTP-REQUEST] GET /workflow/state 304 - 3ms - Role: Traveler - IP: 127.0.0.1 - UA: Mozilla/5.0 (Windows NT 10.0; Win64; x64) AppleWebKit/537.36 (KHTML, like Gecko) Chrome/151.0.0.0 Safari/537.36
[2026-08-27T17:52:55.131Z] [LOG] [HTTP-REQUEST] GET /workflow/state 304 - 2ms - Role: Vendor - IP: 127.0.0.1 - UA: Mozilla/5.0 (Windows NT 10.0; Win64; x64) AppleWebKit/537.36 (KHTML, like Gecko) Chrome/151.0.0.0 Safari/537.36
[2026-08-27T17:52:55.146Z] [LOG] [HTTP-REQUEST] GET /workflow/state 304 - 2ms - Role: Tour Guide - IP: 127.0.0.1 - UA: Mozilla/5.0 (Windows NT 10.0; Win64; x64) AppleWebKit/537.36 (KHTML, like Gecko) Chrome/151.0.0.0 Safari/537.36
[2026-08-27T17:52:55.175Z] [LOG] [HTTP-REQUEST] GET /workflow/state 304 - 8ms - Role: Travel Partner - IP: 127.0.0.1 - UA: Mozilla/5.0 (Windows NT 10.0; Win64; x64) AppleWebKit/537.36 (KHTML, like Gecko) Chrome/151.0.0.0 Safari/537.36
[2026-08-27T17:52:55.184Z] [LOG] [HTTP-REQUEST] GET /workflow/state 304 - 1ms - Role: Support Executive - IP: 127.0.0.1 - UA: Mozilla/5.0 (Windows NT 10.0; Win64; x64) AppleWebKit/537.36 (KHTML, like Gecko) Chrome/151.0.0.0 Safari/537.36
[2026-08-27T17:53:09.604Z] [HEARTBEAT] Log sync check. Status: OK
[2026-08-27T17:53:10.129Z] [LOG] [HTTP-REQUEST] GET /workflow/state 304 - 1ms - Role: Vendor - IP: 127.0.0.1 - UA: Mozilla/5.0 (Windows NT 10.0; Win64; x64) AppleWebKit/537.36 (KHTML, like Gecko) Chrome/151.0.0.0 Safari/537.36
[2026-08-27T17:53:10.165Z] [LOG] [HTTP-REQUEST] GET /workflow/state 304 - 2ms - Role: Support Executive - IP: 127.0.0.1 - UA: Mozilla/5.0 (Windows NT 10.0; Win64; x64) AppleWebKit/537.36 (KHTML, like Gecko) Chrome/151.0.0.0 Safari/537.36
[2026-08-27T17:53:10.170Z] [LOG] [HTTP-REQUEST] GET /workflow/state 304 - 2ms - Role: Tour Guide - IP: 127.0.0.1 - UA: Mozilla/5.0 (Windows NT 10.0; Win64; x64) AppleWebKit/537.36 (KHTML, like Gecko) Chrome/151.0.0.0 Safari/537.36
[2026-08-27T17:53:10.174Z] [LOG] [HTTP-REQUEST] GET /workflow/state 304 - 2ms - Role: Traveler - IP: 127.0.0.1 - UA: Mozilla/5.0 (Windows NT 10.0; Win64; x64) AppleWebKit/537.36 (KHTML, like Gecko) Chrome/151.0.0.0 Safari/537.36
[2026-08-27T17:53:10.177Z] [LOG] [HTTP-REQUEST] GET /workflow/state 304 - 1ms - Role: Travel Partner - IP: 127.0.0.1 - UA: Mozilla/5.0 (Windows NT 10.0; Win64; x64) AppleWebKit/537.36 (KHTML, like Gecko) Chrome/151.0.0.0 Safari/537.36
[2026-08-27T17:53:24.615Z] [HEARTBEAT] Log sync check. Status: OK
[2026-08-27T17:53:25.187Z] [LOG] [HTTP-REQUEST] GET /workflow/state 304 - 2ms - Role: Traveler - IP: 127.0.0.1 - UA: Mozilla/5.0 (Windows NT 10.0; Win64; x64) AppleWebKit/537.36 (KHTML, like Gecko) Chrome/151.0.0.0 Safari/537.36
[2026-08-27T17:53:25.199Z] [LOG] [HTTP-REQUEST] GET /workflow/state 304 - 2ms - Role: Vendor - IP: 127.0.0.1 - UA: Mozilla/5.0 (Windows NT 10.0; Win64; x64) AppleWebKit/537.36 (KHTML, like Gecko) Chrome/151.0.0.0 Safari/537.36
[2026-08-27T17:53:25.216Z] [LOG] [HTTP-REQUEST] GET /workflow/state 304 - 2ms - Role: Tour Guide - IP: 127.0.0.1 - UA: Mozilla/5.0 (Windows NT 10.0; Win64; x64) AppleWebKit/537.36 (KHTML, like Gecko) Chrome/151.0.0.0 Safari/537.36
[2026-08-27T17:53:25.226Z] [LOG] [HTTP-REQUEST] GET /workflow/state 304 - 1ms - Role: Support Executive - IP: 127.0.0.1 - UA: Mozilla/5.0 (Windows NT 10.0; Win64; x64) AppleWebKit/537.36 (KHTML, like Gecko) Chrome/151.0.0.0 Safari/537.36
[2026-08-27T17:53:25.230Z] [LOG] [HTTP-REQUEST] GET /workflow/state 304 - 2ms - Role: Travel Partner - IP: 127.0.0.1 - UA: Mozilla/5.0 (Windows NT 10.0; Win64; x64) AppleWebKit/537.36 (KHTML, like Gecko) Chrome/151.0.0.0 Safari/537.36
[2026-08-27T17:53:27.234Z] [LOG] [HTTP-REQUEST] GET /workflow/state 200 - 2ms - Role: Traveler - IP: 127.0.0.1 - UA: Mozilla/5.0 (Windows NT 10.0; Win64; x64) AppleWebKit/537.36 (KHTML, like Gecko) Chrome/151.0.0.0 Safari/537.36
[2026-08-27T17:53:35.882Z] [WARN] [HTTP-REQUEST] POST /upload 401 - 11ms - Role: Anonymous - IP: 127.0.0.1 - UA: Mozilla/5.0 (Windows NT 10.0; Win64; x64) AppleWebKit/537.36 (KHTML, like Gecko) Chrome/151.0.0.0 Safari/537.36
[2026-08-27T17:53:36.565Z] [LOG] [HTTP-REQUEST] GET /workflow/state 304 - 6ms - Role: Traveler - IP: 127.0.0.1 - UA: Mozilla/5.0 (Windows NT 10.0; Win64; x64) AppleWebKit/537.36 (KHTML, like Gecko) Chrome/151.0.0.0 Safari/537.36
[2026-08-27T17:53:36.608Z] [LOG] [HTTP-REQUEST] GET /workflow/state 304 - 10ms - Role: Vendor - IP: 127.0.0.1 - UA: Mozilla/5.0 (Windows NT 10.0; Win64; x64) AppleWebKit/537.36 (KHTML, like Gecko) Chrome/151.0.0.0 Safari/537.36
[2026-08-27T17:53:36.615Z] [LOG] [HTTP-REQUEST] GET /workflow/state 304 - 2ms - Role: Travel Partner - IP: 127.0.0.1 - UA: Mozilla/5.0 (Windows NT 10.0; Win64; x64) AppleWebKit/537.36 (KHTML, like Gecko) Chrome/151.0.0.0 Safari/537.36
[2026-08-27T17:53:36.630Z] [LOG] [HTTP-REQUEST] GET /workflow/state 304 - 2ms - Role: Tour Guide - IP: 127.0.0.1 - UA: Mozilla/5.0 (Windows NT 10.0; Win64; x64) AppleWebKit/537.36 (KHTML, like Gecko) Chrome/151.0.0.0 Safari/537.36
[2026-08-27T17:53:36.635Z] [LOG] [HTTP-REQUEST] GET /workflow/state 304 - 3ms - Role: Support Executive - IP: 127.0.0.1 - UA: Mozilla/5.0 (Windows NT 10.0; Win64; x64) AppleWebKit/537.36 (KHTML, like Gecko) Chrome/151.0.0.0 Safari/537.36
[2026-08-27T17:53:37.602Z] [LOG] [HTTP-REQUEST] GET /workflow/state 304 - 4ms - Role: Tour Guide - IP: 127.0.0.1 - UA: Mozilla/5.0 (Windows NT 10.0; Win64; x64) AppleWebKit/537.36 (KHTML, like Gecko) Chrome/151.0.0.0 Safari/537.36
[2026-08-27T17:53:37.850Z] [LOG] [HTTP-REQUEST] GET /workflow/state 304 - 2ms - Role: Travel Partner - IP: 127.0.0.1 - UA: Mozilla/5.0 (Windows NT 10.0; Win64; x64) AppleWebKit/537.36 (KHTML, like Gecko) Chrome/151.0.0.0 Safari/537.36
[2026-08-27T17:53:38.165Z] [LOG] [HTTP-REQUEST] GET /workflow/state 304 - 2ms - Role: Vendor - IP: 127.0.0.1 - UA: Mozilla/5.0 (Windows NT 10.0; Win64; x64) AppleWebKit/537.36 (KHTML, like Gecko) Chrome/151.0.0.0 Safari/537.36
[2026-08-27T17:53:38.347Z] [LOG] [HTTP-REQUEST] GET /workflow/state 304 - 6ms - Role: Support Executive - IP: 127.0.0.1 - UA: Mozilla/5.0 (Windows NT 10.0; Win64; x64) AppleWebKit/537.36 (KHTML, like Gecko) Chrome/151.0.0.0 Safari/537.36
[2026-08-27T17:53:38.536Z] [LOG] [HTTP-REQUEST] GET /workflow/state 304 - 2ms - Role: Traveler - IP: 127.0.0.1 - UA: Mozilla/5.0 (Windows NT 10.0; Win64; x64) AppleWebKit/537.36 (KHTML, like Gecko) Chrome/151.0.0.0 Safari/537.36
[2026-08-27T17:53:39.619Z] [HEARTBEAT] Log sync check. Status: OK
[2026-08-27T17:53:40.276Z] [LOG] [HTTP-REQUEST] GET /workflow/state 304 - 3ms - Role: Vendor - IP: 127.0.0.1 - UA: Mozilla/5.0 (Windows NT 10.0; Win64; x64) AppleWebKit/537.36 (KHTML, like Gecko) Chrome/151.0.0.0 Safari/537.36
[2026-08-27T17:53:40.288Z] [LOG] [HTTP-REQUEST] GET /workflow/state 304 - 4ms - Role: Traveler - IP: 127.0.0.1 - UA: Mozilla/5.0 (Windows NT 10.0; Win64; x64) AppleWebKit/537.36 (KHTML, like Gecko) Chrome/151.0.0.0 Safari/537.36
[2026-08-27T17:53:40.333Z] [LOG] [HTTP-REQUEST] GET /workflow/state 304 - 8ms - Role: Travel Partner - IP: 127.0.0.1 - UA: Mozilla/5.0 (Windows NT 10.0; Win64; x64) AppleWebKit/537.36 (KHTML, like Gecko) Chrome/151.0.0.0 Safari/537.36
[2026-08-27T17:53:40.349Z] [LOG] [HTTP-REQUEST] GET /workflow/state 304 - 2ms - Role: Tour Guide - IP: 127.0.0.1 - UA: Mozilla/5.0 (Windows NT 10.0; Win64; x64) AppleWebKit/537.36 (KHTML, like Gecko) Chrome/151.0.0.0 Safari/537.36
[2026-08-27T17:53:40.367Z] [LOG] [HTTP-REQUEST] GET /workflow/state 304 - 3ms - Role: Support Executive - IP: 127.0.0.1 - UA: Mozilla/5.0 (Windows NT 10.0; Win64; x64) AppleWebKit/537.36 (KHTML, like Gecko) Chrome/151.0.0.0 Safari/537.36
[2026-08-27T17:53:54.620Z] [HEARTBEAT] Log sync check. Status: OK
[2026-08-27T17:53:54.909Z] [LOG] [HTTP-REQUEST] GET /workflow/state 304 - 1ms - Role: Vendor - IP: 127.0.0.1 - UA: Mozilla/5.0 (Windows NT 10.0; Win64; x64) AppleWebKit/537.36 (KHTML, like Gecko) Chrome/151.0.0.0 Safari/537.36
[2026-08-27T17:53:54.912Z] [LOG] [HTTP-REQUEST] GET /workflow/state 304 - 1ms - Role: Traveler - IP: 127.0.0.1 - UA: Mozilla/5.0 (Windows NT 10.0; Win64; x64) AppleWebKit/537.36 (KHTML, like Gecko) Chrome/151.0.0.0 Safari/537.36
[2026-08-27T17:53:54.915Z] [LOG] [HTTP-REQUEST] GET /workflow/state 304 - 1ms - Role: Tour Guide - IP: 127.0.0.1 - UA: Mozilla/5.0 (Windows NT 10.0; Win64; x64) AppleWebKit/537.36 (KHTML, like Gecko) Chrome/151.0.0.0 Safari/537.36
[2026-08-27T17:53:54.919Z] [LOG] [HTTP-REQUEST] GET /workflow/state 304 - 1ms - Role: Support Executive - IP: 127.0.0.1 - UA: Mozilla/5.0 (Windows NT 10.0; Win64; x64) AppleWebKit/537.36 (KHTML, like Gecko) Chrome/151.0.0.0 Safari/537.36
[2026-08-27T17:53:54.923Z] [LOG] [HTTP-REQUEST] GET /workflow/state 304 - 1ms - Role: Travel Partner - IP: 127.0.0.1 - UA: Mozilla/5.0 (Windows NT 10.0; Win64; x64) AppleWebKit/537.36 (KHTML, like Gecko) Chrome/151.0.0.0 Safari/537.36
[2026-08-27T17:54:09.626Z] [HEARTBEAT] Log sync check. Status: OK
[2026-08-27T17:54:09.964Z] [LOG] [HTTP-REQUEST] GET /workflow/state 304 - 1ms - Role: Traveler - IP: 127.0.0.1 - UA: Mozilla/5.0 (Windows NT 10.0; Win64; x64) AppleWebKit/537.36 (KHTML, like Gecko) Chrome/151.0.0.0 Safari/537.36
[2026-08-27T17:54:09.968Z] [LOG] [HTTP-REQUEST] GET /workflow/state 304 - 0ms - Role: Vendor - IP: 127.0.0.1 - UA: Mozilla/5.0 (Windows NT 10.0; Win64; x64) AppleWebKit/537.36 (KHTML, like Gecko) Chrome/151.0.0.0 Safari/537.36
[2026-08-27T17:54:09.973Z] [LOG] [HTTP-REQUEST] GET /workflow/state 304 - 1ms - Role: Tour Guide - IP: 127.0.0.1 - UA: Mozilla/5.0 (Windows NT 10.0; Win64; x64) AppleWebKit/537.36 (KHTML, like Gecko) Chrome/151.0.0.0 Safari/537.36
[2026-08-27T17:54:09.976Z] [LOG] [HTTP-REQUEST] GET /workflow/state 304 - 1ms - Role: Travel Partner - IP: 127.0.0.1 - UA: Mozilla/5.0 (Windows NT 10.0; Win64; x64) AppleWebKit/537.36 (KHTML, like Gecko) Chrome/151.0.0.0 Safari/537.36
[2026-08-27T17:54:09.978Z] [LOG] [HTTP-REQUEST] GET /workflow/state 304 - 1ms - Role: Support Executive - IP: 127.0.0.1 - UA: Mozilla/5.0 (Windows NT 10.0; Win64; x64) AppleWebKit/537.36 (KHTML, like Gecko) Chrome/151.0.0.0 Safari/537.36
[2026-08-27T17:54:24.632Z] [HEARTBEAT] Log sync check. Status: OK
[2026-08-27T17:54:25.081Z] [LOG] [HTTP-REQUEST] GET /workflow/state 304 - 2ms - Role: Traveler - IP: 127.0.0.1 - UA: Mozilla/5.0 (Windows NT 10.0; Win64; x64) AppleWebKit/537.36 (KHTML, like Gecko) Chrome/151.0.0.0 Safari/537.36
[2026-08-27T17:54:25.085Z] [LOG] [HTTP-REQUEST] GET /workflow/state 304 - 1ms - Role: Vendor - IP: 127.0.0.1 - UA: Mozilla/5.0 (Windows NT 10.0; Win64; x64) AppleWebKit/537.36 (KHTML, like Gecko) Chrome/151.0.0.0 Safari/537.36
[2026-08-27T17:54:25.091Z] [LOG] [HTTP-REQUEST] GET /workflow/state 304 - 1ms - Role: Support Executive - IP: 127.0.0.1 - UA: Mozilla/5.0 (Windows NT 10.0; Win64; x64) AppleWebKit/537.36 (KHTML, like Gecko) Chrome/151.0.0.0 Safari/537.36
[2026-08-27T17:54:25.096Z] [LOG] [HTTP-REQUEST] GET /workflow/state 304 - 1ms - Role: Travel Partner - IP: 127.0.0.1 - UA: Mozilla/5.0 (Windows NT 10.0; Win64; x64) AppleWebKit/537.36 (KHTML, like Gecko) Chrome/151.0.0.0 Safari/537.36
[2026-08-27T17:54:25.100Z] [LOG] [HTTP-REQUEST] GET /workflow/state 304 - 1ms - Role: Tour Guide - IP: 127.0.0.1 - UA: Mozilla/5.0 (Windows NT 10.0; Win64; x64) AppleWebKit/537.36 (KHTML, like Gecko) Chrome/151.0.0.0 Safari/537.36
[2026-08-27T17:54:30.691Z] [LOG] [HTTP-REQUEST] PUT /workflow/state 200 - 36ms - Role: Traveler - IP: 127.0.0.1 - UA: Mozilla/5.0 (Windows NT 10.0; Win64; x64) AppleWebKit/537.36 (KHTML, like Gecko) Chrome/151.0.0.0 Safari/537.36
[2026-08-27T17:54:30.925Z] [WARN] [HTTP-REQUEST] GET /favicon.ico 404 - 34ms - Role: Anonymous - IP: 127.0.0.1 - UA: Mozilla/5.0 (Windows NT 10.0; Win64; x64) AppleWebKit/537.36 (KHTML, like Gecko) Chrome/151.0.0.0 Safari/537.36
[2026-08-27T17:54:31.240Z] [LOG] [HTTP-REQUEST] GET /workflow/state 200 - 2ms - Role: Support Executive - IP: 127.0.0.1 - UA: Mozilla/5.0 (Windows NT 10.0; Win64; x64) AppleWebKit/537.36 (KHTML, like Gecko) Chrome/151.0.0.0 Safari/537.36
[2026-08-27T17:54:31.244Z] [LOG] [HTTP-REQUEST] GET /workflow/state 304 - 1ms - Role: Vendor - IP: 127.0.0.1 - UA: Mozilla/5.0 (Windows NT 10.0; Win64; x64) AppleWebKit/537.36 (KHTML, like Gecko) Chrome/151.0.0.0 Safari/537.36
[2026-08-27T17:54:31.254Z] [LOG] [HTTP-REQUEST] GET /workflow/state 304 - 3ms - Role: Traveler - IP: 127.0.0.1 - UA: Mozilla/5.0 (Windows NT 10.0; Win64; x64) AppleWebKit/537.36 (KHTML, like Gecko) Chrome/151.0.0.0 Safari/537.36
[2026-08-27T17:54:31.259Z] [LOG] [HTTP-REQUEST] GET /workflow/state 304 - 1ms - Role: Travel Partner - IP: 127.0.0.1 - UA: Mozilla/5.0 (Windows NT 10.0; Win64; x64) AppleWebKit/537.36 (KHTML, like Gecko) Chrome/151.0.0.0 Safari/537.36
[2026-08-27T17:54:31.262Z] [LOG] [HTTP-REQUEST] GET /workflow/state 304 - 1ms - Role: Tour Guide - IP: 127.0.0.1 - UA: Mozilla/5.0 (Windows NT 10.0; Win64; x64) AppleWebKit/537.36 (KHTML, like Gecko) Chrome/151.0.0.0 Safari/537.36
[2026-08-27T17:54:31.705Z] [LOG] [HTTP-REQUEST] GET /workflow/state 304 - 1ms - Role: Travel Partner - IP: 127.0.0.1 - UA: Mozilla/5.0 (Windows NT 10.0; Win64; x64) AppleWebKit/537.36 (KHTML, like Gecko) Chrome/151.0.0.0 Safari/537.36
[2026-08-27T17:54:31.777Z] [LOG] [HTTP-REQUEST] GET /workflow/state 304 - 1ms - Role: Vendor - IP: 127.0.0.1 - UA: Mozilla/5.0 (Windows NT 10.0; Win64; x64) AppleWebKit/537.36 (KHTML, like Gecko) Chrome/151.0.0.0 Safari/537.36
[2026-08-27T17:54:31.790Z] [LOG] [HTTP-REQUEST] GET /workflow/state 304 - 1ms - Role: Support Executive - IP: 127.0.0.1 - UA: Mozilla/5.0 (Windows NT 10.0; Win64; x64) AppleWebKit/537.36 (KHTML, like Gecko) Chrome/151.0.0.0 Safari/537.36
[2026-08-27T17:54:32.065Z] [LOG] [HTTP-REQUEST] GET /workflow/state 304 - 2ms - Role: Traveler - IP: 127.0.0.1 - UA: Mozilla/5.0 (Windows NT 10.0; Win64; x64) AppleWebKit/537.36 (KHTML, like Gecko) Chrome/151.0.0.0 Safari/537.36
[2026-08-27T17:54:39.620Z] [LOG] [HTTP-REQUEST] GET /workflow/state 304 - 2ms - Role: Support Executive - IP: 127.0.0.1 - UA: Mozilla/5.0 (Windows NT 10.0; Win64; x64) AppleWebKit/537.36 (KHTML, like Gecko) Chrome/151.0.0.0 Safari/537.36
[2026-08-27T17:54:39.646Z] [HEARTBEAT] Log sync check. Status: OK
[2026-08-27T17:54:39.920Z] [LOG] [HTTP-REQUEST] GET /workflow/state 304 - 2ms - Role: Vendor - IP: 127.0.0.1 - UA: Mozilla/5.0 (Windows NT 10.0; Win64; x64) AppleWebKit/537.36 (KHTML, like Gecko) Chrome/151.0.0.0 Safari/537.36
[2026-08-27T17:54:39.923Z] [LOG] [HTTP-REQUEST] GET /workflow/state 304 - 2ms - Role: Traveler - IP: 127.0.0.1 - UA: Mozilla/5.0 (Windows NT 10.0; Win64; x64) AppleWebKit/537.36 (KHTML, like Gecko) Chrome/151.0.0.0 Safari/537.36
[2026-08-27T17:54:39.932Z] [LOG] [HTTP-REQUEST] GET /workflow/state 304 - 2ms - Role: Travel Partner - IP: 127.0.0.1 - UA: Mozilla/5.0 (Windows NT 10.0; Win64; x64) AppleWebKit/537.36 (KHTML, like Gecko) Chrome/151.0.0.0 Safari/537.36
[2026-08-27T17:54:39.935Z] [LOG] [HTTP-REQUEST] GET /workflow/state 304 - 2ms - Role: Support Executive - IP: 127.0.0.1 - UA: Mozilla/5.0 (Windows NT 10.0; Win64; x64) AppleWebKit/537.36 (KHTML, like Gecko) Chrome/151.0.0.0 Safari/537.36
[2026-08-27T17:54:39.939Z] [LOG] [HTTP-REQUEST] GET /workflow/state 304 - 2ms - Role: Tour Guide - IP: 127.0.0.1 - UA: Mozilla/5.0 (Windows NT 10.0; Win64; x64) AppleWebKit/537.36 (KHTML, like Gecko) Chrome/151.0.0.0 Safari/537.36
[2026-08-27T17:54:54.657Z] [HEARTBEAT] Log sync check. Status: OK
[2026-08-27T17:54:54.915Z] [LOG] [HTTP-REQUEST] GET /workflow/state 304 - 2ms - Role: Support Executive - IP: 127.0.0.1 - UA: Mozilla/5.0 (Windows NT 10.0; Win64; x64) AppleWebKit/537.36 (KHTML, like Gecko) Chrome/151.0.0.0 Safari/537.36
[2026-08-27T17:54:54.939Z] [LOG] [HTTP-REQUEST] GET /workflow/state 304 - 1ms - Role: Vendor - IP: 127.0.0.1 - UA: Mozilla/5.0 (Windows NT 10.0; Win64; x64) AppleWebKit/537.36 (KHTML, like Gecko) Chrome/151.0.0.0 Safari/537.36
[2026-08-27T17:54:54.942Z] [LOG] [HTTP-REQUEST] GET /workflow/state 304 - 1ms - Role: Traveler - IP: 127.0.0.1 - UA: Mozilla/5.0 (Windows NT 10.0; Win64; x64) AppleWebKit/537.36 (KHTML, like Gecko) Chrome/151.0.0.0 Safari/537.36
[2026-08-27T17:54:54.947Z] [LOG] [HTTP-REQUEST] GET /workflow/state 304 - 1ms - Role: Tour Guide - IP: 127.0.0.1 - UA: Mozilla/5.0 (Windows NT 10.0; Win64; x64) AppleWebKit/537.36 (KHTML, like Gecko) Chrome/151.0.0.0 Safari/537.36
[2026-08-27T17:54:54.954Z] [LOG] [HTTP-REQUEST] GET /workflow/state 304 - 2ms - Role: Travel Partner - IP: 127.0.0.1 - UA: Mozilla/5.0 (Windows NT 10.0; Win64; x64) AppleWebKit/537.36 (KHTML, like Gecko) Chrome/151.0.0.0 Safari/537.36
[2026-08-27T17:55:09.662Z] [HEARTBEAT] Log sync check. Status: OK
